-- MySQL Administrator dump 1.4
--
-- ------------------------------------------------------
-- Server version	5.1.63-0ubuntu0.11.10.1


/*!40101 SET @OLD_CHARACTER_SET_CLIENT=@@CHARACTER_SET_CLIENT */;
/*!40101 SET @OLD_CHARACTER_SET_RESULTS=@@CHARACTER_SET_RESULTS */;
/*!40101 SET @OLD_COLLATION_CONNECTION=@@COLLATION_CONNECTION */;
/*!40101 SET NAMES utf8 */;

/*!40014 SET @OLD_UNIQUE_CHECKS=@@UNIQUE_CHECKS, UNIQUE_CHECKS=0 */;
/*!40014 SET @OLD_FOREIGN_KEY_CHECKS=@@FOREIGN_KEY_CHECKS, FOREIGN_KEY_CHECKS=0 */;
/*!40101 SET @OLD_SQL_MODE=@@SQL_MODE, SQL_MODE='NO_AUTO_VALUE_ON_ZERO' */;


--
-- Create schema agsi
--

CREATE DATABASE IF NOT EXISTS agsi;
USE agsi;

--
-- Definition of table `agsi`.`tbl_action`
--

DROP TABLE IF EXISTS `agsi`.`tbl_action`;
CREATE TABLE  `agsi`.`tbl_action` (
  `id` int(11) NOT NULL AUTO_INCREMENT,
  `title` varchar(255) NOT NULL,
  `comment` text,
  `subject` varchar(255) DEFAULT NULL,
  PRIMARY KEY (`id`)
) ENGINE=InnoDB AUTO_INCREMENT=5 DEFAULT CHARSET=utf8;

--
-- Dumping data for table `agsi`.`tbl_action`
--

/*!40000 ALTER TABLE `tbl_action` DISABLE KEYS */;
LOCK TABLES `tbl_action` WRITE;
INSERT INTO `agsi`.`tbl_action` VALUES  (1,'message_write',NULL,NULL),
 (2,'message_receive',NULL,NULL),
 (4,'video_premium','Access to Premium Videos',NULL);
UNLOCK TABLES;
/*!40000 ALTER TABLE `tbl_action` ENABLE KEYS */;


--
-- Definition of table `agsi`.`tbl_advertising_campaign`
--

DROP TABLE IF EXISTS `agsi`.`tbl_advertising_campaign`;
CREATE TABLE  `agsi`.`tbl_advertising_campaign` (
  `createtime` int(11) NOT NULL,
  `updatetime` int(11) NOT NULL,
  `start_time` int(11) NOT NULL,
  `end_time` int(11) DEFAULT NULL,
  `id` int(11) NOT NULL AUTO_INCREMENT,
  `status` tinyint(1) NOT NULL,
  `url_picture` varchar(255) NOT NULL,
  `url_link` varchar(255) DEFAULT NULL,
  `payment_date` int(11) NOT NULL,
  `payment_type` int(11) NOT NULL,
  `category` int(11) NOT NULL,
  `script` text CHARACTER SET utf8 NOT NULL,
  `mode` enum('image','text','script') CHARACTER SET utf8 NOT NULL,
  `sponsor` varchar(255) CHARACTER SET utf8 NOT NULL,
  `positions` varchar(255) CHARACTER SET utf8 NOT NULL,
  `countries` varchar(255) CHARACTER SET utf8 NOT NULL,
  `dimension` int(10) unsigned NOT NULL,
  `price` double(11,0) NOT NULL,
  `type` enum('period','scope') CHARACTER SET utf8 NOT NULL,
  `priority` enum('1','2','3','4','5') CHARACTER SET utf8 NOT NULL,
  `tags` varchar(255) CHARACTER SET utf8 NOT NULL,
  `title` varchar(255) CHARACTER SET utf8 NOT NULL,
  `text` text CHARACTER SET utf8 NOT NULL,
  `sponsor_id` int(11) NOT NULL,
  PRIMARY KEY (`id`)
) ENGINE=InnoDB AUTO_INCREMENT=27 DEFAULT CHARSET=latin1;

--
-- Dumping data for table `agsi`.`tbl_advertising_campaign`
--

/*!40000 ALTER TABLE `tbl_advertising_campaign` DISABLE KEYS */;
LOCK TABLES `tbl_advertising_campaign` WRITE;
INSERT INTO `agsi`.`tbl_advertising_campaign` VALUES  (1319044215,1319044215,1319044215,1546297200,6,1,'','http://www.',0,0,1,'<script type=\"text/javascript\" src=\"http://promo.vador.com/js/tc_loader.js\"></script><div><script type=\"text/javascript\">new tc_loader ({promo_id: 805775, promotool: \'BANNER\'});</script></div> ','script','','21','',0,0,'period','1','video porno,porno,sexe,tube porno,tube sexe,porno gratuit','Under Video 640x100','{\"title\":\"\",\"url_input\":\"\",\"line1\":\"\",\"line2\":\"\",\"line3\":\"\",\"visibleUrl\":\"\"}',13),
 (1319044280,1319044280,1319044215,1546297200,7,1,'','http://www.',0,0,1,'<script type=\"text/javascript\" src=\"http://promo.vador.com/js/promotool_referrer.js\"></script> \r\n<script type=\"text/javascript\" src=\"http://promo.vador.com/js/tc_loader.js\"></script><script type=\"text/javascript\">new tc_loader ({promo_id: 620894, promotool: \'DISCLAIMER\'});</script> ','script','','21','',0,0,'period','1','video porno,porno,sexe,tube porno,tube sexe,porno gratuit','Disclaimer','{\"title\":\"\",\"url_input\":\"\",\"line1\":\"\",\"line2\":\"\",\"line3\":\"\",\"visibleUrl\":\"\"}',14),
 (1319044333,1319044333,1319044215,1546297200,8,1,'','http://www.',0,0,1,'<script type=\"text/javascript\" src=\"http://promo.vador.com/js/tc_loader.js\"></script><script type=\"text/javascript\">new tc_loader ({promo_id: 625906, promotool: \'FAKE_MSN\'});</script> ','script','','21','',0,0,'period','1','video porno,porno,sexe,tube porno,tube sexe,porno gratuit','Infopop','{\"title\":\"\",\"url_input\":\"\",\"line1\":\"\",\"line2\":\"\",\"line3\":\"\",\"visibleUrl\":\"\"}',15),
 (1319044410,1319044410,1319044215,1546297200,9,1,'','http://www.',0,0,1,'<script type=\"text/javascript\" src=\"http://promo.vador.com/js/tc_loader.js\"></script><div><script type=\"text/javascript\">new tc_loader ({promo_id: 588154, promotool: \'BANNER\', width: 300, height: 250});</script></div> ','script','','21','',0,0,'period','1','video porno,porno,sexe,tube porno,tube sexe,porno gratuit','300x250','{\"title\":\"\",\"url_input\":\"\",\"line1\":\"\",\"line2\":\"\",\"line3\":\"\",\"visibleUrl\":\"\"}',16),
 (1319044503,1319044503,1319044215,1546297200,10,1,'','http://www.',0,0,1,'<script type=\"text/javascript\" src=\"http://promo.vador.com/js/tc_loader.js\"></script><div><script type=\"text/javascript\">new tc_loader ({promo_id: 588153, promotool: \'BANNER\', width: 120, height: 600});</script></div> ','script','','21','',0,0,'period','1','video porno,porno,sexe,tube porno,tube sexe,porno gratuit','120x600','{\"title\":\"\",\"url_input\":\"\",\"line1\":\"\",\"line2\":\"\",\"line3\":\"\",\"visibleUrl\":\"\"}',17),
 (1319044769,1319044769,1319044215,1546297200,11,1,'','http://www.',0,0,1,'<script type=\"text/javascript\" src=\"http://promo.vador.com/js/tc_loader.js\"></script><div><script type=\"text/javascript\">new tc_loader ({promo_id: 805786, promotool: \'BANNER\', width: 970, height: 45});</script></div>','script','','21','',0,0,'period','5','video porno,porno,sexe,tube porno,tube sexe,porno gratuit','970x45','{\"title\":\"\",\"url_input\":\"\",\"line1\":\"\",\"line2\":\"\",\"line3\":\"\",\"visibleUrl\":\"\"}',13),
 (1322296063,1322296063,1322348400,1546297200,14,1,'','http://www.',0,0,1,'<script type=\"text/javascript\" src=\"http://promo.vador.com/js/tc_loader.js\"></script><div><script type=\"text/javascript\">new tc_loader ({promo_id: 829605, promotool: \'MAILING_DESIGN\', width: 300, height: 250});</script></div> ','script','','21','',0,0,'period','5','porno,sexe,xxx','Preroll300x250','{\"title\":\"\",\"url_input\":\"\",\"line1\":\"\",\"line2\":\"\",\"line3\":\"\",\"visibleUrl\":\"\"}',13),
 (1324564245,1324564245,1324594800,1546297200,15,1,'','http://www.',0,0,1,'<script type=\"text/javascript\" src=\"http://promo.vador.com/js/tc_loader.js\"></script><div><script type=\"text/javascript\">new tc_loader ({promo_id: 857164, promotool: \'BANNER\', width: 728, height: 90});</script></div>','script','','21','',0,0,'period','1','video porno,porno,sexe,tube porno,tube sexe,porno gratuit','728x90','{\"title\":\"\",\"url_input\":\"\",\"line1\":\"\",\"line2\":\"\",\"line3\":\"\",\"visibleUrl\":\"\"}',13),
 (1324565354,1324565354,1324594800,1546297200,16,1,'','http://www.',0,0,1,'<script type=\"text/javascript\" src=\"http://promo.vador.com/js/tc_loader.js\"></script><div><script type=\"text/javascript\">new tc_loader ({promo_id: 860747, promotool: \'MAILING_DESIGN\', width: 980, height: 225});</script></div> ','script','','21','',0,0,'period','5','','Catcheur980x225','{\"title\":\"\",\"url_input\":\"\",\"line1\":\"\",\"line2\":\"\",\"line3\":\"\",\"visibleUrl\":\"\"}',13),
 (1324565504,1324565504,1324594800,1546297200,17,1,'','http://www.',0,0,1,'<script type=\"text/javascript\" src=\"http://promo.vador.com/js/tc_loader.js\"></script><div><script type=\"text/javascript\">new tc_loader ({promo_id: 860754, promotool: \'BANNER\', width: 250, height: 250});</script></div> ','script','','21','',0,0,'period','5','video porno,porno,sexe,tube porno,tube sexe,porno gratuit','250x250','{\"title\":\"\",\"url_input\":\"\",\"line1\":\"\",\"line2\":\"\",\"line3\":\"\",\"visibleUrl\":\"\"}',13),
 (1337335086,1337335086,1319044215,1388444400,18,1,'','http://www.',0,0,1,'<script type=\"text/javascript\"> \r\nnew tc_loader({ \r\n  promo_id: [1082001,1081140], \r\n  promotool: \'WALL_OF_THUMBS\', \r\n  niche: 19, \r\n  transparent: true, \r\n  bgcolor: \'#000000\' \r\n}); \r\n</script> \r\n<div id=\"promo_1082001\"></div>','script','','21','',0,0,'period','5','porno,sexe,xxx','mosaique2_300x250','{\"title\":\"\",\"url_input\":\"\",\"line1\":\"\",\"line2\":\"\",\"line3\":\"\",\"visibleUrl\":\"\"}',13),
 (1337335213,1337335213,1319044215,1403733600,19,1,'','http://www.',0,0,1,'<div id=\"promo_1081140\"></div>','script','','21','',0,0,'period','5','','mosaique3_footer','{\"title\":\"\",\"url_input\":\"\",\"line1\":\"\",\"line2\":\"\",\"line3\":\"\",\"visibleUrl\":\"\"}',13),
 (1337335280,1337335280,1319044215,1337896800,20,1,'','http://www.',0,0,1,'<script type=\"text/javascript\"> \r\nnew tc_loader({ \r\n  promo_id: [1081059,1081140], \r\n  promotool: \'WALL_OF_THUMBS\', \r\n  niche: 19, \r\n  transparent: true, \r\n  bgcolor: \'#000000\' \r\n}); \r\n</script> \r\n<div id=\"promo_1081059\"></div>\r\n','script','','21','',0,0,'period','5','porno,sexe,xxx','mosaique3_300x250','{\"title\":\"\",\"url_input\":\"\",\"line1\":\"\",\"line2\":\"\",\"line3\":\"\",\"visibleUrl\":\"\"}',13),
 (1338551757,1338551757,1319044215,1339624800,21,1,'','http://www.',0,0,1,'<script type=\"text/javascript\" src=\"http://promo.vador.com/js/tc_loader.js\"></script><div><script type=\"text/javascript\">new tc_loader ({promo_id: 1140161, promotool: \'BANNER\', width: 750, height: 150});</script></div> \r\n','script','','21','',0,0,'period','5','','bannieretop_reseau','',13),
 (1338552131,1338552131,1319044215,1402178400,22,1,'','http://www.',0,0,1,'<script type=\"text/javascript\" src=\"http://promo.vador.com/js/tc_loader.js\"></script><script type=\"text/javascript\">new tc_loader ({promo_id: 1140192, promotool: \'WALL_OF_THUMBS\'});</script><div id=\"promo_1140192\"></div> \r\n','script','','21','',0,0,'period','5','','mosaique4_footer','',13),
 (1340286383,1340286383,1368046800,2147483647,26,1,'','http://www.',1340280887,0,1,'','text','','21','',0,0,'period','1','','test ad1','{\"title\":\"titlu\",\"url_input\":\"www.url.com\",\"line1\":\"line1\",\"line2\":\"line 2\",\"line3\":\"line 3\",\"visibleUrl\":\"www.visibleurl.com\"}',1);
UNLOCK TABLES;
/*!40000 ALTER TABLE `tbl_advertising_campaign` ENABLE KEYS */;


--
-- Definition of table `agsi`.`tbl_advertising_category`
--

DROP TABLE IF EXISTS `agsi`.`tbl_advertising_category`;
CREATE TABLE  `agsi`.`tbl_advertising_category` (
  `id` int(11) NOT NULL AUTO_INCREMENT,
  `title` varchar(255) NOT NULL,
  `description` text,
  `dimension` varchar(255) NOT NULL,
  `price` double NOT NULL,
  `banner_type` int(11) NOT NULL,
  PRIMARY KEY (`id`)
) ENGINE=InnoDB AUTO_INCREMENT=8 DEFAULT CHARSET=latin1;

--
-- Dumping data for table `agsi`.`tbl_advertising_category`
--

/*!40000 ALTER TABLE `tbl_advertising_category` DISABLE KEYS */;
LOCK TABLES `tbl_advertising_category` WRITE;
INSERT INTO `agsi`.`tbl_advertising_category` VALUES  (1,'Alpha Test Tubes AGS','Alpha Test Tubes AGS','',0,0),
 (2,'categorie2','descriere categorie 2','',0,0),
 (3,'test1','descriere test','',0,0),
 (4,'Vod2',NULL,'',0,0),
 (5,'Vod','Video on demand ads','',0,0),
 (6,'Dating',NULL,'',0,0),
 (7,'Dating','Dating ads','',0,0);
UNLOCK TABLES;
/*!40000 ALTER TABLE `tbl_advertising_category` ENABLE KEYS */;


--
-- Definition of table `agsi`.`tbl_advertising_sponsor`
--

DROP TABLE IF EXISTS `agsi`.`tbl_advertising_sponsor`;
CREATE TABLE  `agsi`.`tbl_advertising_sponsor` (
  `id` int(11) NOT NULL AUTO_INCREMENT,
  `name` varchar(255) NOT NULL,
  `priority` enum('1','2','3','4','5') NOT NULL,
  `percent` tinyint(4) NOT NULL COMMENT 'what percent of the total ad views should be received by this sponsor',
  PRIMARY KEY (`id`)
) ENGINE=MyISAM AUTO_INCREMENT=18 DEFAULT CHARSET=latin1;

--
-- Dumping data for table `agsi`.`tbl_advertising_sponsor`
--

/*!40000 ALTER TABLE `tbl_advertising_sponsor` DISABLE KEYS */;
LOCK TABLES `tbl_advertising_sponsor` WRITE;
INSERT INTO `agsi`.`tbl_advertising_sponsor` VALUES  (17,'Wanacash Dating','1',2),
 (16,'Porn.fr','1',1),
 (15,'Wanacash','2',3),
 (14,'Payglad','4',2),
 (13,'Vador','5',1);
UNLOCK TABLES;
/*!40000 ALTER TABLE `tbl_advertising_sponsor` ENABLE KEYS */;


--
-- Definition of table `agsi`.`tbl_advertising_template`
--

DROP TABLE IF EXISTS `agsi`.`tbl_advertising_template`;
CREATE TABLE  `agsi`.`tbl_advertising_template` (
  `id` int(11) NOT NULL AUTO_INCREMENT,
  `name` varchar(255) NOT NULL,
  `template` text NOT NULL,
  `css` text NOT NULL,
  `position_id` int(11) NOT NULL,
  PRIMARY KEY (`id`)
) ENGINE=MyISAM AUTO_INCREMENT=4 DEFAULT CHARSET=latin1;

--
-- Dumping data for table `agsi`.`tbl_advertising_template`
--

/*!40000 ALTER TABLE `tbl_advertising_template` DISABLE KEYS */;
LOCK TABLES `tbl_advertising_template` WRITE;
INSERT INTO `agsi`.`tbl_advertising_template` VALUES  (1,'standard','{title}<br />\r\n{line1}<br />\r\n{line2}<br />\r\n{line3}<br />\r\n{visibleUrl}','p.my_class{\r\n}\r\np.thisclas45{\r\n}\r\n.thisclas45{\r\n}\r\n',4),
 (2,'standard2','<p>{title}</p>\r\n<p>{line1}</p>\r\n<p>{line2}</p>\r\n<p>{line3}</p>\r\n<p>{visibleUrl}</p>','.clasaMea{\r\ntext-decoration:underline;\r\n}\r\n.altaClasa{\r\nbackground-color:red;\r\n}',1);
UNLOCK TABLES;
/*!40000 ALTER TABLE `tbl_advertising_template` ENABLE KEYS */;


--
-- Definition of table `agsi`.`tbl_advertising_type`
--

DROP TABLE IF EXISTS `agsi`.`tbl_advertising_type`;
CREATE TABLE  `agsi`.`tbl_advertising_type` (
  `id` int(11) NOT NULL AUTO_INCREMENT,
  `title` varchar(255) NOT NULL,
  `text` text,
  `dimension` varchar(255) NOT NULL,
  `price` double NOT NULL,
  `type` enum('PERIOD','SCOPE') NOT NULL,
  `option` enum('ROTATE','KATEGORIE') NOT NULL,
  `banner_type` int(11) NOT NULL,
  PRIMARY KEY (`id`)
) ENGINE=InnoDB AUTO_INCREMENT=50 DEFAULT CHARSET=latin1;

--
-- Dumping data for table `agsi`.`tbl_advertising_type`
--

/*!40000 ALTER TABLE `tbl_advertising_type` DISABLE KEYS */;
LOCK TABLES `tbl_advertising_type` WRITE;
INSERT INTO `agsi`.`tbl_advertising_type` VALUES  (2,'AI - Rotierend - Paket S (BB)',NULL,'5000',40,'SCOPE','ROTATE',1),
 (3,'AI - Rotierend - Paket S (SB)',NULL,'5000',65,'SCOPE','ROTATE',3),
 (4,'AI - Rotierend - Paket S (WS)',NULL,'5000',70,'SCOPE','ROTATE',2),
 (5,'AI - Kategorie - Paket S (BB)',NULL,'5000',50,'SCOPE','KATEGORIE',1),
 (6,'AI - Kategorie - Paket S (SB)',NULL,'5000',70,'SCOPE','KATEGORIE',3),
 (7,'AI - Kategorie - Paket S (WS)',NULL,'5000',75,'SCOPE','KATEGORIE',2),
 (8,'AI - Rotierend - Paket M (BB)',NULL,'10000',80,'SCOPE','ROTATE',1),
 (9,'AI - Rotierend - Paket M (SB)',NULL,'10000',100,'SCOPE','ROTATE',3),
 (10,'AI - Rotierend - Paket M (WS)',NULL,'10000',110,'SCOPE','ROTATE',2),
 (11,'AI - Kategorie - Paket M (BB)',NULL,'10000',90,'SCOPE','KATEGORIE',1),
 (12,'AI - Kategorie - Paket M (SB)',NULL,'10000',120,'SCOPE','KATEGORIE',3),
 (13,'AI - Kategorie - Paket M (WS)',NULL,'10000',130,'SCOPE','KATEGORIE',2),
 (14,'AI - Rotierend - Paket L (BB)',NULL,'20000',120,'SCOPE','ROTATE',1),
 (15,'AI - Kategorie - Paket L (BB)',NULL,'20000',130,'SCOPE','KATEGORIE',1),
 (16,'AI - Rotierend - Paket L (SB)',NULL,'20000',170,'SCOPE','ROTATE',3),
 (17,'AI - Kategorie - Paket L (SB)',NULL,'20000',180,'SCOPE','KATEGORIE',3),
 (18,'AI - Rotierend - Paket L (WS)',NULL,'20000',180,'SCOPE','ROTATE',2),
 (19,'AI - Kategorie - Paket L (WS)',NULL,'20000',190,'SCOPE','KATEGORIE',2),
 (20,'AI - Rotierend - Paket XL (BB)',NULL,'50000',250,'SCOPE','ROTATE',1),
 (21,'AI - Kategorie - Paket XL (BB)',NULL,'50000',280,'SCOPE','KATEGORIE',1),
 (22,'AI - Rotierend - Paket XL (SB)',NULL,'50000',450,'SCOPE','ROTATE',3),
 (23,'AI - Kategorie - Paket XL (SB)',NULL,'50000',480,'SCOPE','KATEGORIE',3),
 (24,'AI - Rotierend - Paket XL (WS)',NULL,'50000',470,'SCOPE','ROTATE',2),
 (25,'AI - Kategorie - Paket XL (WS)',NULL,'50000',490,'SCOPE','KATEGORIE',2),
 (26,'Zeit - Rotierend - Paket S (BB)',NULL,'1',60,'PERIOD','ROTATE',1),
 (27,'Zeit - Kategorie - Paket S (BB)',NULL,'1',80,'PERIOD','KATEGORIE',1),
 (28,'Zeit - Rotierend - Paket S (SB)',NULL,'1',80,'PERIOD','ROTATE',3),
 (29,'Zeit - Kategorie - Paket S (SB)',NULL,'1',100,'PERIOD','KATEGORIE',3),
 (30,'Zeit - Rotierend - Paket S (WS)',NULL,'1',90,'PERIOD','ROTATE',2),
 (31,'Zeit - Kategorie - Paket S (WS)',NULL,'1',110,'PERIOD','KATEGORIE',2),
 (32,'Zeit - Rotierend - Paket M (BB)',NULL,'2',120,'PERIOD','ROTATE',1),
 (33,'Zeit - Kategorie - Paket M (BB)',NULL,'2',150,'PERIOD','KATEGORIE',1),
 (34,'Zeit - Rotierend - Paket M (SB)',NULL,'2',150,'PERIOD','ROTATE',3),
 (35,'Zeit - Kategorie - Paket M (SB)',NULL,'2',180,'PERIOD','KATEGORIE',3),
 (36,'Zeit - Rotierend - Paket M (WS)','','2',170,'PERIOD','ROTATE',2),
 (37,'Zeit - Kategorie - Paket M (WS)',NULL,'2',200,'PERIOD','KATEGORIE',2),
 (38,'Zeit - Rotierend - Paket L (BB)',NULL,'4',220,'PERIOD','ROTATE',1),
 (39,'Zeit - Kategorie - Paket L (BB)',NULL,'4',250,'PERIOD','KATEGORIE',1),
 (40,'Zeit - Rotierend - Paket XL (BB)',NULL,'8',300,'PERIOD','ROTATE',1),
 (41,'Zeit - Kategorie - Paket XL (BB)',NULL,'8',330,'PERIOD','KATEGORIE',1),
 (42,'Zeit - Rotierend - Paket L (SB)',NULL,'4',260,'PERIOD','ROTATE',3),
 (43,'Zeit - Kategorie - Paket L (SB)',NULL,'4',320,'PERIOD','KATEGORIE',3),
 (44,'Zeit - Kategorie - Paket L (WS)',NULL,'4',340,'PERIOD','KATEGORIE',2),
 (45,'Zeit - Rotierend - Paket L (WS)',NULL,'4',280,'PERIOD','ROTATE',2),
 (46,'Zeit - Rotierend - Paket XL (SB)',NULL,'8',440,'PERIOD','ROTATE',3),
 (47,'Zeit - Kategorie - Paket XL (SB)',NULL,'8',550,'PERIOD','KATEGORIE',3),
 (48,'Zeit - Rotierend - Paket XL (WS)',NULL,'8',470,'PERIOD','ROTATE',2),
 (49,'Zeit - Kategorie - Paket XL (WS)',NULL,'8',570,'PERIOD','KATEGORIE',2);
UNLOCK TABLES;
/*!40000 ALTER TABLE `tbl_advertising_type` ENABLE KEYS */;


--
-- Definition of table `agsi`.`tbl_banner_type`
--

DROP TABLE IF EXISTS `agsi`.`tbl_banner_type`;
CREATE TABLE  `agsi`.`tbl_banner_type` (
  `id` int(11) NOT NULL AUTO_INCREMENT,
  `title` varchar(255) NOT NULL,
  `size` varchar(255) NOT NULL,
  PRIMARY KEY (`id`)
) ENGINE=InnoDB AUTO_INCREMENT=4 DEFAULT CHARSET=latin1;

--
-- Dumping data for table `agsi`.`tbl_banner_type`
--

/*!40000 ALTER TABLE `tbl_banner_type` DISABLE KEYS */;
LOCK TABLES `tbl_banner_type` WRITE;
INSERT INTO `agsi`.`tbl_banner_type` VALUES  (1,'1Super Banner (728x90)','728x90'),
 (2,'Wide Skyscraper (160x600)','160x600'),
 (3,'Super Banner (728x90)','728x90');
UNLOCK TABLES;
/*!40000 ALTER TABLE `tbl_banner_type` ENABLE KEYS */;


--
-- Definition of table `agsi`.`tbl_keywords_blacklist`
--

DROP TABLE IF EXISTS `agsi`.`tbl_keywords_blacklist`;
CREATE TABLE  `agsi`.`tbl_keywords_blacklist` (
  `id` int(10) unsigned NOT NULL AUTO_INCREMENT,
  `word` varchar(40) NOT NULL,
  PRIMARY KEY (`id`),
  UNIQUE KEY `uq_tbl_keywords_blacklist_word` (`word`)
) ENGINE=MyISAM AUTO_INCREMENT=2 DEFAULT CHARSET=latin1;

--
-- Dumping data for table `agsi`.`tbl_keywords_blacklist`
--

/*!40000 ALTER TABLE `tbl_keywords_blacklist` DISABLE KEYS */;
LOCK TABLES `tbl_keywords_blacklist` WRITE;
INSERT INTO `agsi`.`tbl_keywords_blacklist` VALUES  (1,'blacklist');
UNLOCK TABLES;
/*!40000 ALTER TABLE `tbl_keywords_blacklist` ENABLE KEYS */;


--
-- Definition of table `agsi`.`tbl_managed_links`
--

DROP TABLE IF EXISTS `agsi`.`tbl_managed_links`;
CREATE TABLE  `agsi`.`tbl_managed_links` (
  `id` int(11) NOT NULL AUTO_INCREMENT,
  `name` varchar(255) NOT NULL,
  `url` varchar(255) NOT NULL,
  `description` text NOT NULL,
  PRIMARY KEY (`id`),
  UNIQUE KEY `uq_managed_links_url` (`url`)
) ENGINE=MyISAM AUTO_INCREMENT=6 DEFAULT CHARSET=latin1;

--
-- Dumping data for table `agsi`.`tbl_managed_links`
--

/*!40000 ALTER TABLE `tbl_managed_links` DISABLE KEYS */;
LOCK TABLES `tbl_managed_links` WRITE;
INSERT INTO `agsi`.`tbl_managed_links` VALUES  (4,'titlu','www.link.ro',''),
 (5,'titlu1','www.link1.ro','');
UNLOCK TABLES;
/*!40000 ALTER TABLE `tbl_managed_links` ENABLE KEYS */;


--
-- Definition of table `agsi`.`tbl_payment`
--

DROP TABLE IF EXISTS `agsi`.`tbl_payment`;
CREATE TABLE  `agsi`.`tbl_payment` (
  `id` int(11) NOT NULL AUTO_INCREMENT,
  `title` varchar(255) NOT NULL,
  `text` text,
  PRIMARY KEY (`id`)
) ENGINE=InnoDB AUTO_INCREMENT=3 DEFAULT CHARSET=utf8;

--
-- Dumping data for table `agsi`.`tbl_payment`
--

/*!40000 ALTER TABLE `tbl_payment` DISABLE KEYS */;
LOCK TABLES `tbl_payment` WRITE;
INSERT INTO `agsi`.`tbl_payment` VALUES  (1,'Prepayment',NULL),
 (2,'Paypal',NULL);
UNLOCK TABLES;
/*!40000 ALTER TABLE `tbl_payment` ENABLE KEYS */;


--
-- Definition of table `agsi`.`tbl_position`
--

DROP TABLE IF EXISTS `agsi`.`tbl_position`;
CREATE TABLE  `agsi`.`tbl_position` (
  `title` varchar(255) NOT NULL,
  `id` int(11) NOT NULL AUTO_INCREMENT,
  PRIMARY KEY (`id`)
) ENGINE=InnoDB AUTO_INCREMENT=40 DEFAULT CHARSET=latin1;

--
-- Dumping data for table `agsi`.`tbl_position`
--

/*!40000 ALTER TABLE `tbl_position` DISABLE KEYS */;
LOCK TABLES `tbl_position` WRITE;
INSERT INTO `agsi`.`tbl_position` VALUES  ('Disclaimer',21),
 ('Infopop',22),
 ('120x600',23),
 ('970x45',24),
 ('300x250',25),
 ('640x100',26),
 ('test',27),
 ('Preroll300x250',28),
 ('728x90',29),
 ('250x250',30),
 ('Catcheur980x225',31),
 ('mosaique2_300x250',32),
 ('mosaique3_footer',33),
 ('mosaique3_300x250',34),
 ('bannieretop_reseau',35),
 ('mosaique4_footer',36),
 ('index',39);
UNLOCK TABLES;
/*!40000 ALTER TABLE `tbl_position` ENABLE KEYS */;


--
-- Definition of table `agsi`.`tbl_quicklists`
--

DROP TABLE IF EXISTS `agsi`.`tbl_quicklists`;
CREATE TABLE  `agsi`.`tbl_quicklists` (
  `ql_id` int(11) NOT NULL AUTO_INCREMENT,
  `ql_name` varchar(255) NOT NULL,
  `ql_data` text NOT NULL,
  `ql_addtime` int(11) NOT NULL,
  `ql_edittime` int(11) DEFAULT NULL,
  `ql_email` varchar(255) NOT NULL,
  PRIMARY KEY (`ql_id`)
) ENGINE=MyISAM DEFAULT CHARSET=utf8;

--
-- Dumping data for table `agsi`.`tbl_quicklists`
--

/*!40000 ALTER TABLE `tbl_quicklists` DISABLE KEYS */;
LOCK TABLES `tbl_quicklists` WRITE;
UNLOCK TABLES;
/*!40000 ALTER TABLE `tbl_quicklists` ENABLE KEYS */;


--
-- Definition of table `agsi`.`tbl_saved_search_words`
--

DROP TABLE IF EXISTS `agsi`.`tbl_saved_search_words`;
CREATE TABLE  `agsi`.`tbl_saved_search_words` (
  `id` int(10) unsigned NOT NULL AUTO_INCREMENT,
  `slug` varchar(100) NOT NULL,
  `type` tinyint(3) unsigned NOT NULL COMMENT '0 - video',
  PRIMARY KEY (`id`)
) ENGINE=MyISAM AUTO_INCREMENT=47 DEFAULT CHARSET=latin1;

--
-- Dumping data for table `agsi`.`tbl_saved_search_words`
--



--
-- Definition of table `agsi`.`tbl_seo_keywords_page`
--

DROP TABLE IF EXISTS `agsi`.`tbl_seo_keywords_page`;
CREATE TABLE  `agsi`.`tbl_seo_keywords_page` (
  `id` int(10) unsigned NOT NULL AUTO_INCREMENT,
  `word` varchar(40) NOT NULL,
  `page` varchar(255) NOT NULL,
  `status` tinyint(4) NOT NULL DEFAULT '0' COMMENT '0 - not published, 1 - published',
  `number_of_searches` int(10) unsigned NOT NULL DEFAULT '1',
  PRIMARY KEY (`id`),
  UNIQUE KEY `uq_tbl_seo_keywords_page_word_page` (`word`,`page`)
) ENGINE=MyISAM DEFAULT CHARSET=latin1 COMMENT='contains the keywords used in a google search to reach a pag';

--
-- Dumping data for table `agsi`.`tbl_seo_keywords_page`
--

/*!40000 ALTER TABLE `tbl_seo_keywords_page` DISABLE KEYS */;
LOCK TABLES `tbl_seo_keywords_page` WRITE;
INSERT INTO `agsi`.`tbl_seo_keywords_page` VALUES  (1,'enculeuse','video/default/',1,0),
 (2,'blao+bla','/film%20porno/616/test-583.html',1,0),
 (3,'enculeuse','/videos/duration',0,0),
 (4,'blackliste+eo','/videos/duration',0,0),
 (5,'blacklise','/videos/duration',0,0),
 (6,'enculeuse','/film%20porno/617/test-586.html',0,1),
 (7,'enculeuse','/alsdkjfalsdkf.txt',0,0),
 (8,'enculeuse','/',0,2);
UNLOCK TABLES;
/*!40000 ALTER TABLE `tbl_seo_keywords_page` ENABLE KEYS */;


--
-- Definition of table `agsi`.`tbl_stars`
--

DROP TABLE IF EXISTS `agsi`.`tbl_stars`;
CREATE TABLE  `agsi`.`tbl_stars` (
  `id` int(10) unsigned NOT NULL AUTO_INCREMENT,
  `letter` varchar(1) NOT NULL,
  `name` varchar(255) NOT NULL,
  PRIMARY KEY (`id`)
) ENGINE=MyISAM AUTO_INCREMENT=2280 DEFAULT CHARSET=utf8;

--
-- Dumping data for table `agsi`.`tbl_stars`
--

/*!40000 ALTER TABLE `tbl_stars` DISABLE KEYS */;
LOCK TABLES `tbl_stars` WRITE;
INSERT INTO `agsi`.`tbl_stars` VALUES  (1,'a','Aaralyn Barra'),
 (2,'a','Abbey Brooks'),
 (3,'a','Abby Rode'),
 (4,'a','Abigail Clayton'),
 (5,'a','Addison Rose'),
 (6,'a','Adicktion'),
 (7,'a','Adina'),
 (8,'a','Adrenalynn'),
 (9,'a','Adriana'),
 (10,'a','Adriana Amante'),
 (11,'a','Adriana Malkova'),
 (12,'a','Adriana Nevaeh'),
 (13,'a','Adriana Neveah'),
 (14,'a','Adriana Sage'),
 (15,'a','Adrianna'),
 (16,'a','Adrianna DeVille'),
 (17,'a','Adrianna Faust'),
 (18,'a','Adrianna Nicole'),
 (19,'a','Africa'),
 (20,'a','Agatha Meirelles'),
 (21,'a','Agnes Zalontai'),
 (22,'a','Ahryan Astyn'),
 (23,'a','Aidan Layne'),
 (24,'a','Aiden Layne'),
 (25,'a','Aiden Starr'),
 (26,'a','Aika Miura'),
 (27,'a','Aimee Sweet'),
 (28,'a','Aimee Tyler'),
 (29,'a','Aisha'),
 (30,'a','AJ Bailey'),
 (31,'a','Akane Hotaru'),
 (32,'a','Alana Evans'),
 (33,'a','Alana Lee'),
 (34,'a','Alana Leigh'),
 (35,'a','Alaura Eden'),
 (36,'a','Alayah Sashu'),
 (37,'a','Aleera Flair'),
 (38,'a','Alektra Blowbang'),
 (39,'a','Alektra Blue'),
 (40,'a','Alessandra Marques'),
 (41,'a','Alessia Roma'),
 (42,'a','Aletta Alien'),
 (43,'a','Aletta Florancia'),
 (44,'a','Aletta Ocean'),
 (45,'a','Alette Ocean'),
 (46,'a','Alex'),
 (47,'a','Alex Del Monacco'),
 (48,'a','Alex Devine'),
 (49,'a','Alex Love'),
 (50,'a','Alexa'),
 (51,'a','Alexa May'),
 (52,'a','Alexa Rae'),
 (53,'a','Alexa Von Tess'),
 (54,'a','Alexa Weix'),
 (55,'a','Alexandra'),
 (56,'a','Alexandra Nice'),
 (57,'a','Alexandria'),
 (58,'a','Alexia Night'),
 (59,'a','Alexia Sky'),
 (60,'a','Alexis Amor'),
 (61,'a','Alexis Amore'),
 (62,'a','Alexis Capri'),
 (63,'a','Alexis Duval'),
 (64,'a','Alexis Golden'),
 (65,'a','Alexis Love'),
 (66,'a','Alexis Malone'),
 (67,'a','Alexis May'),
 (68,'a','Alexis Silver'),
 (69,'a','Alexis Taylor'),
 (70,'a','Alexis Texas'),
 (71,'a','Ali Kat'),
 (72,'a','Aliana Love'),
 (73,'a','Alicia Alighatti'),
 (74,'a','Alicia Angel'),
 (75,'a','Alicia Rhodes'),
 (76,'a','Alicia Tyler'),
 (77,'a','Alicyn Sterling'),
 (78,'a','Aline'),
 (79,'a','Alisa'),
 (80,'a','Alisha Klass'),
 (81,'a','Alison Angel'),
 (82,'a','Alissa'),
 (83,'a','Alissa Melano'),
 (84,'a','Allie Foster'),
 (85,'a','Allie Ray'),
 (86,'a','Allie Sin'),
 (87,'a','Allisa'),
 (88,'a','Allison Miller'),
 (89,'a','Allison Pierce'),
 (90,'a','Allison Wyte'),
 (91,'a','Allura Eden'),
 (92,'a','Allysin Chaines'),
 (93,'a','Allyssa Hall'),
 (94,'a','Alyss Jenkins'),
 (95,'a','Alyssa Dior'),
 (96,'a','Alyssa Haven'),
 (97,'a','Alyssa Reese'),
 (98,'a','Alyssa West'),
 (99,'a','Amanda'),
 (100,'a','Amanda West'),
 (101,'a','Amber'),
 (102,'a','Amber Ashley'),
 (103,'a','Amber Easton'),
 (104,'a','Amber Lynn'),
 (105,'a','Amber Lynn Bach'),
 (106,'a','Amber Michaels'),
 (107,'a','Amber Peach'),
 (108,'a','Amber Rain'),
 (109,'a','Amber Rayne'),
 (110,'a','Amber Simpson'),
 (111,'a','Amber Sky'),
 (112,'a','Ameara'),
 (113,'a','Amee Donovan'),
 (114,'a','America'),
 (115,'a','Amparo'),
 (116,'a','Amy Reid'),
 (117,'a','Ana Nova'),
 (118,'a','Ana Paula'),
 (119,'a','Ana Paula Oliveira'),
 (120,'a','Anabelle'),
 (121,'a','Anais Alexander'),
 (122,'a','Ananova'),
 (123,'a','Anastasia'),
 (124,'a','Anastasia Blue'),
 (125,'a','Anastasia Christ'),
 (126,'a','Anastasia Devine'),
 (127,'a','Anastasia Mayo'),
 (128,'a','Anastasia Pierce'),
 (129,'a','Ander Page'),
 (130,'a','Andie Valentino'),
 (131,'a','Andrea Anderson'),
 (132,'a','Andrea Ash'),
 (133,'a','Andrea Rincon'),
 (134,'a','Andy San Dimas'),
 (135,'a','Anetta Keys'),
 (136,'a','Anette Dawn'),
 (137,'a','Anette Shwartz'),
 (138,'a','Angel'),
 (139,'a','Angel & Ashley Long'),
 (140,'a','Angel Cummings'),
 (141,'a','Angel Dark'),
 (142,'a','Angel Eyes'),
 (143,'a','Angel Long'),
 (144,'a','Angel Love'),
 (145,'a','Angel Madrid'),
 (146,'a','Angela Crystal'),
 (147,'a','Angela Devi'),
 (148,'a','Angela Devine'),
 (149,'a','Angela Di Angelo'),
 (150,'a','Angela Stone'),
 (151,'a','Angela Winter'),
 (152,'a','Angelica'),
 (153,'a','Angelica Bella'),
 (154,'a','Angelica Sin'),
 (155,'a','Angelina'),
 (156,'a','Angelina Ashe'),
 (157,'a','Angelina Black'),
 (158,'a','Angelina Crow'),
 (159,'a','Angelina Love'),
 (160,'a','Angelina Rose'),
 (161,'a','Angelina Sky'),
 (162,'a','Angelina Valentine'),
 (163,'a','Angie George'),
 (164,'a','Anika Fox'),
 (165,'a','Anita'),
 (166,'a','Anita Blonde'),
 (167,'a','Anita Dark'),
 (168,'a','Anita Rinaldi'),
 (169,'a','Anja Juliette Laval'),
 (170,'a','Anjelica Sin'),
 (171,'a','Anna Belle'),
 (172,'a','Anna Malle'),
 (173,'a','Anna Miller'),
 (174,'a','Anna Nova'),
 (175,'a','Anna Santos'),
 (176,'a','Anna Sophia'),
 (177,'a','Anne Howe'),
 (178,'a','Anne Midori'),
 (179,'a','Anne Sophia'),
 (180,'a','Annette Dawn'),
 (181,'a','Annette Haven'),
 (182,'a','Annette Schwartz'),
 (183,'a','Annette Schwarz'),
 (184,'a','Annie Cruz'),
 (185,'a','Apple Twins'),
 (186,'a','April'),
 (187,'a','April Adams'),
 (188,'a','April Flowers'),
 (189,'a','Arcadia'),
 (190,'a','Arcadia Davida'),
 (191,'a','Aria'),
 (192,'a','Aria Giovanni'),
 (193,'a','Ariana Jollee'),
 (194,'a','Ariel'),
 (195,'a','Ariel Alexus'),
 (196,'a','Ariel Carmine'),
 (197,'a','Ariel X'),
 (198,'a','Arielle'),
 (199,'a','Arielle Piperfawn'),
 (200,'a','Arora Jolie'),
 (201,'a','Artemis Gold'),
 (202,'a','Asa Akira'),
 (203,'a','Ashely Brooks'),
 (204,'a','Ashley'),
 (205,'a','Ashley Bell'),
 (206,'a','Ashley Blue'),
 (207,'a','Ashley Brookes'),
 (208,'a','Ashley Fires'),
 (209,'a','Ashley Haze'),
 (210,'a','Ashley Jensen'),
 (211,'a','Ashley Lace'),
 (212,'a','Ashley Lee'),
 (213,'a','Ashley Long'),
 (214,'a','Ashley Moore'),
 (215,'a','Ashley Robbins'),
 (216,'a','Ashli Orion'),
 (217,'a','Ashlyn Gere'),
 (218,'a','Ashlynn Brook'),
 (219,'a','Ashlynn Brooke'),
 (220,'a','Ashton Moore'),
 (221,'a','Asia'),
 (222,'a','Asia Carrera'),
 (223,'a','Aspen Stevens'),
 (224,'a','Astrid'),
 (225,'a','Aubrey Addams'),
 (226,'a','Aubrey Banks'),
 (227,'a','Audree Jaymes'),
 (228,'a','Audrey Bitoni'),
 (229,'a','Audrey Hollande'),
 (230,'a','Audrey Hollander'),
 (231,'a','August'),
 (232,'a','August Night'),
 (233,'a','August Smith'),
 (234,'a','Aurora Jolie'),
 (235,'a','Aurora Snow'),
 (236,'a','Austin Kincaid'),
 (237,'a','Austin ORiley'),
 (238,'a','Austin Reines'),
 (239,'a','Austyn Summers'),
 (240,'a','Autumn'),
 (241,'a','Autumn Austin'),
 (242,'a','Autumn Bliss'),
 (243,'a','Ava Devine'),
 (244,'a','Ava Lauren'),
 (245,'a','Ava Miller'),
 (246,'a','Ava Ramon'),
 (247,'a','Ava Rose'),
 (248,'a','Aveena Lee'),
 (249,'a','Avena Lee'),
 (250,'a','Avy Lee Roth'),
 (251,'a','Avy Scott'),
 (252,'a','Aya Seto'),
 (253,'a','Ayana Angel'),
 (254,'a','Aylar Lie'),
 (255,'a','Azlea Antistia'),
 (256,'b','Babalu'),
 (257,'b','Bailey'),
 (258,'b','Bailey Brooks'),
 (259,'b','Bambi Dolce'),
 (260,'b','Bambola Ramona'),
 (261,'b','Bamboo'),
 (262,'b','Barb Cummings'),
 (263,'b','Barbara'),
 (264,'b','Barbara Dare'),
 (265,'b','Barbara Summer'),
 (266,'b','Barbara Summers'),
 (267,'b','Barbie Addison'),
 (268,'b','Barbie Belle'),
 (269,'b','Barbie Cummings'),
 (270,'b','Barreit Moore'),
 (271,'b','Barret Moore'),
 (272,'b','Beauty'),
 (273,'b','Beauty Dior'),
 (274,'b','Belicia'),
 (275,'b','Belicia Avalos'),
 (276,'b','Bella Donna'),
 (277,'b','Bella Marie Wolfe'),
 (278,'b','Bella Starr'),
 (279,'b','Belladonna'),
 (280,'b','Belle Di Notte'),
 (281,'b','Betty Saint'),
 (282,'b','Beverly Hills'),
 (283,'b','Bianca Golden'),
 (284,'b','Bianca Hill'),
 (285,'b','Bianca Jordan'),
 (286,'b','Bianca Pureheart'),
 (287,'b','Bianca Valentino'),
 (288,'b','Bibi'),
 (289,'b','Bibi Blue'),
 (290,'b','Bibi Fox'),
 (291,'b','Bishop'),
 (292,'b','Black Angelika'),
 (293,'b','Black Diamond'),
 (294,'b','Blue Angel'),
 (295,'b','Bobbi Blair'),
 (296,'b','Bobbi Bliss'),
 (297,'b','Bobbi Star'),
 (298,'b','Bobbi Starr'),
 (299,'b','Bonita Saint'),
 (300,'b','Boo Dilicious'),
 (301,'b','Boroka Bolls'),
 (302,'b','Boroka Bools'),
 (303,'b','Boroka Borres'),
 (304,'b','Brandi Belle'),
 (305,'b','Brandi Edwards'),
 (306,'b','Brandi Love'),
 (307,'b','Brandi Lyons'),
 (308,'b','Brandy Lyons'),
 (309,'b','Brandy Starz'),
 (310,'b','Brandy Talore'),
 (311,'b','Brandy Taylor'),
 (312,'b','Brea Benette'),
 (313,'b','Brea Bennett'),
 (314,'b','Brea Lynn'),
 (315,'b','Bree'),
 (316,'b','Bree Olsen'),
 (317,'b','Bree Olson'),
 (318,'b','Breezy'),
 (319,'b','Brenda James'),
 (320,'b','Brett Rockman'),
 (321,'b','Brian Pumper'),
 (322,'b','Briana Banks'),
 (323,'b','Brianna'),
 (324,'b','Brianna Beach'),
 (325,'b','Brianna Frost'),
 (326,'b','Brianna Love'),
 (327,'b','Bridgette Kerkove'),
 (328,'b','Brigitta Bulgari'),
 (329,'b','Brigitte Lahaie'),
 (330,'b','Britney Amber'),
 (331,'b','Britney Farren'),
 (332,'b','Britney Jay'),
 (333,'b','Britney Madison'),
 (334,'b','Britney Skye'),
 (335,'b','Britney Stevens'),
 (336,'b','Brittany Andrews'),
 (337,'b','Brittany Blue'),
 (338,'b','Brittany Burke'),
 (339,'b','Brittany Stryker'),
 (340,'b','Brittney'),
 (341,'b','Brittney Skye'),
 (342,'b','Brittny Blew'),
 (343,'b','Brodi'),
 (344,'b','Brodie'),
 (345,'b','Brook Sky'),
 (346,'b','Brooke Ballentyne'),
 (347,'b','Brooke Banner'),
 (348,'b','Brooke Belle'),
 (349,'b','Brooke Daze'),
 (350,'b','Brooke Haven'),
 (351,'b','Brooke Hunter'),
 (352,'b','Brooke Marks'),
 (353,'b','Brooke Milano'),
 (354,'b','Brooke Scott'),
 (355,'b','Brooke Skye'),
 (356,'b','Brown Sugar'),
 (357,'b','Bruna Ferraz'),
 (358,'b','Bruno SX'),
 (359,'b','Brynn Brooks'),
 (360,'b','Brynn Tyler'),
 (361,'b','Bunny Luv'),
 (362,'b','Byron Long'),
 (363,'c','Cabiria'),
 (364,'c','Cailey Taylor'),
 (365,'c','Cali Cassidy'),
 (366,'c','Cali Marie'),
 (367,'c','Calli Cox'),
 (368,'c','Cameron Love'),
 (369,'c','Camilla'),
 (370,'c','Camilla Ken'),
 (371,'c','Camille'),
 (372,'c','Camily'),
 (373,'c','Camryn Kiss'),
 (374,'c','Candace Nicole'),
 (375,'c','Candace Von'),
 (376,'c','Candi Summers'),
 (377,'c','Candice'),
 (378,'c','Candice Jackson'),
 (379,'c','Candice Michelle'),
 (380,'c','Candie Evans'),
 (381,'c','Candy'),
 (382,'c','Candy Apples'),
 (383,'c','Candy Cotton'),
 (384,'c','Candy Lee'),
 (385,'c','Candy Manson'),
 (386,'c','Candy Samira'),
 (387,'c','Capri Cavalli'),
 (388,'c','Caprice'),
 (389,'c','Carla Cox'),
 (390,'c','Carla Cruz'),
 (391,'c','Carli Banks'),
 (392,'c','Carly Parker'),
 (393,'c','Carmel Moore'),
 (394,'c','Carmela'),
 (395,'c','Carmella Bing'),
 (396,'c','Carmen'),
 (397,'c','Carmen Cocks'),
 (398,'c','Carmen Hayes'),
 (399,'c','Carmen Kinsley'),
 (400,'c','Carmen Luvana'),
 (401,'c','Carmen Mccarthy'),
 (402,'c','Carmen Sancha'),
 (403,'c','Carmyn Kiss'),
 (404,'c','Carol Goldnerova'),
 (405,'c','Caroline De Jaie'),
 (406,'c','Carolyn Monroe'),
 (407,'c','Carolyn Reese'),
 (408,'c','Carri Lee'),
 (409,'c','Carrie'),
 (410,'c','Carrie Lee'),
 (411,'c','Casey Cole'),
 (412,'c','Casey Hays'),
 (413,'c','Casey James'),
 (414,'c','Casey Jordan'),
 (415,'c','Casey Parker'),
 (416,'c','Cassandra'),
 (417,'c','Cassandra Calogera'),
 (418,'c','Cassandra Cruz'),
 (419,'c','Cassandra Lord'),
 (420,'c','Cassia'),
 (421,'c','Cassia Riley'),
 (422,'c','Cassidy'),
 (423,'c','Cassidy Essence'),
 (424,'c','Cassie Courtland'),
 (425,'c','Cassie Young'),
 (426,'c','Catalina'),
 (427,'c','Catalina Cruz'),
 (428,'c','Cate Harrington'),
 (429,'c','Cayenne'),
 (430,'c','Cayenne Klein'),
 (431,'c','Caylian Curtis'),
 (432,'c','Cayton Caley'),
 (433,'c','Cecilia Vega'),
 (434,'c','Celeste'),
 (435,'c','Celeste Star'),
 (436,'c','Celestia Star'),
 (437,'c','Celia Banco'),
 (438,'c','Celia Blanco'),
 (439,'c','Celina Cross'),
 (440,'c','Chandler'),
 (441,'c','Chandler Steele'),
 (442,'c','Chanel Chavez'),
 (443,'c','Chanel St. James'),
 (444,'c','Chanta Rose'),
 (445,'c','Charlene Aspen'),
 (446,'c','Charles Dera'),
 (447,'c','Charli'),
 (448,'c','Charlie'),
 (449,'c','Charlie Garcia'),
 (450,'c','Charlie Laine'),
 (451,'c','Charlie Lane'),
 (452,'c','Charlotte Stokely'),
 (453,'c','Charmane Star'),
 (454,'c','Chase Dasani'),
 (455,'c','Chasey Lain'),
 (456,'c','Chavon Taylor'),
 (457,'c','Chayenne'),
 (458,'c','Chelci Fox'),
 (459,'c','Chelsea Romero'),
 (460,'c','Chelsea Zinn'),
 (461,'c','Chelsea Zinns'),
 (462,'c','Chelsie Rae'),
 (463,'c','Chelsie Ray'),
 (464,'c','Chennin Blanc'),
 (465,'c','Cherie'),
 (466,'c','Cherokee'),
 (467,'c','Cherokee D Ass'),
 (468,'c','Cherry Chase'),
 (469,'c','Cherry Jul'),
 (470,'c','Cherry Potter'),
 (471,'c','Cherry Rain'),
 (472,'c','Cherry Rose'),
 (473,'c','Cheryl Lynn Khan'),
 (474,'c','Cheryll'),
 (475,'c','Cheyenne Hunter'),
 (476,'c','Cheyenne Silver'),
 (477,'c','Cheyenne-Lacroix'),
 (478,'c','Cheyne Collins'),
 (479,'c','Chiara'),
 (480,'c','Chikita'),
 (481,'c','Chiquita Lopez'),
 (482,'c','Chloe Black'),
 (483,'c','Chloe Chanel'),
 (484,'c','Chloe Delaure'),
 (485,'c','Chloe Dior'),
 (486,'c','Chloe Jones'),
 (487,'c','Chloe Nichole'),
 (488,'c','Chloe Sweet'),
 (489,'c','Chloe Vevrier'),
 (490,'c','Chole Dior'),
 (491,'c','Chris Streams'),
 (492,'c','Chrissy Moran'),
 (493,'c','Chrissy Tyler'),
 (494,'c','Christian XXX'),
 (495,'c','Christie Lee'),
 (496,'c','Christina Agave'),
 (497,'c','Christina Aguchi'),
 (498,'c','Christina Bella'),
 (499,'c','Christina Eden'),
 (500,'c','Christina Mendoza'),
 (501,'c','Christina Noir'),
 (502,'c','Christine'),
 (503,'c','Christine Alexis'),
 (504,'c','Christine Mendoza'),
 (505,'c','Christine Roberts'),
 (506,'c','Christine Young'),
 (507,'c','Christopher Clark'),
 (508,'c','Christy Canyon'),
 (509,'c','Christy Marks'),
 (510,'c','Chyanne Jacobs'),
 (511,'c','Ciera Sage'),
 (512,'c','Cindy Crawford'),
 (513,'c','Cindy Lords'),
 (514,'c','Cindy Sterling'),
 (515,'c','Claire Adams'),
 (516,'c','Claire Dames'),
 (517,'c','Claire James'),
 (518,'c','Claire Robbins'),
 (519,'c','Clara Morgane'),
 (520,'c','Clarissa May'),
 (521,'c','Claudia'),
 (522,'c','Claudia Antonelli'),
 (523,'c','Claudia Chase'),
 (524,'c','Claudia Ferrari'),
 (525,'c','Claudia Jamsson'),
 (526,'c','Claudia Rossi'),
 (527,'c','Claudia Valentine'),
 (528,'c','Cleo'),
 (529,'c','Cleopatra'),
 (530,'c','Cocoa Creme'),
 (531,'c','Codi Milo'),
 (532,'c','Cody Lane'),
 (533,'c','Cody milo'),
 (534,'c','Cora'),
 (535,'c','Cora Carina'),
 (536,'c','Cory Everson'),
 (537,'c','Courtney'),
 (538,'c','Courtney Cummz'),
 (539,'c','Courtney Devine'),
 (540,'c','Courtney James'),
 (541,'c','Courtney Johnson'),
 (542,'c','Courtney Simpson'),
 (543,'c','Crissy Moon'),
 (544,'c','Crissy Moran'),
 (545,'c','Crista Moore'),
 (546,'c','Cristina Mayer'),
 (547,'c','Crystal carter'),
 (548,'c','Crystal Clear'),
 (549,'c','Crystal Gold'),
 (550,'c','Crystal Rae'),
 (551,'c','Crystal Ray'),
 (552,'c','Crystal Raye'),
 (553,'c','Cumisha Jones'),
 (554,'c','Cura Curina'),
 (555,'c','Cynara Fox'),
 (556,'c','Cynthia'),
 (557,'c','Cynthia Fox'),
 (558,'c','Cythera'),
 (559,'c','Cytherea'),
 (560,'c','Cytheria'),
 (561,'d','Daisey Marie'),
 (562,'d','Daisy Chain'),
 (563,'d','Daisy Dukes'),
 (564,'d','Daisy Marie'),
 (565,'d','Dakoda Brookes'),
 (566,'d','Dakoda Brooks'),
 (567,'d','Dakota'),
 (568,'d','Dakota Brookes'),
 (571,'d','Dakota Brooks'),
 (572,'d','Dakota Cameron'),
 (573,'d','Dana'),
 (574,'d','Dana DeArmond'),
 (575,'d','Dana Hayes'),
 (576,'d','Dana Vespoli'),
 (577,'d','Dani Dior'),
 (578,'d','Dani Lopes'),
 (579,'d','Dani Woodward'),
 (580,'d','Danica'),
 (581,'d','Danica Collins'),
 (582,'d','Daniell'),
 (583,'d','Daniella'),
 (584,'d','Daniella Rush'),
 (585,'d','Daniella schiffer'),
 (586,'d','Danielle'),
 (587,'d','Danielle Dayne'),
 (588,'d','Danielle Derek'),
 (589,'d','Danielle Rogers'),
 (590,'d','Daniellia'),
 (591,'d','Danika'),
 (592,'d','Danni Ashe'),
 (593,'d','Danni Daire'),
 (594,'d','Danni Dior'),
 (595,'d','Danni Woodward'),
 (596,'d','Daphne Rosen'),
 (597,'d','Daria Glover'),
 (598,'d','Darla Crane'),
 (599,'d','Darlene'),
 (600,'d','Darryl Hanah'),
 (601,'d','Darryl Hannah'),
 (602,'d','Daryn Darby'),
 (603,'d','Dasani Lezian'),
 (604,'d','Dasha'),
 (605,'d','Davia Ardell'),
 (606,'d','Dayana Boromeo'),
 (607,'d','Dayton Rains'),
 (608,'d','Deanna'),
 (609,'d','Deauxma'),
 (610,'d','Debbie White'),
 (611,'d','Deborah Wells'),
 (612,'d','Dee'),
 (613,'d','Dee Baker'),
 (614,'d','Deedee'),
 (615,'d','Deedee Lynn'),
 (616,'d','Deena Daniels'),
 (617,'d','Defrancesca Gallardo'),
 (618,'d','Deja Daire'),
 (619,'d','Delfynn'),
 (620,'d','Delfynn Delage'),
 (621,'d','Delilah'),
 (622,'d','Delilah Stone'),
 (623,'d','Delilah Strong'),
 (624,'d','Delotta Brown'),
 (625,'d','Delta White'),
 (626,'d','Demi'),
 (627,'d','Demi Delia'),
 (628,'d','Demi More'),
 (629,'d','Denise K'),
 (630,'d','Desert Rose'),
 (631,'d','Desiree Cousteau'),
 (632,'d','Destiny'),
 (633,'d','Destiny Summers'),
 (634,'d','Devin Deray'),
 (635,'d','Devinn Lane'),
 (636,'d','Devlin Weed'),
 (637,'d','Devon'),
 (638,'d','Devon Lee'),
 (639,'d','Devon Michaels'),
 (640,'d','Devon Monroe'),
 (641,'d','Devyn Devine'),
 (642,'d','Diamond Foxxx'),
 (643,'d','Diamond Jackson'),
 (644,'d','Diamond Starr'),
 (645,'d','Diana Dean'),
 (646,'d','Diana DeVoe'),
 (647,'d','Diana Lane'),
 (648,'d','Diana Le'),
 (649,'d','Dillan Lauren'),
 (650,'d','Dina Jewel'),
 (651,'d','Dior'),
 (652,'d','Dita Von Teese'),
 (653,'d','Divini Rae'),
 (654,'d','Divinity Love'),
 (655,'d','Dolly Golden'),
 (656,'d','Dominica Leoni'),
 (657,'d','Dominique'),
 (658,'d','Dominique Dane'),
 (659,'d','Domino'),
 (660,'d','Donita Dunes'),
 (661,'d','Donna'),
 (662,'d','Donna Marie'),
 (663,'d','Donna Red'),
 (664,'d','Dora Venter'),
 (665,'d','Doris'),
 (666,'d','Dorota Rabczweska'),
 (667,'d','Dorothy Black'),
 (668,'d','Dorthy Black'),
 (669,'d','Dru Berrymore'),
 (670,'d','Dyanna Lauren'),
 (671,'d','Dylan Ryder'),
 (672,'d','Dynamite'),
 (673,'e','Ed Powers'),
 (674,'e','Eden'),
 (675,'e','Eden Adams'),
 (676,'e','Eden DD'),
 (677,'e','Eimi'),
 (678,'e','Elena'),
 (679,'e','Elena Grimaldi'),
 (680,'e','Elexis'),
 (681,'e','Elinor Gasset'),
 (682,'e','Elise'),
 (683,'e','Elizabeth Del Mar'),
 (684,'e','Elizabeth Lawrence'),
 (685,'e','Ellen Saint'),
 (686,'e','Ellie Idol'),
 (687,'e','Elly'),
 (688,'e','Emilie Davinci'),
 (689,'e','Emily Cartwright'),
 (690,'e','Emily Da Vinci'),
 (691,'e','Emily Davinci'),
 (692,'e','Emily Evermoore'),
 (693,'e','Emma Cummings'),
 (694,'e','Emma Heart'),
 (695,'e','Emma Starr'),
 (696,'e','Emy Reyes'),
 (697,'e','Envy'),
 (698,'e','Erica Campbell'),
 (699,'e','Erica Ellyson'),
 (700,'e','Erik Everhard'),
 (701,'e','Erika'),
 (702,'e','Erika Bella'),
 (703,'e','Erika Kole'),
 (704,'e','Erika Kusu'),
 (705,'e','Erika Lindauer'),
 (706,'e','Erin Avery'),
 (707,'e','Estelle Desanges'),
 (708,'e','Estelle Laurence'),
 (709,'e','Etna'),
 (710,'e','Eva'),
 (711,'e','Eva Angelina'),
 (712,'e','Eva black'),
 (713,'e','Eva Henger'),
 (714,'e','Eva Jordon'),
 (715,'e','Eva Karera'),
 (716,'e','Eva Kent'),
 (717,'e','Eva Lawrence'),
 (718,'e','Eva Ramon'),
 (719,'e','Eva Ramone'),
 (720,'e','Evan Stone'),
 (721,'e','Eve'),
 (722,'e','Eve Angel'),
 (723,'e','Eve Lawrence'),
 (724,'e','Eve Mayfair'),
 (725,'e','Eve Nicholson'),
 (726,'e','Evelyn Lin'),
 (727,'e','Evelyn Rhodes'),
 (728,'e','Evelyne foxy'),
 (729,'e','Ewa Sonnet'),
 (730,'f','Fabiane Thompson'),
 (731,'f','Faith'),
 (732,'f','Faith Adams'),
 (733,'f','Faith Daniels'),
 (734,'f','Faith Leon'),
 (735,'f','Fallon Sommers'),
 (736,'f','Fawna'),
 (737,'f','Faye Reagan'),
 (738,'f','Faye Runaway'),
 (739,'f','Faye Valentine'),
 (740,'f','Federica Hill'),
 (741,'f','Felecia'),
 (742,'f','Felicia'),
 (743,'f','Felony'),
 (744,'f','Finesse Navarro'),
 (745,'f','Fiona Cheeks'),
 (746,'f','Flick Shagwell'),
 (747,'f','Flower Tucci'),
 (748,'f','Foxy'),
 (749,'f','Foxy Jacky'),
 (750,'f','Francesca'),
 (751,'f','Francesca Le'),
 (752,'f','Franchezca Valentina'),
 (753,'f','Francine Dee'),
 (754,'f','Franco Rey'),
 (755,'f','Frank Major'),
 (756,'f','Frankie Dashwood'),
 (757,'f','Friday'),
 (758,'f','Fujiko Kano'),
 (759,'g','Gabriella Banks'),
 (760,'g','Gabriella Fox'),
 (761,'g','Gabriella Moon'),
 (762,'g','Gabriella Romano'),
 (763,'g','Gala Cruz'),
 (764,'g','Gauge'),
 (765,'g','Gen Padova'),
 (766,'g','Gena Lee Nolin'),
 (767,'g','Genesis Skye'),
 (768,'g','Georgia Peach'),
 (769,'g','Gia Jordan'),
 (770,'g','Gia Marie'),
 (771,'g','Gia Paloma'),
 (772,'g','Gianna'),
 (773,'g','Gianna Jolynn'),
 (774,'g','Gianna Lynn'),
 (775,'g','Gianna Michaels'),
 (776,'g','Gianna Micheals'),
 (777,'g','Gina Austin'),
 (778,'g','Gina B'),
 (779,'g','Gina Lynn'),
 (780,'g','Gina Ryder'),
 (781,'g','Gina Wild'),
 (782,'g','Ginger'),
 (783,'g','Ginger Blaze'),
 (784,'g','Ginger Devil'),
 (785,'g','Ginger Lea'),
 (786,'g','Ginger Lee'),
 (787,'g','Ginger Lynn'),
 (788,'g','Ginny'),
 (789,'g','Giovana'),
 (790,'g','Giovanna'),
 (791,'g','Giselle'),
 (792,'g','Giselle Correa'),
 (793,'g','Gisselle'),
 (794,'g','Glauren Star'),
 (795,'g','Gloria Gucci'),
 (796,'g','Greta Carlson'),
 (797,'g','Greta Milos'),
 (798,'g','Gwen'),
 (799,'g','Gwen Diamond'),
 (800,'g','Gwen Summers'),
 (801,'h','Haileey James'),
 (802,'h','Hailey'),
 (803,'h','Hailey Young'),
 (804,'h','Haley'),
 (805,'h','Haley Hunter'),
 (806,'h','Haley Paige'),
 (807,'h','Haley Scott'),
 (808,'h','Haley Wilde'),
 (809,'h','Haley Young'),
 (810,'h','Halia Hill'),
 (811,'h','Hana Slavickova'),
 (812,'h','Hanna Harper'),
 (813,'h','Hanna Hilton'),
 (814,'h','Hannah Callow'),
 (815,'h','Hannah Harper'),
 (816,'h','Hannah Hilton'),
 (817,'h','Hannah West'),
 (818,'h','Harlee Ryder'),
 (819,'h','Harmony'),
 (820,'h','Harmony Rose'),
 (821,'h','Haruka Sanada'),
 (822,'h','Hatuka Mei'),
 (823,'h','Havana Ginger'),
 (824,'h','Haylee'),
 (825,'h','Heather'),
 (826,'h','Heather Brooke'),
 (827,'h','Heather Gables'),
 (828,'h','Heather Hunter'),
 (829,'h','Heather Pink'),
 (830,'h','Heather Vahn'),
 (831,'h','Heather Vandeven'),
 (832,'h','Heidi Brooks'),
 (833,'h','Heidi Mayne'),
 (834,'h','Heidi Spice'),
 (835,'h','Helena Bush'),
 (836,'h','Helena Karel'),
 (837,'h','Herschel Savage'),
 (838,'h','Hidde Brooks'),
 (839,'h','Hidee Sin'),
 (840,'h','Hilary Scott'),
 (841,'h','Hillary Scott'),
 (842,'h','Hitomi Tanaka'),
 (843,'h','Holly'),
 (844,'h','Holly Body'),
 (845,'h','Holly Fox'),
 (846,'h','Holly Halston'),
 (847,'h','Holly Hollywood'),
 (848,'h','Holly Morgan'),
 (849,'h','Holly Sampson'),
 (850,'h','Holly Wellin'),
 (851,'h','Holly West'),
 (852,'h','Honey'),
 (853,'h','Honey Bunny'),
 (854,'h','Honey Comb'),
 (855,'h','Honey Dejour'),
 (856,'h','Honey Wilder'),
 (857,'h','Houston'),
 (858,'h','Howard Stern'),
 (859,'h','Hyapatia Lee'),
 (860,'h','Hypnotiq'),
 (861,'i','Ice La Fox'),
 (862,'i','Ilona'),
 (863,'i','Inari Vachs'),
 (864,'i','India'),
 (865,'i','Isabel Ice'),
 (866,'i','Isabella'),
 (867,'i','Isabella camille'),
 (868,'i','Isabella Dior'),
 (869,'i','Isabella Soprano'),
 (870,'i','Isis Love'),
 (871,'i','Isis Nile'),
 (872,'i','Italia Christie'),
 (873,'i','Ivana Fuckalot'),
 (874,'i','Ivana Fukalot'),
 (875,'j','Jack Napier'),
 (876,'j','Jackie Ashe'),
 (877,'j','Jackie Moore'),
 (878,'j','Jaclyn Case'),
 (879,'j','Jada Fire'),
 (880,'j','Jada Stevens'),
 (881,'j','Jade'),
 (882,'j','Jade Davin'),
 (883,'j','Jade Hsu'),
 (884,'j','Jade Marcela'),
 (885,'j','Jade Martin Hsu'),
 (886,'j','Jade Starr'),
 (887,'j','Jaden'),
 (888,'j','Jaelyn Case'),
 (889,'j','Jaelyn Fox'),
 (890,'j','Jaime Elle'),
 (891,'j','Jaime Hammer'),
 (892,'j','Jaimee Foxworth'),
 (893,'j','Jamie Brooks'),
 (894,'j','Jamie Elle'),
 (895,'j','Jamie Lamore'),
 (896,'j','Jamie Lynn'),
 (897,'j','Jamie Rae'),
 (898,'j','Jana'),
 (899,'j','Jana Cova'),
 (900,'j','Jana Miartusova'),
 (901,'j','Janaina Paes'),
 (902,'j','Jandi Lin'),
 (903,'j','Jane'),
 (904,'j','Jane Alfano'),
 (905,'j','Jane Darling'),
 (906,'j','Janet'),
 (907,'j','Janet Jacme'),
 (908,'j','Janet Peron'),
 (909,'j','Janette Desire'),
 (910,'j','Janine Lindemulder'),
 (911,'j','Jasmeen Maroc'),
 (912,'j','Jasmin'),
 (913,'j','Jasmin Sky'),
 (914,'j','Jasmin St. Claire'),
 (915,'j','Jasmine'),
 (916,'j','Jasmine Black'),
 (917,'j','Jasmine Byrne'),
 (918,'j','Jasmine Lynn'),
 (919,'j','Jasmine Rouge'),
 (920,'j','Jasmine Tame'),
 (921,'j','Jassie'),
 (922,'j','Jay Ashley'),
 (923,'j','Jay lodeeva'),
 (924,'j','Jayda Brook'),
 (925,'j','Jayden'),
 (926,'j','Jayden Fox'),
 (927,'j','Jayden James'),
 (928,'j','Jayden Jaymes'),
 (929,'j','Jayden Simone'),
 (930,'j','Jaylynn'),
 (931,'j','Jayna Oso'),
 (932,'j','Jazlin Diaz'),
 (933,'j','Jazmin'),
 (934,'j','Jazmine'),
 (935,'j','Jazmine Cashmere'),
 (936,'j','Jean Val Jean'),
 (937,'j','Jeanie Marie Sullivan'),
 (938,'j','Jeanie Rivers'),
 (939,'j','Jeanna Fine'),
 (940,'j','Jeannie pepper'),
 (941,'j','Jelena Jensen'),
 (942,'j','Jemeni'),
 (943,'j','Jemeri'),
 (944,'j','Jemstone'),
 (945,'j','Jen X'),
 (946,'j','Jenavere Jolie'),
 (947,'j','Jenaveve Jolie'),
 (948,'j','Jenna Brooks'),
 (949,'j','Jenna Fine'),
 (950,'j','Jenna Haze'),
 (951,'j','Jenna Heart'),
 (952,'j','Jenna Jameson'),
 (953,'j','Jenna Maree'),
 (954,'j','Jenna Presley'),
 (955,'j','Jenni Hendrix'),
 (956,'j','Jenni Lee'),
 (957,'j','Jennifer'),
 (958,'j','Jennifer Dark'),
 (959,'j','Jennifer Luv'),
 (960,'j','Jennifer Max'),
 (961,'j','Jennifer Stone'),
 (962,'j','Jennique Adams'),
 (963,'j','Jenny Balond'),
 (964,'j','Jenny Hendrix'),
 (965,'j','Jenny Lee'),
 (966,'j','Jenteal'),
 (967,'j','Jersey Jaxin'),
 (968,'j','Jesse Capelli'),
 (969,'j','Jesse James'),
 (970,'j','Jesse Jane'),
 (971,'j','Jessi Summers'),
 (972,'j','Jessica'),
 (973,'j','Jessica Bangkok'),
 (974,'j','Jessica Correa'),
 (975,'j','Jessica Darlin'),
 (976,'j','Jessica Difeo'),
 (977,'j','Jessica Drake'),
 (978,'j','Jessica Fiorentino'),
 (979,'j','Jessica Gayle'),
 (980,'j','Jessica Jammer'),
 (981,'j','Jessica Jaymes'),
 (982,'j','Jessica Lynn'),
 (983,'j','Jessica Moore'),
 (984,'j','Jessica Right'),
 (985,'j','Jessica Sanchez'),
 (986,'j','Jessica Sweet'),
 (987,'j','Jessica Valentino'),
 (988,'j','Jessie'),
 (989,'j','Jessie Alba'),
 (990,'j','Jessie J.'),
 (991,'j','Jessie Jolie'),
 (992,'j','Jessyca Valentino'),
 (993,'j','Jewel'),
 (994,'j','Jewel Denyle'),
 (995,'j','Jewels Jade'),
 (996,'j','Jezebelle Bond'),
 (997,'j','Jezhabelle'),
 (998,'j','Jill Kelly'),
 (999,'j','Jill Valentine'),
 (1000,'j','Jillian Foxxx'),
 (1001,'j','Joanna'),
 (1002,'j','Joanna Angel'),
 (1003,'j','Joanna Fine'),
 (1004,'j','Jocelyn'),
 (1005,'j','Jocelyn Pink'),
 (1006,'j','Jodi Cassidy'),
 (1007,'j','Jodie Moore'),
 (1008,'j','Joel Lawrence'),
 (1009,'j','John Holmes'),
 (1010,'j','John Strong'),
 (1011,'j','John West'),
 (1012,'j','Johnni Black'),
 (1013,'j','Johnny Sins'),
 (1014,'j','Jordan haze'),
 (1015,'j','Jordan Jagger'),
 (1016,'j','Jordan James'),
 (1017,'j','Jordan Page'),
 (1018,'j','Jordan Paige'),
 (1019,'j','Jordana James'),
 (1020,'j','Jordanna James'),
 (1021,'j','Jordyn Ray'),
 (1022,'j','Josephine James'),
 (1023,'j','Josette Most'),
 (1024,'j','joslyn james'),
 (1025,'j','JR carrington'),
 (1026,'j','Judita'),
 (1027,'j','Judita Jones'),
 (1028,'j','Judith Fox'),
 (1029,'j','Judy Star'),
 (1030,'j','Jules Jordan'),
 (1031,'j','Julia Ann'),
 (1032,'j','Julia Bond'),
 (1033,'j','Julia Chanel'),
 (1034,'j','Julia Channel'),
 (1035,'j','Julia Miles'),
 (1036,'j','Julia Paes'),
 (1037,'j','Julia Taylor'),
 (1038,'j','Julian'),
 (1039,'j','Juliana Grandi'),
 (1040,'j','Julianna'),
 (1041,'j','Julie'),
 (1042,'j','Julie Anston'),
 (1043,'j','Julie Ellis'),
 (1044,'j','Julie Knight'),
 (1045,'j','Julie Meadows'),
 (1046,'j','Julie Night'),
 (1047,'j','Julie Rage'),
 (1048,'j','Julie Silver'),
 (1049,'j','Juliet Anderson'),
 (1050,'j','Julissa Delor'),
 (1051,'j','Justin'),
 (1052,'j','Justine'),
 (1053,'j','Justine Ashley'),
 (1054,'j','Justine Joli'),
 (1055,'j','Justine Jolie'),
 (1056,'j','Jynx'),
 (1057,'k','Kacee'),
 (1058,'k','Kacey Jordan'),
 (1059,'k','Kaci Star'),
 (1060,'k','Kacie Lou'),
 (1061,'k','Kaede Matsushima'),
 (1062,'k','Kagney Linn Karter'),
 (1063,'k','Kaitlyn Ashley'),
 (1064,'k','Kaiya Lynn'),
 (1065,'k','Kaleah'),
 (1066,'k','Kami'),
 (1067,'k','Kamiko'),
 (1068,'k','Kandee Lixxx'),
 (1069,'k','Kapri Styles'),
 (1070,'k','Kara'),
 (1071,'k','Kara Bare'),
 (1072,'k','Kara Mynor'),
 (1073,'k','Karen Kam'),
 (1074,'k','Karen Lancaume'),
 (1075,'k','Karina Kay'),
 (1076,'k','Karise'),
 (1077,'k','Karli'),
 (1078,'k','Karlie Montana'),
 (1079,'k','Karma'),
 (1080,'k','Karolina'),
 (1081,'k','karrine steffans'),
 (1082,'k','Kascha'),
 (1083,'k','Kasey Kox'),
 (1084,'k','Kasia'),
 (1085,'k','Kassey Krystal'),
 (1086,'k','Kat'),
 (1087,'k','Katarina'),
 (1088,'k','Kate frost'),
 (1089,'k','Kate Jones'),
 (1090,'k','Kate More'),
 (1091,'k','Katerina Cox'),
 (1092,'k','Kates Playground'),
 (1093,'k','Katherine Starr'),
 (1094,'k','Kathleen Kruz'),
 (1095,'k','Kathy'),
 (1096,'k','Kathy Anderson'),
 (1097,'k','Kathy Heart'),
 (1098,'k','Katia  Killer'),
 (1099,'k','Katia Nobili'),
 (1100,'k','Katie Cummings'),
 (1101,'k','Katie Gold'),
 (1102,'k','Katie June'),
 (1103,'k','Katie Morgan'),
 (1104,'k','Katie Ray'),
 (1105,'k','Katie Thomas'),
 (1106,'k','Katie Tomas'),
 (1107,'k','Katin'),
 (1108,'k','Katja Kassin'),
 (1109,'k','Katja Kean'),
 (1110,'k','Katja Love'),
 (1111,'k','Katlyn'),
 (1112,'k','Katrin'),
 (1113,'k','Katrina'),
 (1114,'k','Katrina Ko'),
 (1115,'k','Katrina Rosebud'),
 (1116,'k','Katsumi'),
 (1117,'k','Katy'),
 (1118,'k','Kay Parker'),
 (1119,'k','Kayden Kross'),
 (1120,'k','Kaye Linn'),
 (1121,'k','Kayla Kleavage'),
 (1122,'k','Kayla Marie'),
 (1123,'k','Kayla Paige'),
 (1124,'k','Kayla Quinn'),
 (1125,'k','Kayla Synz'),
 (1126,'k','Kaylani'),
 (1127,'k','Kaylani Lei'),
 (1128,'k','Kaylee'),
 (1129,'k','Kaylee Lovkox'),
 (1130,'k','Kaylynn'),
 (1131,'k','Kea Kulani'),
 (1132,'k','Keani Lei'),
 (1133,'k','Keeani Lei'),
 (1134,'k','Keiko'),
 (1135,'k','Keiran Lee'),
 (1136,'k','Kelle Marie'),
 (1137,'k','Kelli'),
 (1138,'k','Kelly'),
 (1139,'k','Kelly Devine'),
 (1142,'k','Kelly Erickson'),
 (1143,'k','Kelly Ericson'),
 (1144,'k','Kelly Kline'),
 (1145,'k','Kelly Kroft'),
 (1146,'k','Kelly Lang'),
 (1147,'k','Kelly Madison'),
 (1148,'k','Kelly Skyline'),
 (1149,'k','Kelly Star'),
 (1150,'k','Kelly Tyler'),
 (1151,'k','Kelly Wells'),
 (1152,'k','Kelsey Michaels'),
 (1153,'k','Kelsy'),
 (1154,'k','Kendall Brooks'),
 (1155,'k','Kendra Wilkinson'),
 (1156,'k','Kenzi Marie'),
 (1157,'k','Kenzie Lee'),
 (1158,'k','Kenzie Marie'),
 (1159,'k','Keri Sable'),
 (1160,'k','Kerri Kraven'),
 (1161,'k','Kerri Sable'),
 (1162,'k','Keymore Cash'),
 (1163,'k','Kianna'),
 (1164,'k','Kianna Dior'),
 (1165,'k','Kianna Jade'),
 (1166,'k','Kid Jamaica'),
 (1167,'k','Kiki Daire'),
 (1168,'k','Kiki Klement'),
 (1169,'k','Kiki Vidis'),
 (1170,'k','Kikki Dial'),
 (1171,'k','Kim Kardashian'),
 (1172,'k','Kimberly Chambers'),
 (1173,'k','Kimberly Franklin'),
 (1174,'k','Kimberly Kane'),
 (1175,'k','Kimberly Kole'),
 (1176,'k','Kimberly Wood'),
 (1177,'k','Kimmie Cream'),
 (1178,'k','Kina Kai'),
 (1179,'k','Kinzi Marie'),
 (1180,'k','Kinzie Kenner'),
 (1181,'k','Kinzie Marie'),
 (1182,'k','Kira Kener'),
 (1183,'k','Kira Kerner'),
 (1184,'k','Kira Kroft'),
 (1185,'k','Kirsten'),
 (1186,'k','Kirsten Price'),
 (1187,'k','Kitana'),
 (1188,'k','Kitten'),
 (1189,'k','Kitty'),
 (1190,'k','Kitty Langdon'),
 (1191,'k','Kitty Marie'),
 (1192,'k','Kiwi Sweet'),
 (1193,'k','Klara Smetanova'),
 (1194,'k','Kobe Tai'),
 (1195,'k','Kozaku'),
 (1196,'k','Kream'),
 (1197,'k','Krissy Klenot'),
 (1198,'k','Kristal Summers'),
 (1199,'k','Kristen Price'),
 (1200,'k','Kristi Klenot'),
 (1201,'k','Kristi Love'),
 (1202,'k','Kristi Myst'),
 (1203,'k','Kristina Klento'),
 (1204,'k','Kristina Rose'),
 (1205,'k','Kristy Love'),
 (1206,'k','Krystal Jordan'),
 (1207,'k','Krystal Kali'),
 (1208,'k','Krystal Steal'),
 (1209,'k','Krystal Summers'),
 (1210,'k','Kurt Lockwood'),
 (1211,'k','Kyla'),
 (1212,'k','Kyla Cole'),
 (1213,'k','Kylee'),
 (1214,'k','Kylee King'),
 (1215,'k','Kylee Reese'),
 (1216,'k','Kylee Strutt'),
 (1217,'k','Kylie'),
 (1218,'k','Kylie G Worthy'),
 (1219,'k','Kylie Ireland'),
 (1220,'k','Kylie Marie'),
 (1221,'k','Kylie Reese'),
 (1222,'k','Kylie Rey'),
 (1223,'k','Kylie Wild'),
 (1224,'k','Kylie worthy'),
 (1225,'k','Kylie Wylde'),
 (1226,'k','Kyra'),
 (1227,'k','Kyra Black'),
 (1228,'k','Kyra Tyelar'),
 (1229,'l','Lacey Duvalle'),
 (1230,'l','Lacey Luv'),
 (1231,'l','Lacey Maguire'),
 (1232,'l','Lachelle marie'),
 (1233,'l','Lacie Heart'),
 (1234,'l','Lady Armani'),
 (1235,'l','Lady Snow'),
 (1236,'l','Laetitia Bisset'),
 (1237,'l','Lain Oi'),
 (1238,'l','Lainey Baron'),
 (1239,'l','Lakeisha'),
 (1240,'l','Lana Croft'),
 (1241,'l','Lana Laine'),
 (1242,'l','Lani Lane'),
 (1243,'l','Lanni Barbie'),
 (1244,'l','Lanny Barbie'),
 (1245,'l','Lara Cox'),
 (1246,'l','Lara Croft'),
 (1247,'l','Lara Stevens'),
 (1248,'l','Larissa Blond'),
 (1249,'l','Larissa Mendes'),
 (1250,'l','Larissa Vendramini'),
 (1251,'l','Laura Angel'),
 (1252,'l','Laura Bellini'),
 (1253,'l','Laura Lion'),
 (1254,'l','Laura Perego'),
 (1255,'l','Laure Sainclair'),
 (1256,'l','Lauren Foxxx'),
 (1257,'l','Lauren Kain'),
 (1258,'l','Lauren Phoenix'),
 (1259,'l','Lauren Vaughn'),
 (1260,'l','Laurie Vargas'),
 (1261,'l','Laurie Wallace'),
 (1262,'l','Laycee James'),
 (1263,'l','Layla'),
 (1264,'l','Layla Jade'),
 (1265,'l','Layla Lei'),
 (1266,'l','Layla Rivera'),
 (1267,'l','Laylani Lee'),
 (1268,'l','Lea'),
 (1269,'l','Lea De Mae'),
 (1270,'l','Lea Stevenson'),
 (1271,'l','Lea Walker'),
 (1272,'l','Leah Dizion'),
 (1273,'l','Leah Jaye'),
 (1274,'l','Leah Livington'),
 (1275,'l','Leah Luv'),
 (1276,'l','Leah Moore'),
 (1277,'l','Leah Wilde'),
 (1278,'l','Leandra Lee'),
 (1279,'l','Leanna Heart'),
 (1280,'l','Lee Ann'),
 (1281,'l','Lee Stone'),
 (1282,'l','Lee-Ann'),
 (1283,'l','Leighlani Red'),
 (1284,'l','Lela Star'),
 (1285,'l','Lena Juliett'),
 (1286,'l','Lena Juliette'),
 (1287,'l','Lena Sunshine'),
 (1288,'l','Lenka Gaborova'),
 (1289,'l','Lenny Rabbit'),
 (1290,'l','Leonie'),
 (1291,'l','Leslie Taylor'),
 (1292,'l','Leticia'),
 (1293,'l','Leticia Cline'),
 (1294,'l','Lex'),
 (1295,'l','Lex Steele'),
 (1296,'l','Lexani Banks'),
 (1297,'l','Lexi'),
 (1298,'l','Lexi Bardot'),
 (1299,'l','Lexi Bell'),
 (1300,'l','Lexi Belle'),
 (1301,'l','Lexi Cruz'),
 (1302,'l','Lexi Erickson'),
 (1303,'l','Lexi Foxx'),
 (1304,'l','Lexi Love'),
 (1305,'l','Lexi Matthews'),
 (1306,'l','Lexington Steele'),
 (1307,'l','Lexus Locklear'),
 (1308,'l','Lexxi Rain'),
 (1309,'l','Lexxi Rippa'),
 (1310,'l','Lexxi Tyler'),
 (1311,'l','Lezley Zen'),
 (1312,'l','Lichelle Marie'),
 (1313,'l','Lielani'),
 (1314,'l','Lilian Tiger'),
 (1315,'l','Liliana Moreno'),
 (1316,'l','Liliane Tiger'),
 (1317,'l','Lilly Thai'),
 (1318,'l','Lily Love'),
 (1319,'l','Lily Paige'),
 (1320,'l','Lily Thai'),
 (1321,'l','Lindsay Kay'),
 (1322,'l','Lindsay Marie'),
 (1323,'l','Lindsay Meadows'),
 (1324,'l','Lindsey Meadows'),
 (1325,'l','Linsey Dawn Mckenzie'),
 (1326,'l','Lisa Ann'),
 (1327,'l','Lisa Bella'),
 (1328,'l','Lisa Boyle'),
 (1329,'l','Lisa Daniels'),
 (1330,'l','Lisa Demarco'),
 (1331,'l','Lisa Harper'),
 (1332,'l','Lisa Lipps'),
 (1333,'l','Lisa Marie'),
 (1334,'l','Lisa Rose'),
 (1335,'l','Lisa Sommer'),
 (1336,'l','Lisa Sparkle'),
 (1337,'l','Lisa Sparxxx'),
 (1338,'l','Little Cinderella'),
 (1339,'l','Little Lupe'),
 (1340,'l','Liv Wylder'),
 (1341,'l','Liz Vicious'),
 (1342,'l','Liza'),
 (1343,'l','Liza Harper'),
 (1344,'l','Loan Laure'),
 (1345,'l','Lola'),
 (1346,'l','Lola Banks'),
 (1347,'l','Lola Lane'),
 (1348,'l','Lola Martin'),
 (1349,'l','Lolly Badcock'),
 (1350,'l','Loni'),
 (1351,'l','Loni Bunny'),
 (1352,'l','Lonnie Waters'),
 (1353,'l','Loona Lux'),
 (1354,'l','Lora Craft'),
 (1355,'l','Loredana Bontempi'),
 (1356,'l','Lorena Aquino'),
 (1357,'l','Lorena Couture'),
 (1358,'l','Lorena Sanchez'),
 (1359,'l','Lori Alexia'),
 (1360,'l','Lorna Morgan'),
 (1361,'l','Lou Charmelle'),
 (1362,'l','Lovely Anne'),
 (1363,'l','Lovely Irene'),
 (1364,'l','Luanda Boaz'),
 (1365,'l','Luba Shumeyko'),
 (1366,'l','Luccia Reyes'),
 (1367,'l','Lucia LaPiedra'),
 (1368,'l','Lucia Tovar'),
 (1369,'l','Lucianna'),
 (1370,'l','Lucie Lee'),
 (1371,'l','Lucie Theodorova'),
 (1372,'l','Lucious Lopez'),
 (1373,'l','Lucy Belle'),
 (1374,'l','Lucy Lee'),
 (1375,'l','Lucy Love'),
 (1376,'l','Lucy Lux'),
 (1377,'l','Lucy Thai'),
 (1378,'l','Luisa de Marco'),
 (1379,'l','Lulu Martinez'),
 (1380,'l','Luna Lane'),
 (1381,'l','Luoy Mai'),
 (1382,'l','Luscious Lopez'),
 (1383,'l','Luscious Louis'),
 (1384,'l','Lyla Lei'),
 (1385,'m','Mackenzee Pierce'),
 (1386,'m','Mackenzie Pierce'),
 (1387,'m','Mackenzie Star'),
 (1388,'m','Maddy'),
 (1389,'m','Madison'),
 (1390,'m','Madison Day'),
 (1391,'m','Madison Ivy'),
 (1392,'m','Madison Monroe'),
 (1393,'m','Madison Scott'),
 (1394,'m','Madison Sins'),
 (1395,'m','Madison Young'),
 (1396,'m','Maeva Exel'),
 (1397,'m','Maggie Star'),
 (1398,'m','Maiko Oshiro'),
 (1399,'m','Makenzie Piers'),
 (1400,'m','Malezia'),
 (1401,'m','Malezia Marley'),
 (1402,'m','Mallory Knoxx'),
 (1403,'m','Malorie Marx'),
 (1404,'m','Malory Marx'),
 (1405,'m','Mandi Belle'),
 (1406,'m','ManDingo'),
 (1407,'m','Mandy'),
 (1408,'m','Mandy Bright'),
 (1409,'m','Mandy Fox'),
 (1410,'m','Mandy Lee'),
 (1411,'m','Mandy May'),
 (1412,'m','Mandy Saxo'),
 (1413,'m','Marcelinha Moraes'),
 (1414,'m','Marcelli Ferraz'),
 (1415,'m','Marcellinha Moraes'),
 (1416,'m','Marco Banderas'),
 (1417,'m','Marcus'),
 (1418,'m','Maria'),
 (1419,'m','Maria Bellucci'),
 (1420,'m','Maria Moore'),
 (1421,'m','Maria Ogura'),
 (1422,'m','Maria Ozawa'),
 (1423,'m','Mariah'),
 (1424,'m','Mariah Milano'),
 (1425,'m','Mariana Sato'),
 (1426,'m','Marie Luv'),
 (1427,'m','Marie McCray'),
 (1428,'m','Marika'),
 (1429,'m','Marilyn Chambers'),
 (1430,'m','Marina Mae'),
 (1431,'m','Mark Ashley'),
 (1432,'m','Mark Davis'),
 (1433,'m','Marketa Belonoha'),
 (1434,'m','Marketa Brymova'),
 (1435,'m','Marlena'),
 (1436,'m','Marlie Moore'),
 (1437,'m','Marquetta Jewel'),
 (1438,'m','Marsha Lord'),
 (1439,'m','Martina'),
 (1440,'m','Mary Anne'),
 (1441,'m','Mary Carey'),
 (1442,'m','Mary Jane'),
 (1443,'m','Maryam'),
 (1444,'m','Masha World'),
 (1445,'m','Mason Marconi'),
 (1446,'m','Mason Storm'),
 (1447,'m','Mathilda'),
 (1448,'m','Max Hardcore'),
 (1449,'m','Max Sunset'),
 (1450,'m','Maya Divine'),
 (1451,'m','Maya Gold'),
 (1452,'m','Maya Hill'),
 (1453,'m','Maya Hills'),
 (1454,'m','Mayara Rodrigues'),
 (1455,'m','Mayara Rodriguez'),
 (1456,'m','Mayara Shelson'),
 (1457,'m','Mayra Shelsom'),
 (1458,'m','McKenzie Lee'),
 (1459,'m','McKenzie Miles'),
 (1460,'m','Meadow'),
 (1461,'m','Megan Cole'),
 (1462,'m','Megan Jones'),
 (1463,'m','Megan Madsen'),
 (1464,'m','Megan Monroe'),
 (1465,'m','Megan Moore'),
 (1466,'m','Megane'),
 (1467,'m','Meggan Powers'),
 (1468,'m','meine_muschi'),
 (1469,'m','Melanie Crush'),
 (1470,'m','Melanie Jagger'),
 (1471,'m','Melanie Jayne'),
 (1472,'m','Melanie Skyy'),
 (1473,'m','Melanie Stone'),
 (1474,'m','Melanie Sugarcube'),
 (1475,'m','Melany Jolie'),
 (1476,'m','Melissa'),
 (1477,'m','Melissa Ashley'),
 (1478,'m','Melissa Black'),
 (1479,'m','Melissa Lauren'),
 (1480,'m','Melissa Martinez'),
 (1481,'m','Melissa Milano'),
 (1482,'m','Melissa Monet'),
 (1483,'m','Melissa Pitanga'),
 (1484,'m','Mellie D'),
 (1485,'m','Mellisa Lauren'),
 (1486,'m','Melodee Bliss'),
 (1487,'m','Melody'),
 (1488,'m','Melody Max'),
 (1489,'m','Memphis Monroe'),
 (1490,'m','Mercedes'),
 (1491,'m','Mercedes Ashley'),
 (1492,'m','Mercedez'),
 (1493,'m','Meridian'),
 (1494,'m','Meriesa'),
 (1495,'m','Mia'),
 (1496,'m','Mia Bang'),
 (1497,'m','Mia Bangg'),
 (1498,'m','Mia Diamond'),
 (1499,'m','Mia Fuji'),
 (1500,'m','Mia Lina'),
 (1501,'m','Mia Park'),
 (1502,'m','Mia Rose'),
 (1503,'m','Mia Smiles'),
 (1504,'m','Mia Stone'),
 (1505,'m','Micah May'),
 (1506,'m','Micah Moore'),
 (1507,'m','Michaela Mancini'),
 (1508,'m','Michaela Soto'),
 (1509,'m','Michele Raven'),
 (1510,'m','Michelle'),
 (1511,'m','Michelle B'),
 (1512,'m','Michelle Barrett'),
 (1513,'m','Michelle Ferrari'),
 (1514,'m','Michelle Lay'),
 (1515,'m','Michelle Marsh'),
 (1516,'m','Michelle Maylene'),
 (1517,'m','Michelle Pantoliano'),
 (1518,'m','Michelle Thorne'),
 (1519,'m','Michelle Tucker'),
 (1520,'m','Michelle Wild'),
 (1521,'m','Mika Brown'),
 (1522,'m','Mika Tan'),
 (1523,'m','Mikayla'),
 (1524,'m','Mikey Butters'),
 (1525,'m','Miko Lee'),
 (1526,'m','Miko Sinz'),
 (1527,'m','Milena'),
 (1528,'m','Milena Santos'),
 (1529,'m','Milena Velba'),
 (1530,'m','Mili Jay'),
 (1531,'m','Millian Blu'),
 (1532,'m','Milly d abbraccio'),
 (1533,'m','Milly Moris'),
 (1534,'m','Milton Twins'),
 (1535,'m','Mina'),
 (1536,'m','Mindy Lee'),
 (1537,'m','Mindy Main'),
 (1538,'m','Mindy Vega'),
 (1539,'m','Minka'),
 (1540,'m','Mio Komori'),
 (1541,'m','Misha'),
 (1542,'m','Misha McKinnon'),
 (1543,'m','Miss Platinum'),
 (1544,'m','Miss Simone'),
 (1545,'m','Missy Blue'),
 (1546,'m','Missy Mae'),
 (1547,'m','Missy Monroe'),
 (1548,'m','Missy S'),
 (1549,'m','Missy Stone'),
 (1550,'m','Misti Love'),
 (1551,'m','Misty Knight'),
 (1552,'m','Misty Love'),
 (1553,'m','Misty Magenta'),
 (1554,'m','Misty Mendez'),
 (1555,'m','Misty Mild'),
 (1556,'m','Misty Stone'),
 (1557,'m','Mizuki Hana'),
 (1558,'m','Modi'),
 (1559,'m','Molly Madison'),
 (1560,'m','Molly Rome'),
 (1561,'m','Mona Lisa'),
 (1562,'m','Mona Love'),
 (1563,'m','Mone Divine'),
 (1564,'m','Monica'),
 (1565,'m','Monica Blonde'),
 (1566,'m','Monica Breeze'),
 (1567,'m','Monica Lion'),
 (1568,'m','Monica Mattos'),
 (1569,'m','Monica Mayhem'),
 (1570,'m','Monica Mendez'),
 (1571,'m','Monica Roccaforte'),
 (1572,'m','Monica Santhiago'),
 (1573,'m','Monica Sweet'),
 (1574,'m','Monica Sweethard'),
 (1575,'m','Monica Sweetheart'),
 (1576,'m','Monika'),
 (1577,'m','Monika Star'),
 (1578,'m','Monique'),
 (1579,'m','Monique Alexander'),
 (1580,'m','Monique Dane'),
 (1581,'m','Montanna Rae'),
 (1582,'m','Morgan March'),
 (1583,'m','Morgan Reigns'),
 (1584,'m','Mr Marcus'),
 (1585,'m','Mr Pete'),
 (1586,'m','Mr.Marcus'),
 (1587,'m','Ms. Juicy'),
 (1588,'m','Ms. Panther'),
 (1589,'m','Mya Diamond'),
 (1590,'m','Mya G'),
 (1591,'m','Mya Gates'),
 (1592,'m','Mya Lovely'),
 (1593,'m','Mya Luanna'),
 (1594,'m','Mya Mason'),
 (1595,'m','Mya Nichole'),
 (1596,'m','Myah Monroe'),
 (1597,'m','Myka Rain'),
 (1598,'m','Myra Luxe'),
 (1599,'m','Mysti May'),
 (1600,'n','Nacho Vidal'),
 (1601,'n','Nadi Phuket'),
 (1602,'n','Nadia'),
 (1603,'n','Nadia Foster'),
 (1604,'n','Nadia Hilton'),
 (1605,'n','Nadia Marie'),
 (1606,'n','Nadia Sin'),
 (1607,'n','Nadia Styles'),
 (1608,'n','Nadia Stylez'),
 (1609,'n','Nadia Taylor'),
 (1610,'n','Nadine Jansen'),
 (1611,'n','Nancy Sweet'),
 (1612,'n','Naomi'),
 (1613,'n','Naomi Cruise'),
 (1614,'n','Naomi Marcela'),
 (1615,'n','Naomi Russell'),
 (1616,'n','Naomi St Claire'),
 (1617,'n','Natalia Rossi'),
 (1618,'n','Natalia Zeta'),
 (1619,'n','Natalie'),
 (1620,'n','Natalie Minx'),
 (1621,'n','Natalie Sparks'),
 (1622,'n','Natalli Di Angelo'),
 (1623,'n','Natalli Diangelo'),
 (1624,'n','Natasha Babich'),
 (1625,'n','Natasha Nice'),
 (1626,'n','Nathalie'),
 (1627,'n','Natie'),
 (1628,'n','Naudia Nyce'),
 (1629,'n','Naughty Allie'),
 (1630,'n','Naughty Julie'),
 (1631,'n','Naughty Sarah'),
 (1632,'n','Nautica Binx'),
 (1633,'n','Nautica Thorn'),
 (1634,'n','Nella'),
 (1635,'n','Nella Von Hells'),
 (1636,'n','Nella Von Wells'),
 (1637,'n','Nelly Hunter'),
 (1638,'n','Nessa Devil'),
 (1639,'n','Next Door Nikki'),
 (1640,'n','Nici Sterling'),
 (1641,'n','Nick Manning'),
 (1642,'n','Nicki Hunter'),
 (1643,'n','Nicky'),
 (1644,'n','Nicky Angel'),
 (1645,'n','Nicky Reed'),
 (1646,'n','Nicole'),
 (1647,'n','Nicole Graves'),
 (1648,'n','Nicole London'),
 (1649,'n','Nicole Moderna'),
 (1650,'n','Nicole Ray'),
 (1651,'n','Nicole Sheridan'),
 (1652,'n','Nika'),
 (1653,'n','Nika Mamic'),
 (1654,'n','Nika Noir'),
 (1655,'n','Nikara'),
 (1656,'n','Nike'),
 (1657,'n','Niki Blond'),
 (1658,'n','Niki Dark'),
 (1659,'n','Niki Voss'),
 (1660,'n','Nikita Denise'),
 (1661,'n','Nikki'),
 (1662,'n','Nikki Anderson'),
 (1663,'n','Nikki Benz'),
 (1664,'n','Nikki Blaze'),
 (1665,'n','Nikki Blond'),
 (1666,'n','Nikki Blonde'),
 (1667,'n','Nikki Charm'),
 (1668,'n','Nikki Coxxx'),
 (1669,'n','Nikki Hillton'),
 (1670,'n','Nikki Hunter'),
 (1671,'n','Nikki Jayne'),
 (1672,'n','Nikki Kane'),
 (1673,'n','Nikki Loren'),
 (1674,'n','Nikki Luv'),
 (1675,'n','Nikki Montana'),
 (1676,'n','Nikki Newgate'),
 (1677,'n','Nikki Nievez'),
 (1678,'n','Nikki Rhodes'),
 (1679,'n','Nikki Rider'),
 (1680,'n','Nikki Ryder'),
 (1681,'n','Nikki Sun'),
 (1682,'n','Nikki Tyler'),
 (1683,'n','Niky Blue'),
 (1684,'n','Nina'),
 (1685,'n','Nina Belle'),
 (1686,'n','Nina Ferrari'),
 (1687,'n','Nina Hartley'),
 (1688,'n','Nina Mercedez'),
 (1689,'n','Nina Robert'),
 (1690,'n','Nina Roberts'),
 (1691,'n','Niya Yu'),
 (1692,'n','Nomi'),
 (1693,'n','Nora Davis'),
 (1694,'n','Nyomi Banxxx'),
 (1695,'n','Nyomi Marcella'),
 (1696,'n','Nyomi Zen'),
 (1697,'o','Oasis Starlight'),
 (1698,'o','Obsession'),
 (1699,'o','Odessa Marley'),
 (1700,'o','Oksana'),
 (1701,'o','Olga Martinez'),
 (1702,'o','Olivia'),
 (1703,'o','Olivia De Treville'),
 (1704,'o','Olivia Del Rio'),
 (1705,'o','Olivia La Roche'),
 (1706,'o','Olivia Olovely'),
 (1707,'o','Olivia O`Lovely'),
 (1708,'o','Olivia Winters'),
 (1709,'o','Ollie'),
 (1710,'o','Osa Lovely'),
 (1713,'p','Page Morgan'),
 (1714,'p','Paige'),
 (1715,'p','Paige Taylor'),
 (1716,'p','Paige Turner'),
 (1717,'p','Paisley Adams'),
 (1718,'p','Paizley Adams'),
 (1719,'p','pamela'),
 (1720,'p','Pamela Ann'),
 (1721,'p','Pamela Butt'),
 (1722,'p','Pamela French'),
 (1723,'p','Pamela London'),
 (1724,'p','Pandemonia'),
 (1725,'p','Pantera'),
 (1726,'p','Paola'),
 (1727,'p','Paola Rey'),
 (1728,'p','Paradice'),
 (1729,'p','Paradise'),
 (1730,'p','Paris'),
 (1731,'p','Paris Gables'),
 (1732,'p','Paris Lee'),
 (1733,'p','Paris Parker'),
 (1734,'p','Pason'),
 (1735,'p','Patricia'),
 (1736,'p','Patricia Diamon'),
 (1737,'p','Patricia Diamond'),
 (1738,'p','Patricia Petite'),
 (1739,'p','Patricia Santana'),
 (1740,'p','Paulina'),
 (1741,'p','Paulina James'),
 (1742,'p','Paulinha'),
 (1743,'p','Payton Lafferty'),
 (1744,'p','Peaches'),
 (1745,'p','Pebbles'),
 (1746,'p','Penny Flame'),
 (1747,'p','Penny Porsche'),
 (1748,'p','Pepper Foxxx'),
 (1749,'p','Persia'),
 (1750,'p','Persia DeCarlo'),
 (1751,'p','Peter North'),
 (1752,'p','Petra'),
 (1753,'p','Petra Pearl'),
 (1754,'p','Phoebe'),
 (1755,'p','Phoenix Marie'),
 (1756,'p','Pinky'),
 (1757,'p','Pinky Swear'),
 (1758,'p','Piper Fawn'),
 (1759,'p','Pleasure'),
 (1760,'p','Pleasure Bunny'),
 (1761,'p','Pocahontas'),
 (1762,'p','Poppy Morgan'),
 (1763,'p','Porsha'),
 (1764,'p','Presley Maddox'),
 (1765,'p','Princess Adina'),
 (1766,'p','Princyany Carvahlo'),
 (1767,'p','Priscila'),
 (1768,'p','Priscilla Milan'),
 (1769,'p','Priscilla Salerno'),
 (1770,'p','Priscilla Taylor'),
 (1771,'p','Priva'),
 (1772,'p','Priya Rai'),
 (1773,'p','Promise'),
 (1774,'p','Puma Black'),
 (1775,'p','Puma Swede'),
 (1776,'q','Queeni'),
 (1777,'q','Quincy May'),
 (1778,'r','Rachel'),
 (1779,'r','Rachel Love'),
 (1780,'r','Rachel Milan'),
 (1781,'r','Rachel Rotten'),
 (1782,'r','Rachel Roxx'),
 (1783,'r','Rachel Roxxx'),
 (1784,'r','Rachel Salori'),
 (1785,'r','Rachel Solari'),
 (1786,'r','Rachel Starr'),
 (1787,'r','Rachell Ann'),
 (1788,'r','Racquel Darrian'),
 (1789,'r','Rady'),
 (1790,'r','Rainy'),
 (1791,'r','Ramona Luv'),
 (1792,'r','Randi Storm'),
 (1793,'r','Randi Wright'),
 (1794,'r','Randy Angelika'),
 (1795,'r','Raven Riley'),
 (1796,'r','Raylene'),
 (1797,'r','Raylin'),
 (1798,'r','Rebeca Linares'),
 (1799,'r','Rebecca Bardoux'),
 (1800,'r','Rebecca Linares'),
 (1801,'r','Rebecca Lord'),
 (1802,'r','Rebecca Love'),
 (1803,'r','Rebecca Wild'),
 (1804,'r','Red Haven'),
 (1805,'r','Red Heaven'),
 (1806,'r','Regan Reese'),
 (1807,'r','Regina Hall'),
 (1808,'r','Regina Ice'),
 (1809,'r','Regina Moon'),
 (1810,'r','Regina Ryder'),
 (1811,'r','Regina Sipos'),
 (1812,'r','Reina Leone'),
 (1813,'r','Renae Cruz'),
 (1814,'r','Renata'),
 (1815,'r','Renata Angel'),
 (1816,'r','Renata Daninsky'),
 (1817,'r','Renea Cruz'),
 (1818,'r','Renee LaRue'),
 (1819,'r','Renee Porneiro'),
 (1820,'r','Renee Pornero'),
 (1821,'r','Renee Richards'),
 (1822,'r','Renna Ryanns'),
 (1823,'r','Reyna cruz'),
 (1824,'r','Rhiannon Bray'),
 (1825,'r','Ria Lynn'),
 (1826,'r','Ricki White'),
 (1827,'r','Ricky White'),
 (1828,'r','Rico Strong'),
 (1829,'r','Rika Sakurai'),
 (1830,'r','Riley Evans'),
 (1831,'r','Riley Mason'),
 (1832,'r','Rio'),
 (1833,'r','Rio Mariah'),
 (1834,'r','Risi Sims'),
 (1835,'r','Rita Faltoya'),
 (1836,'r','Rita Faltoyano'),
 (1837,'r','Rita G.'),
 (1838,'r','Rita Neri'),
 (1839,'r','Rob Rotten'),
 (1840,'r','Roberta Missoni'),
 (1841,'r','Rocco'),
 (1842,'r','Rocco Siffre'),
 (1843,'r','Rocco Siffredi'),
 (1844,'r','Rodney Moore'),
 (1845,'r','Rogue'),
 (1846,'r','Rogue Lee'),
 (1847,'r','Ron Jeremy'),
 (1848,'r','Rosanna Rose'),
 (1849,'r','Rose'),
 (1850,'r','Roxanna'),
 (1851,'r','Roxanne Hall'),
 (1852,'r','Roxetta'),
 (1853,'r','Roxi Ray'),
 (1854,'r','Roxxxy Rush'),
 (1855,'r','Roxy'),
 (1856,'r','Roxy Carter'),
 (1857,'r','Roxy Deville'),
 (1858,'r','Roxy Jezel'),
 (1859,'r','Roxy Panther'),
 (1860,'r','Roxy Reynolds'),
 (1861,'r','Rozy Jezel'),
 (1862,'r','Ruby Knox'),
 (1863,'r','Ruby Luxe'),
 (1864,'r','Rucca Page'),
 (1865,'r','Rucca Paige'),
 (1866,'r','Rukhsana'),
 (1867,'r','Ryaan Reynolds'),
 (1868,'r','Ryaan-Reynolds'),
 (1869,'r','Ryan Conner'),
 (1870,'r','Ryder Skye'),
 (1871,'s','Saana'),
 (1872,'s','Sabara'),
 (1873,'s','Sabina Black'),
 (1874,'s','Sabine Mallory'),
 (1875,'s','Sabrina Jade'),
 (1876,'s','Sabrina Lins'),
 (1877,'s','Sabrina Ricci'),
 (1878,'s','Sabrina Rose'),
 (1879,'s','Sabrina Summers'),
 (1880,'s','Sabrine Maui'),
 (1881,'s','Sadie Jones'),
 (1882,'s','Sadie West'),
 (1883,'s','Sahara Knite'),
 (1884,'s','Sakura Sena'),
 (1885,'s','Sam'),
 (1886,'s','Samantha'),
 (1887,'s','Samantha Gauge'),
 (1888,'s','Samantha Ryan'),
 (1889,'s','Samantha Sin'),
 (1890,'s','Samantha South'),
 (1891,'s','Samantha Stylle'),
 (1892,'s','Samira'),
 (1893,'s','Sammie Rhodes'),
 (1894,'s','Sammie Sparks'),
 (1895,'s','Sammy Cruz'),
 (1896,'s','Samone Taylor'),
 (1897,'s','Sana Fey'),
 (1898,'s','Sandee Westgate'),
 (1899,'s','Sandra'),
 (1900,'s','Sandra Brown'),
 (1901,'s','Sandra Kalerman'),
 (1902,'s','Sandra Kalermen'),
 (1903,'s','Sandra Kay'),
 (1904,'s','Sandra Mark'),
 (1905,'s','Sandra Romain'),
 (1906,'s','Sandra Russo'),
 (1907,'s','Sandra Sanchez'),
 (1908,'s','Sandra Shine'),
 (1909,'s','Sandy'),
 (1910,'s','Sandy Joy'),
 (1911,'s','Sandy Knight'),
 (1912,'s','Sandy Simmers'),
 (1913,'s','Sandy Style'),
 (1914,'s','Sandy Summer'),
 (1915,'s','Sandy Summers'),
 (1916,'s','Sandy Sweet'),
 (1917,'s','Sandy Westgate'),
 (1918,'s','Saphire Rae'),
 (1919,'s','Sara Faye'),
 (1920,'s','Sara Jay'),
 (1921,'s','sara muller'),
 (1922,'s','Sara Stone'),
 (1923,'s','Sarah'),
 (1924,'s','Sarah Blake'),
 (1925,'s','Sarah Blue'),
 (1926,'s','Sarah Connor'),
 (1927,'s','Sarah Jay'),
 (1928,'s','Sarah Jessie'),
 (1929,'s','Sarah Moon'),
 (1930,'s','Sarah Sinn'),
 (1931,'s','Sarah Stone'),
 (1932,'s','Sarah Twain'),
 (1933,'s','Sarah Vandella'),
 (1934,'s','Sarah Young'),
 (1935,'s','Sascha Sin'),
 (1936,'s','Sasha Blonde'),
 (1937,'s','Sasha Grey'),
 (1938,'s','Sasha Knox'),
 (1939,'s','Satine Phoenix'),
 (1940,'s','Sativa Rose'),
 (1941,'s','Savanah Gold'),
 (1942,'s','Savanna Samson'),
 (1943,'s','Savannah Gold'),
 (1944,'s','Savannah Stern'),
 (1945,'s','Sayaka Ando'),
 (1946,'s','Scarlet Owhora'),
 (1947,'s','Scarlett Ash'),
 (1948,'s','Scarlett Pain'),
 (1949,'s','Scarlett Ventura'),
 (1950,'s','Scott Nails'),
 (1951,'s','Sean Michaels'),
 (1952,'s','Seattle'),
 (1953,'s','Selena spice'),
 (1954,'s','Serena South'),
 (1955,'s','Sexy Luna'),
 (1956,'s','Shai Lee'),
 (1957,'s','Shannon Kelly'),
 (1958,'s','Sharka Blue'),
 (1959,'s','Sharon Babe'),
 (1960,'s','Sharon Wild'),
 (1961,'s','Shawna Lenee'),
 (1962,'s','Shawnie'),
 (1963,'s','Shay Lamar'),
 (1964,'s','Shay Laren'),
 (1965,'s','Shay Sights'),
 (1966,'s','Shay Sweet'),
 (1967,'s','Shayla LaVeaux'),
 (1968,'s','Shayna Knight'),
 (1969,'s','Sheila Marie'),
 (1970,'s','Sheila Rossi'),
 (1971,'s','Shelby Belle'),
 (1972,'s','Sherilyn'),
 (1973,'s','Sheryl Ann'),
 (1974,'s','Shi Reeves'),
 (1975,'s','Shine'),
 (1976,'s','Shiori Fujitani'),
 (1977,'s','Shy Love'),
 (1978,'s','Shyla Carmella'),
 (1979,'s','Shyla Styles'),
 (1980,'s','Shyla Stylez'),
 (1981,'s','Sibel Kekili'),
 (1982,'s','Sidney Kapri'),
 (1983,'s','Sienna West'),
 (1984,'s','Sierra'),
 (1985,'s','Sierra Sinn'),
 (1986,'s','Sierra Snow'),
 (1987,'s','Silvia Saint'),
 (1988,'s','Simona Sun'),
 (1989,'s','Simona Valli'),
 (1990,'s','Simone'),
 (1991,'s','Simone Claire'),
 (1992,'s','Simone Peach'),
 (1993,'s','Simone Riley'),
 (1994,'s','Simone Styles'),
 (1995,'s','Simony'),
 (1996,'s','Simony Diamond'),
 (1997,'s','Sindee Cox'),
 (1998,'s','sindee coxx'),
 (1999,'s','Sindee Jennings'),
 (2000,'s','Sinn Sage'),
 (2001,'s','Sinnamon Love'),
 (2002,'s','SinNye Lang'),
 (2003,'s','Sky Jolie'),
 (2004,'s','Sky Lopez'),
 (2005,'s','Skyy Black'),
 (2006,'s','Slovana'),
 (2007,'s','Smokie Flame'),
 (2008,'s','Sofia Gucci'),
 (2009,'s','Sofia Sandobar'),
 (2010,'s','Sofia Valentine'),
 (2011,'s','Soma'),
 (2012,'s','Soma Snakeoil'),
 (2013,'s','Sondra Hall'),
 (2014,'s','Sonia'),
 (2015,'s','Sonia Eyes'),
 (2016,'s','Sonia Red'),
 (2017,'s','Sophia'),
 (2018,'s','Sophia Castello'),
 (2019,'s','Sophia Dee'),
 (2020,'s','Sophia Gently'),
 (2021,'s','Sophia Lynn'),
 (2022,'s','Sophia Rain'),
 (2023,'s','Sophia Young'),
 (2024,'s','Sophie Dee'),
 (2025,'s','Sophie Evans'),
 (2026,'s','Sophie Moone'),
 (2027,'s','Sophie Santi'),
 (2028,'s','Sophie Sweet'),
 (2029,'s','Soraya Rico'),
 (2030,'s','Stacey Cash'),
 (2031,'s','Stacey Donovan'),
 (2032,'s','Staci Thorn'),
 (2033,'s','Stacy Adams'),
 (2034,'s','Stacy Silver'),
 (2035,'s','Stacy Valentine'),
 (2036,'s','Star E Knight'),
 (2037,'s','Stella'),
 (2038,'s','Stella Delcroix'),
 (2039,'s','Stella Hot'),
 (2040,'s','Stephanie'),
 (2041,'s','Stephanie Cane'),
 (2042,'s','Stephanie Kane'),
 (2043,'s','Stephanie Sartori'),
 (2044,'s','Stephanie Swift'),
 (2045,'s','Stephanie Tripp'),
 (2046,'s','Steve Holmes'),
 (2047,'s','Stormy Daniels'),
 (2048,'s','Stormy Waters'),
 (2049,'s','Stoya'),
 (2050,'s','Stoya Doll'),
 (2051,'s','Stracy'),
 (2052,'s','Strockahontas'),
 (2053,'s','Succubus'),
 (2054,'s','Sue Diamond'),
 (2055,'s','Sugar Kain'),
 (2056,'s','Sumay'),
 (2057,'s','Summer'),
 (2058,'s','Summer Breeze'),
 (2059,'s','Summer Cummings'),
 (2060,'s','Summer Nyte'),
 (2061,'s','Summer Sinn'),
 (2062,'s','Summer Storm'),
 (2063,'s','Sunny Blue'),
 (2064,'s','Sunny Lane'),
 (2065,'s','Sunny Leone'),
 (2066,'s','Sunny Maine'),
 (2067,'s','Sunrise Adams'),
 (2068,'s','Sunshine'),
 (2069,'s','Susana Spears'),
 (2070,'s','Susanna White'),
 (2071,'s','Susie Diamond'),
 (2072,'s','Suzana'),
 (2073,'s','Suzie Carina'),
 (2074,'s','Suzie Diamond'),
 (2075,'s','Swan'),
 (2076,'s','Sweet Nicky'),
 (2077,'s','Sweety'),
 (2078,'s','Sybia'),
 (2079,'s','Sydnee Capri'),
 (2080,'s','Sydnee Steel'),
 (2081,'s','Sydnee Steele'),
 (2082,'s','Sydney'),
 (2083,'s','Sydney Capri'),
 (2084,'s','Sydney Moon'),
 (2085,'s','Sylvia'),
 (2086,'t','Tabitha Stern'),
 (2087,'t','Tabitha Stevens'),
 (2088,'t','Tami Monroe'),
 (2089,'t','Tamiry Chiarari'),
 (2090,'t','Tania Russof'),
 (2091,'t','Tanya Danielle'),
 (2092,'t','Tanya James'),
 (2093,'t','Tara'),
 (2094,'t','Tara Polston'),
 (2095,'t','Tarah White'),
 (2096,'t','Tarra White'),
 (2097,'t','Taryn Thomas'),
 (2098,'t','Tasia'),
 (2099,'t','Tatiana'),
 (2100,'t','Tawny'),
 (2101,'t','Tawny Roberts'),
 (2102,'t','Taya Cruz'),
 (2103,'t','Taylor Bow'),
 (2104,'t','Taylor Chanel'),
 (2105,'t','Taylor Hayes'),
 (2106,'t','Taylor Hill'),
 (2107,'t','Taylor Lynn'),
 (2108,'t','Taylor Rain'),
 (2109,'t','Taylor St. Claire'),
 (2110,'t','Taylor Starr'),
 (2111,'t','Taylor Wane'),
 (2112,'t','Taylor Wayne'),
 (2113,'t','Teagan Presely'),
 (2114,'t','Teagan Presley'),
 (2115,'t','Teanna Kai'),
 (2116,'t','Teena'),
 (2117,'t','Tera Joy'),
 (2118,'t','Tera Patrick'),
 (2119,'t','Tera White'),
 (2120,'t','Tereza Sweet'),
 (2121,'t','Teri Weigel'),
 (2122,'t','Terri'),
 (2123,'t','Terri Summers'),
 (2124,'t','Texas Presley'),
 (2125,'t','Thai Michelle'),
 (2126,'t','Thi Michele'),
 (2127,'t','Tia'),
 (2128,'t','Tia Bella'),
 (2129,'t','Tia Ling'),
 (2130,'t','Tia Sweets'),
 (2131,'t','Tia Tanaka'),
 (2132,'t','Tiana Lynn'),
 (2133,'t','Tianna Lynn'),
 (2134,'t','Tiffany'),
 (2135,'t','Tiffany Brookes'),
 (2136,'t','Tiffany Diamond'),
 (2137,'t','Tiffany Holida'),
 (2138,'t','Tiffany Holiday'),
 (2139,'t','Tiffany Hopkins'),
 (2140,'t','Tiffany Mason'),
 (2141,'t','Tiffany Mynx'),
 (2142,'t','Tiffany Preston'),
 (2143,'t','Tiffany Price'),
 (2144,'t','Tiffany Rayne'),
 (2145,'t','Tiffany Rousso'),
 (2146,'t','Tiffany Roxxx'),
 (2147,'t','Tiffany Taylor'),
 (2148,'t','Tiger'),
 (2149,'t','Tila Tequila'),
 (2150,'t','Tina Gabriel'),
 (2151,'t','Tinkerbell'),
 (2152,'t','Titney Spheres'),
 (2153,'t','Tj Hart'),
 (2154,'t','Tolly Cristall'),
 (2155,'t','Tommi Rose'),
 (2156,'t','Toni Salas'),
 (2157,'t','Tony Eveready'),
 (2158,'t','Tori Black'),
 (2159,'t','Tori Lane'),
 (2160,'t','Tori Secrets'),
 (2161,'t','Tori Welles'),
 (2162,'t','Tory Lane'),
 (2163,'t','Totally Tabitha'),
 (2164,'t','Tracey Adams'),
 (2165,'t','Tricia Oaks'),
 (2166,'t','Trina Michael'),
 (2167,'t','Trina Michaels'),
 (2168,'t','Trinity'),
 (2169,'t','Trinity James'),
 (2170,'t','Trinity Morgana'),
 (2171,'t','Trinity Post'),
 (2172,'t','Trisha'),
 (2173,'t','Trisha Brill'),
 (2174,'t','Trisha Ray'),
 (2175,'t','Trisha Rey'),
 (2176,'t','Tristal'),
 (2177,'t','Tristan Kingsley'),
 (2178,'t','Trixie Cas'),
 (2179,'t','TT-boy'),
 (2180,'t','Tyana Mils'),
 (2181,'t','Tyce Bune'),
 (2182,'t','Tyla Wynn'),
 (2183,'t','Tyler'),
 (2184,'t','Tyler Faith'),
 (2185,'t','Tyler Stevenz'),
 (2186,'t','Tyra Banxxx'),
 (2187,'t','Tyra Misoux'),
 (2188,'t','Tyra Moore'),
 (2189,'v','Valentina'),
 (2190,'v','Valentina Blue'),
 (2191,'v','Valentina Rossini'),
 (2192,'v','Valentina Velasques'),
 (2193,'v','Valentine Demy'),
 (2194,'v','Valerie Vasquez'),
 (2195,'v','Valleria Jones'),
 (2196,'v','Vanessa'),
 (2197,'v','Vanessa Blue'),
 (2198,'v','Vanessa Figueroa'),
 (2199,'v','Vanessa G'),
 (2200,'v','Vanessa Lane'),
 (2201,'v','Vanessa Lynn'),
 (2202,'v','Vanessa Monet'),
 (2203,'v','Vanessa Paradise'),
 (2204,'v','Vanessa Rubec'),
 (2205,'v','Vanessa Valenzuela'),
 (2206,'v','Vanilla De Ville'),
 (2207,'v','Vanilla Skye'),
 (2208,'v','Velicity Von'),
 (2209,'v','Venus'),
 (2210,'v','Veronica Caine'),
 (2211,'v','Veronica Clinton'),
 (2212,'v','Veronica Da Souza'),
 (2213,'v','Veronica Hill'),
 (2214,'v','Veronica Ianoza'),
 (2215,'v','Veronica Jett'),
 (2216,'v','Veronica Lynn'),
 (2217,'v','Veronica Raquel'),
 (2218,'v','Veronica Rayne'),
 (2219,'v','Veronica Rose'),
 (2220,'v','Veronica Sanchez'),
 (2221,'v','Veronica Simon'),
 (2222,'v','Veronica Stone'),
 (2223,'v','Veronica Vanoza'),
 (2224,'v','Veronica Zemanova'),
 (2225,'v','Veronika'),
 (2226,'v','Veronika Raquel'),
 (2227,'v','Veronika Simon'),
 (2228,'v','Veronika Zemanova'),
 (2229,'v','Veronique Vega'),
 (2230,'v','Vianey Cruz'),
 (2231,'v','Vica Ryder'),
 (2232,'v','Vickie Powell'),
 (2233,'v','Vicky'),
 (2234,'v','Vicky Vette'),
 (2235,'v','Victoria'),
 (2236,'v','Victoria Allure'),
 (2237,'v','Victoria Brown'),
 (2238,'v','Victoria Del Rio'),
 (2239,'v','Victoria Givens'),
 (2240,'v','Victoria Lan'),
 (2241,'v','Victoria Red'),
 (2242,'v','Victoria Rose'),
 (2243,'v','Victoria Rush'),
 (2244,'v','Victoria Sin'),
 (2245,'v','Victoria Sinn'),
 (2246,'v','Victoria Sweet'),
 (2247,'v','Vida Guerra'),
 (2248,'v','Violet Blue'),
 (2249,'v','Virginie Gervais'),
 (2250,'v','Vivian Schmitt'),
 (2251,'v','Vivian Valentine'),
 (2252,'v','Vixen'),
 (2253,'v','Voodoo'),
 (2254,'w','Wanda Curtis'),
 (2255,'w','Wendy'),
 (2256,'w','Wendy James'),
 (2257,'w','Wesley Pipes'),
 (2258,'w','Whitney Stevens'),
 (2259,'w','Whitney Wonders'),
 (2260,'w','Winter Sky'),
 (2261,'w','Wolfie'),
 (2262,'y','Yana'),
 (2263,'y','Yasmene Milan'),
 (2264,'y','Yasmine'),
 (2265,'y','Yasmine Gold'),
 (2266,'y','Yasmine Love'),
 (2267,'y','Yasmyne Fitzgerald'),
 (2268,'y','Yumi'),
 (2269,'y','Yvette'),
 (2270,'z','Zafira'),
 (2271,'z','Zdenka Podkapova'),
 (2272,'z','Zeina Heart'),
 (2273,'z','Zenza Raggi'),
 (2274,'z','Zoe'),
 (2275,'z','Zoe Britton'),
 (2276,'z','Zoe Matthews'),
 (2277,'z','Zoe Stunner'),
 (2278,'z','Zoey Andrews'),
 (2279,'z','Zuzana Zeleznovova');
UNLOCK TABLES;
/*!40000 ALTER TABLE `tbl_stars` ENABLE KEYS */;


--
-- Definition of table `agsi`.`tbl_tag_links`
--

DROP TABLE IF EXISTS `agsi`.`tbl_tag_links`;
CREATE TABLE  `agsi`.`tbl_tag_links` (
  `id` int(10) unsigned NOT NULL AUTO_INCREMENT,
  `tag_id` int(10) unsigned NOT NULL,
  `title` varchar(255) NOT NULL,
  `url` varchar(255) NOT NULL,
  PRIMARY KEY (`id`)
) ENGINE=MyISAM AUTO_INCREMENT=9 DEFAULT CHARSET=utf8;

--
-- Dumping data for table `agsi`.`tbl_tag_links`
--

/*!40000 ALTER TABLE `tbl_tag_links` DISABLE KEYS */;
LOCK TABLES `tbl_tag_links` WRITE;
INSERT INTO `agsi`.`tbl_tag_links` VALUES  (1,992,'Tube de videos porno getting','http://agsus/tag/getting.html'),
 (2,993,'Tube de videos porno nailed','http://agsus/tag/nailed.html'),
 (3,994,'Tube de videos porno rectal','http://agsus/tag/rectal.html'),
 (4,995,'Tube de videos porno rooter','http://agsus/tag/rooter.html'),
 (5,996,'Tube de videos porno wedding','http://agsus/tag/wedding.html'),
 (6,997,'Tube de videos porno asian','http://agsus/tag/asian.html'),
 (7,998,'Tube de videos porno ready','http://agsus/tag/ready.html'),
 (8,999,'Tube de videos porno hammered','http://agsus/tag/hammered.html');
UNLOCK TABLES;
/*!40000 ALTER TABLE `tbl_tag_links` ENABLE KEYS */;


--
-- Definition of table `agsi`.`tbl_user_has_usergroup`
--

DROP TABLE IF EXISTS `agsi`.`tbl_user_has_usergroup`;
CREATE TABLE  `agsi`.`tbl_user_has_usergroup` (
  `user_id` int(10) unsigned NOT NULL,
  `group_id` int(10) unsigned NOT NULL,
  `jointime` int(11) NOT NULL,
  PRIMARY KEY (`user_id`,`group_id`)
) ENGINE=InnoDB DEFAULT CHARSET=utf8;

--
-- Dumping data for table `agsi`.`tbl_user_has_usergroup`
--

/*!40000 ALTER TABLE `tbl_user_has_usergroup` DISABLE KEYS */;
LOCK TABLES `tbl_user_has_usergroup` WRITE;
UNLOCK TABLES;
/*!40000 ALTER TABLE `tbl_user_has_usergroup` ENABLE KEYS */;


--
-- Definition of table `agsi`.`tbl_user_visit`
--

DROP TABLE IF EXISTS `agsi`.`tbl_user_visit`;
CREATE TABLE  `agsi`.`tbl_user_visit` (
  `user_id` int(11) NOT NULL DEFAULT '0',
  `advertising_campaign_id` int(11) NOT NULL,
  `ip_addr` varchar(12) NOT NULL,
  `country` varchar(255) NOT NULL,
  `id` int(11) NOT NULL AUTO_INCREMENT,
  `user_agent` varchar(255) NOT NULL,
  `visittime` int(11) NOT NULL,
  PRIMARY KEY (`id`),
  KEY `fk_users_has_advertising_campaign_users1` (`user_id`),
  KEY `fk_users_has_advertising_campaign_advertising_campaign1` (`advertising_campaign_id`)
) ENGINE=InnoDB AUTO_INCREMENT=981 DEFAULT CHARSET=latin1;

--
-- Dumping data for table `agsi`.`tbl_user_visit`
--

/*!40000 ALTER TABLE `tbl_user_visit` DISABLE KEYS */;
LOCK TABLES `tbl_user_visit` WRITE;
INSERT INTO `agsi`.`tbl_user_visit` VALUES  (2,1036,'0','1',1,'',0),
 (2,1039,'0','1',2,'',0),
 (2,1035,'0','2',3,'',0),
 (20,1038,'0','2',4,'',0),
 (20,1046,'0','1',5,'',0),
 (20,1035,'10','7',6,'',0),
 (20,1044,'0','2',7,'',0),
 (20,1037,'0','1',8,'',0),
 (20,1034,'0','2',9,'',0),
 (20,1040,'0','1',10,'',0),
 (20,1036,'0','1',11,'',0),
 (20,1039,'0','1',12,'',0),
 (2,1038,'0','1',13,'',0),
 (2,1041,'0','1',14,'',0),
 (20,1042,'0','2',15,'',0),
 (20,1043,'0','1',16,'',0),
 (0,1047,'0','230',17,'',0),
 (2,1047,'0','82',18,'',0),
 (1,1047,'0','29',19,'',0),
 (9,1047,'0','42',20,'',0),
 (1,2,'127.0.0.1','',21,'Mozilla/5.0 (X11; Linux i686) AppleWebKit/535.1 (KHTML, like Gecko) Ubuntu/10.10 Chromium/14.0.797.0 Chrome/14.0.797.0 Safari/535.1',0),
 (1,1309128681,'127.0.0.1','',22,'Mozilla/5.0 (X11; Linux i686) AppleWebKit/535.1 (KHTML, like Gecko) Ubuntu/10.10 Chromium/14.0.797.0 Chrome/14.0.797.0 Safari/535.1',2),
 (1,1309128688,'127.0.0.1','',23,'Mozilla/5.0 (X11; Linux i686) AppleWebKit/535.1 (KHTML, like Gecko) Ubuntu/10.10 Chromium/14.0.797.0 Chrome/14.0.797.0 Safari/535.1',2),
 (1,1309129154,'127.0.0.1','',24,'Mozilla/5.0 (X11; Linux i686) AppleWebKit/535.1 (KHTML, like Gecko) Ubuntu/10.10 Chromium/14.0.797.0 Chrome/14.0.797.0 Safari/535.1',2),
 (1,1309129156,'127.0.0.1','',25,'Mozilla/5.0 (X11; Linux i686) AppleWebKit/535.1 (KHTML, like Gecko) Ubuntu/10.10 Chromium/14.0.797.0 Chrome/14.0.797.0 Safari/535.1',2),
 (1,1309129157,'127.0.0.1','',26,'Mozilla/5.0 (X11; Linux i686) AppleWebKit/535.1 (KHTML, like Gecko) Ubuntu/10.10 Chromium/14.0.797.0 Chrome/14.0.797.0 Safari/535.1',2),
 (1,1309129188,'127.0.0.1','',27,'Mozilla/5.0 (X11; Linux i686) AppleWebKit/535.1 (KHTML, like Gecko) Ubuntu/10.10 Chromium/14.0.797.0 Chrome/14.0.797.0 Safari/535.1',2),
 (1,2,'127.0.0.1','',28,'Mozilla/5.0 (X11; Linux i686) AppleWebKit/535.1 (KHTML, like Gecko) Ubuntu/10.10 Chromium/14.0.797.0 Chrome/14.0.797.0 Safari/535.1',1309129214),
 (1,2,'127.0.0.1','',29,'Mozilla/5.0 (X11; Linux i686) AppleWebKit/535.1 (KHTML, like Gecko) Ubuntu/10.10 Chromium/14.0.797.0 Chrome/14.0.797.0 Safari/535.1',1309129216),
 (1,2,'127.0.0.1','',30,'Mozilla/5.0 (X11; Linux i686) AppleWebKit/535.1 (KHTML, like Gecko) Ubuntu/10.10 Chromium/14.0.797.0 Chrome/14.0.797.0 Safari/535.1',1309129716),
 (1,2,'127.0.0.1','',31,'Mozilla/5.0 (X11; Linux i686) AppleWebKit/535.1 (KHTML, like Gecko) Ubuntu/10.10 Chromium/14.0.797.0 Chrome/14.0.797.0 Safari/535.1',1309129731),
 (1,2,'127.0.0.1','',32,'Mozilla/5.0 (X11; Linux i686) AppleWebKit/535.1 (KHTML, like Gecko) Ubuntu/10.10 Chromium/14.0.797.0 Chrome/14.0.797.0 Safari/535.1',1309129858),
 (1,2,'127.0.0.1','',33,'Mozilla/5.0 (X11; Linux i686) AppleWebKit/535.1 (KHTML, like Gecko) Ubuntu/10.10 Chromium/14.0.797.0 Chrome/14.0.797.0 Safari/535.1',1309129864),
 (0,2,'127.0.0.1','',34,'Mozilla/5.0 (X11; Linux i686) AppleWebKit/535.1 (KHTML, like Gecko) Ubuntu/10.10 Chromium/14.0.797.0 Chrome/14.0.797.0 Safari/535.1',1309162126),
 (1,2,'127.0.0.1','',35,'Mozilla/5.0 (X11; Linux i686) AppleWebKit/535.1 (KHTML, like Gecko) Ubuntu/10.10 Chromium/14.0.797.0 Chrome/14.0.797.0 Safari/535.1',1309162137),
 (1,2,'127.0.0.1','',36,'Mozilla/5.0 (X11; Linux i686) AppleWebKit/535.1 (KHTML, like Gecko) Ubuntu/10.10 Chromium/14.0.797.0 Chrome/14.0.797.0 Safari/535.1',1309162140),
 (0,2,'127.0.0.1','localhost',37,'Mozilla/5.0 (X11; U; Linux x86_64; en-US; rv:1.9.2.18) Gecko/20110628 Ubuntu/10.04 (lucid) Firefox/3.6.18',1310535957),
 (0,2,'127.0.0.1','localhost',38,'Mozilla/5.0 (X11; U; Linux x86_64; en-US; rv:1.9.2.18) Gecko/20110628 Ubuntu/10.04 (lucid) Firefox/3.6.18',1311085104),
 (0,2,'127.0.0.1','localhost',39,'Mozilla/5.0 (X11; U; Linux x86_64; en-US; rv:1.9.2.18) Gecko/20110628 Ubuntu/10.04 (lucid) Firefox/3.6.18',1311085130),
 (0,2,'127.0.0.1','localhost',40,'Mozilla/5.0 (X11; U; Linux x86_64; en-US; rv:1.9.2.18) Gecko/20110628 Ubuntu/10.04 (lucid) Firefox/3.6.18',1311085135),
 (0,2,'127.0.0.1','localhost',41,'Mozilla/5.0 (X11; U; Linux x86_64; en-US; rv:1.9.2.18) Gecko/20110628 Ubuntu/10.04 (lucid) Firefox/3.6.18',1312189554),
 (0,2,'127.0.0.1','localhost',42,'Mozilla/5.0 (X11; U; Linux x86_64; en-US; rv:1.9.2.18) Gecko/20110628 Ubuntu/10.04 (lucid) Firefox/3.6.18',1312208314),
 (0,2,'127.0.0.1','localhost',43,'Mozilla/5.0 (X11; U; Linux x86_64; en-US; rv:1.9.2.18) Gecko/20110628 Ubuntu/10.04 (lucid) Firefox/3.6.18',1312208916),
 (0,2,'127.0.0.1','localhost',44,'Mozilla/5.0 (X11; U; Linux x86_64; en-US; rv:1.9.2.18) Gecko/20110628 Ubuntu/10.04 (lucid) Firefox/3.6.18',1312210410),
 (0,2,'127.0.0.1','localhost',45,'Mozilla/5.0 (X11; U; Linux x86_64; en-US; rv:1.9.2.18) Gecko/20110628 Ubuntu/10.04 (lucid) Firefox/3.6.18',1312258911),
 (0,2,'127.0.0.1','localhost',46,'Mozilla/5.0 (X11; U; Linux x86_64; en-US; rv:1.9.2.18) Gecko/20110628 Ubuntu/10.04 (lucid) Firefox/3.6.18',1312259024),
 (0,2,'127.0.0.1','localhost',47,'Mozilla/5.0 (X11; U; Linux x86_64; en-US; rv:1.9.2.18) Gecko/20110628 Ubuntu/10.04 (lucid) Firefox/3.6.18',1312259088),
 (0,2,'127.0.0.1','localhost',48,'Mozilla/5.0 (X11; U; Linux x86_64; en-US; rv:1.9.2.18) Gecko/20110628 Ubuntu/10.04 (lucid) Firefox/3.6.18',1312259182),
 (0,2,'127.0.0.1','localhost',49,'Mozilla/5.0 (X11; U; Linux x86_64; en-US; rv:1.9.2.18) Gecko/20110628 Ubuntu/10.04 (lucid) Firefox/3.6.18',1312259231),
 (0,2,'127.0.0.1','localhost',50,'Mozilla/5.0 (X11; U; Linux x86_64; en-US; rv:1.9.2.18) Gecko/20110628 Ubuntu/10.04 (lucid) Firefox/3.6.18',1312260042),
 (0,2,'127.0.0.1','localhost',51,'Mozilla/5.0 (X11; U; Linux x86_64; en-US; rv:1.9.2.20) Gecko/20110805 Ubuntu/10.04 (lucid) Firefox/3.6.20',1314779706),
 (0,2,'127.0.0.1','localhost',52,'Mozilla/5.0 (X11; U; Linux x86_64; en-US; rv:1.9.2.20) Gecko/20110805 Ubuntu/10.04 (lucid) Firefox/3.6.20',1314779812),
 (0,2,'127.0.0.1','localhost',53,'Mozilla/5.0 (X11; U; Linux x86_64; en-US; rv:1.9.2.20) Gecko/20110805 Ubuntu/10.04 (lucid) Firefox/3.6.20',1314782262),
 (1,2,'127.0.0.1','localhost',54,'Mozilla/5.0 (X11; U; Linux x86_64; en-US; rv:1.9.2.20) Gecko/20110805 Ubuntu/10.04 (lucid) Firefox/3.6.20',1314782361),
 (1,2,'127.0.0.1','localhost',55,'Mozilla/5.0 (X11; U; Linux x86_64; en-US; rv:1.9.2.20) Gecko/20110805 Ubuntu/10.04 (lucid) Firefox/3.6.20',1314786775),
 (1,2,'127.0.0.1','localhost',56,'Mozilla/5.0 (X11; U; Linux x86_64; en-US; rv:1.9.2.20) Gecko/20110805 Ubuntu/10.04 (lucid) Firefox/3.6.20',1314794450),
 (1,2,'127.0.0.1','localhost',57,'Mozilla/5.0 (X11; U; Linux x86_64; en-US; rv:1.9.2.20) Gecko/20110805 Ubuntu/10.04 (lucid) Firefox/3.6.20',1314794536),
 (1,1,'127.0.0.1','localhost',58,'Mozilla/5.0 (X11; U; Linux x86_64; en-US; rv:1.9.2.20) Gecko/20110805 Ubuntu/10.04 (lucid) Firefox/3.6.20',1314794694),
 (0,1,'127.0.0.1','localhost',59,'Mozilla/5.0 (X11; U; Linux x86_64; en-US; rv:1.9.2.20) Gecko/20110805 Ubuntu/10.04 (lucid) Firefox/3.6.20',1314867996),
 (1,1,'127.0.0.1','localhost',60,'Mozilla/5.0 (X11; U; Linux x86_64; en-US; rv:1.9.2.20) Gecko/20110805 Ubuntu/10.04 (lucid) Firefox/3.6.20',1314868025),
 (0,1,'127.0.0.1','localhost',61,'Mozilla/5.0 (X11; U; Linux x86_64; en-US; rv:1.9.2.20) Gecko/20110805 Ubuntu/10.04 (lucid) Firefox/3.6.20',1314873059),
 (0,1,'127.0.0.1','localhost',62,'Mozilla/5.0 (X11; U; Linux x86_64; en-US; rv:1.9.2.20) Gecko/20110805 Ubuntu/10.04 (lucid) Firefox/3.6.20',1314873063),
 (0,1,'127.0.0.1','localhost',63,'Mozilla/5.0 (X11; U; Linux x86_64; en-US; rv:1.9.2.20) Gecko/20110805 Ubuntu/10.04 (lucid) Firefox/3.6.20',1314881531),
 (0,2,'127.0.0.1','localhost',64,'Mozilla/5.0 (X11; U; Linux x86_64; en-US; rv:1.9.2.20) Gecko/20110805 Ubuntu/10.04 (lucid) Firefox/3.6.20',1314881594),
 (0,2,'127.0.0.1','localhost',65,'Mozilla/5.0 (X11; U; Linux x86_64; en-US; rv:1.9.2.20) Gecko/20110805 Ubuntu/10.04 (lucid) Firefox/3.6.20',1314881916),
 (0,2,'127.0.0.1','localhost',66,'Mozilla/5.0 (X11; U; Linux x86_64; en-US; rv:1.9.2.20) Gecko/20110805 Ubuntu/10.04 (lucid) Firefox/3.6.20',1314881956),
 (0,2,'127.0.0.1','localhost',67,'Mozilla/5.0 (X11; U; Linux x86_64; en-US; rv:1.9.2.20) Gecko/20110805 Ubuntu/10.04 (lucid) Firefox/3.6.20',1314882027),
 (0,1,'127.0.0.1','localhost',68,'Mozilla/5.0 (X11; U; Linux x86_64; en-US; rv:1.9.2.20) Gecko/20110805 Ubuntu/10.04 (lucid) Firefox/3.6.20',1314882885),
 (0,2,'127.0.0.1','localhost',69,'Opera/9.80 (X11; Linux x86_64; U; en) Presto/2.9.168 Version/11.50',1314883477),
 (0,2,'127.0.0.1','localhost',70,'Opera/9.80 (X11; Linux x86_64; U; en) Presto/2.9.168 Version/11.50',1314888023),
 (0,2,'127.0.0.1','localhost',71,'Opera/9.80 (X11; Linux x86_64; U; en) Presto/2.9.168 Version/11.50',1314888037),
 (0,2,'127.0.0.1','localhost',72,'Mozilla/5.0 (X11; U; Linux x86_64; en-US; rv:1.9.2.20) Gecko/20110805 Ubuntu/10.04 (lucid) Firefox/3.6.20',1314888883),
 (0,2,'127.0.0.1','localhost',73,'Mozilla/5.0 (X11; U; Linux x86_64; en-US; rv:1.9.2.21) Gecko/20110830 Ubuntu/10.04 (lucid) Firefox/3.6.21',1314944166),
 (0,1,'127.0.0.1','localhost',74,'Opera/9.80 (X11; Linux x86_64; U; en) Presto/2.9.168 Version/11.51',1314945797),
 (0,1,'127.0.0.1','localhost',75,'Mozilla/5.0 (X11; U; Linux x86_64; en-US; rv:1.9.2.21) Gecko/20110830 Ubuntu/10.04 (lucid) Firefox/3.6.21',1314951638),
 (1,2,'127.0.0.1','localhost',76,'Mozilla/5.0 (X11; U; Linux x86_64; en-US; rv:1.9.2.21) Gecko/20110830 Ubuntu/10.04 (lucid) Firefox/3.6.21',1314952886),
 (1,1,'127.0.0.1','localhost',77,'Mozilla/5.0 (X11; U; Linux x86_64; en-US; rv:1.9.2.21) Gecko/20110830 Ubuntu/10.04 (lucid) Firefox/3.6.21',1314952917),
 (1,1,'127.0.0.1','localhost',78,'Mozilla/5.0 (X11; U; Linux x86_64; en-US; rv:1.9.2.21) Gecko/20110830 Ubuntu/10.04 (lucid) Firefox/3.6.21',1314952952),
 (1,2,'127.0.0.1','localhost',79,'Mozilla/5.0 (X11; U; Linux x86_64; en-US; rv:1.9.2.21) Gecko/20110830 Ubuntu/10.04 (lucid) Firefox/3.6.21',1314952977),
 (1,1,'127.0.0.1','localhost',80,'Mozilla/5.0 (X11; U; Linux x86_64; en-US; rv:1.9.2.21) Gecko/20110830 Ubuntu/10.04 (lucid) Firefox/3.6.21',1314952997),
 (1,1,'127.0.0.1','localhost',81,'Mozilla/5.0 (X11; U; Linux x86_64; en-US; rv:1.9.2.21) Gecko/20110830 Ubuntu/10.04 (lucid) Firefox/3.6.21',1314953035),
 (0,1,'127.0.0.1','localhost',82,'Mozilla/5.0 (X11; U; Linux x86_64; en-US; rv:1.9.2.21) Gecko/20110830 Ubuntu/10.04 (lucid) Firefox/3.6.21',1314953042),
 (1,1,'127.0.0.1','localhost',83,'Mozilla/5.0 (X11; U; Linux x86_64; en-US; rv:1.9.2.21) Gecko/20110830 Ubuntu/10.04 (lucid) Firefox/3.6.21',1314953048),
 (1,1,'127.0.0.1','localhost',84,'Mozilla/5.0 (X11; U; Linux x86_64; en-US; rv:1.9.2.21) Gecko/20110830 Ubuntu/10.04 (lucid) Firefox/3.6.21',1314953117),
 (0,1,'127.0.0.1','localhost',85,'Mozilla/5.0 (X11; U; Linux x86_64; en-US; rv:1.9.2.21) Gecko/20110830 Ubuntu/10.04 (lucid) Firefox/3.6.21',1314954089),
 (0,2,'127.0.0.1','localhost',86,'Mozilla/5.0 (X11; U; Linux x86_64; en-US; rv:1.9.2.21) Gecko/20110830 Ubuntu/10.04 (lucid) Firefox/3.6.21',1314962302),
 (0,1,'127.0.0.1','localhost',87,'Mozilla/5.0 (X11; U; Linux x86_64; en-US; rv:1.9.2.21) Gecko/20110830 Ubuntu/10.04 (lucid) Firefox/3.6.21',1314962328),
 (0,1,'127.0.0.1','localhost',88,'Mozilla/5.0 (X11; U; Linux x86_64; en-US; rv:1.9.2.21) Gecko/20110830 Ubuntu/10.04 (lucid) Firefox/3.6.21',1314962328),
 (0,2,'127.0.0.1','localhost',89,'Mozilla/5.0 (X11; U; Linux x86_64; en-US; rv:1.9.2.21) Gecko/20110830 Ubuntu/10.04 (lucid) Firefox/3.6.21',1314962574),
 (0,1,'127.0.0.1','localhost',90,'Mozilla/5.0 (X11; U; Linux x86_64; en-US; rv:1.9.2.21) Gecko/20110830 Ubuntu/10.04 (lucid) Firefox/3.6.21',1314962596),
 (0,2,'127.0.0.1','localhost',91,'Mozilla/5.0 (X11; U; Linux x86_64; en-US; rv:1.9.2.21) Gecko/20110830 Ubuntu/10.04 (lucid) Firefox/3.6.21',1314962599),
 (0,2,'127.0.0.1','localhost',92,'Mozilla/5.0 (X11; U; Linux x86_64; en-US; rv:1.9.2.21) Gecko/20110830 Ubuntu/10.04 (lucid) Firefox/3.6.21',1314962655),
 (0,1,'127.0.0.1','localhost',93,'Mozilla/5.0 (X11; U; Linux x86_64; en-US; rv:1.9.2.21) Gecko/20110830 Ubuntu/10.04 (lucid) Firefox/3.6.21',1314962675),
 (1,2,'127.0.0.1','localhost',94,'Mozilla/5.0 (X11; U; Linux x86_64; en-US; rv:1.9.2.21) Gecko/20110830 Ubuntu/10.04 (lucid) Firefox/3.6.21',1314962696),
 (1,1,'127.0.0.1','localhost',95,'Mozilla/5.0 (X11; U; Linux x86_64; en-US; rv:1.9.2.21) Gecko/20110830 Ubuntu/10.04 (lucid) Firefox/3.6.21',1314971124),
 (1,2,'127.0.0.1','localhost',96,'Mozilla/5.0 (X11; U; Linux x86_64; en-US; rv:1.9.2.21) Gecko/20110830 Ubuntu/10.04 (lucid) Firefox/3.6.21',1314971124),
 (1,1,'127.0.0.1','localhost',97,'Mozilla/5.0 (X11; U; Linux x86_64; en-US; rv:1.9.2.21) Gecko/20110830 Ubuntu/10.04 (lucid) Firefox/3.6.21',1314971124),
 (1,1,'127.0.0.1','localhost',98,'Mozilla/5.0 (X11; U; Linux x86_64; en-US; rv:1.9.2.21) Gecko/20110830 Ubuntu/10.04 (lucid) Firefox/3.6.21',1314971149),
 (1,2,'127.0.0.1','localhost',99,'Mozilla/5.0 (X11; U; Linux x86_64; en-US; rv:1.9.2.21) Gecko/20110830 Ubuntu/10.04 (lucid) Firefox/3.6.21',1314971197),
 (1,1,'127.0.0.1','localhost',100,'Mozilla/5.0 (X11; U; Linux x86_64; en-US; rv:1.9.2.21) Gecko/20110830 Ubuntu/10.04 (lucid) Firefox/3.6.21',1314971202),
 (1,1,'127.0.0.1','localhost',101,'Mozilla/5.0 (X11; U; Linux x86_64; en-US; rv:1.9.2.21) Gecko/20110830 Ubuntu/10.04 (lucid) Firefox/3.6.21',1314971202),
 (1,1,'127.0.0.1','localhost',102,'Mozilla/5.0 (X11; U; Linux x86_64; en-US; rv:1.9.2.21) Gecko/20110830 Ubuntu/10.04 (lucid) Firefox/3.6.21',1314971202),
 (1,1,'127.0.0.1','localhost',103,'Mozilla/5.0 (X11; U; Linux x86_64; en-US; rv:1.9.2.21) Gecko/20110830 Ubuntu/10.04 (lucid) Firefox/3.6.21',1314971207),
 (1,1,'127.0.0.1','localhost',104,'Mozilla/5.0 (X11; U; Linux x86_64; en-US; rv:1.9.2.21) Gecko/20110830 Ubuntu/10.04 (lucid) Firefox/3.6.21',1314971214),
 (1,2,'127.0.0.1','localhost',105,'Mozilla/5.0 (X11; U; Linux x86_64; en-US; rv:1.9.2.21) Gecko/20110830 Ubuntu/10.04 (lucid) Firefox/3.6.21',1314971221),
 (1,1,'127.0.0.1','localhost',106,'Mozilla/5.0 (X11; U; Linux x86_64; en-US; rv:1.9.2.21) Gecko/20110830 Ubuntu/10.04 (lucid) Firefox/3.6.21',1314971476),
 (1,1,'127.0.0.1','localhost',107,'Mozilla/5.0 (X11; U; Linux x86_64; en-US; rv:1.9.2.21) Gecko/20110830 Ubuntu/10.04 (lucid) Firefox/3.6.21',1314971481),
 (1,1,'127.0.0.1','localhost',108,'Mozilla/5.0 (X11; U; Linux x86_64; en-US; rv:1.9.2.21) Gecko/20110830 Ubuntu/10.04 (lucid) Firefox/3.6.21',1314971483),
 (1,2,'127.0.0.1','localhost',109,'Mozilla/5.0 (X11; U; Linux x86_64; en-US; rv:1.9.2.21) Gecko/20110830 Ubuntu/10.04 (lucid) Firefox/3.6.21',1314971485),
 (1,1,'127.0.0.1','localhost',110,'Mozilla/5.0 (X11; U; Linux x86_64; en-US; rv:1.9.2.21) Gecko/20110830 Ubuntu/10.04 (lucid) Firefox/3.6.21',1314971490),
 (1,2,'127.0.0.1','localhost',111,'Mozilla/5.0 (X11; U; Linux x86_64; en-US; rv:1.9.2.21) Gecko/20110830 Ubuntu/10.04 (lucid) Firefox/3.6.21',1314971556),
 (1,2,'127.0.0.1','localhost',112,'Mozilla/5.0 (X11; U; Linux x86_64; en-US; rv:1.9.2.21) Gecko/20110830 Ubuntu/10.04 (lucid) Firefox/3.6.21',1314971559),
 (1,2,'127.0.0.1','localhost',113,'Mozilla/5.0 (X11; U; Linux x86_64; en-US; rv:1.9.2.21) Gecko/20110830 Ubuntu/10.04 (lucid) Firefox/3.6.21',1314971561),
 (1,1,'127.0.0.1','localhost',114,'Mozilla/5.0 (X11; U; Linux x86_64; en-US; rv:1.9.2.21) Gecko/20110830 Ubuntu/10.04 (lucid) Firefox/3.6.21',1314971563),
 (1,1,'127.0.0.1','localhost',115,'Mozilla/5.0 (X11; U; Linux x86_64; en-US; rv:1.9.2.21) Gecko/20110830 Ubuntu/10.04 (lucid) Firefox/3.6.21',1314971566),
 (1,1,'127.0.0.1','localhost',116,'Mozilla/5.0 (X11; U; Linux x86_64; en-US; rv:1.9.2.21) Gecko/20110830 Ubuntu/10.04 (lucid) Firefox/3.6.21',1314971567),
 (1,1,'127.0.0.1','localhost',117,'Mozilla/5.0 (X11; U; Linux x86_64; en-US; rv:1.9.2.21) Gecko/20110830 Ubuntu/10.04 (lucid) Firefox/3.6.21',1314971569),
 (1,1,'127.0.0.1','localhost',118,'Mozilla/5.0 (X11; U; Linux x86_64; en-US; rv:1.9.2.21) Gecko/20110830 Ubuntu/10.04 (lucid) Firefox/3.6.21',1314971571),
 (1,2,'127.0.0.1','localhost',119,'Mozilla/5.0 (X11; U; Linux x86_64; en-US; rv:1.9.2.21) Gecko/20110830 Ubuntu/10.04 (lucid) Firefox/3.6.21',1314971574),
 (1,1,'127.0.0.1','localhost',120,'Mozilla/5.0 (X11; U; Linux x86_64; en-US; rv:1.9.2.21) Gecko/20110830 Ubuntu/10.04 (lucid) Firefox/3.6.21',1314971575),
 (1,2,'127.0.0.1','localhost',121,'Mozilla/5.0 (X11; U; Linux x86_64; en-US; rv:1.9.2.21) Gecko/20110830 Ubuntu/10.04 (lucid) Firefox/3.6.21',1314971687),
 (1,1,'127.0.0.1','localhost',122,'Mozilla/5.0 (X11; U; Linux x86_64; en-US; rv:1.9.2.21) Gecko/20110830 Ubuntu/10.04 (lucid) Firefox/3.6.21',1314971700),
 (1,2,'127.0.0.1','localhost',123,'Mozilla/5.0 (X11; U; Linux x86_64; en-US; rv:1.9.2.21) Gecko/20110830 Ubuntu/10.04 (lucid) Firefox/3.6.21',1314971701),
 (1,1,'127.0.0.1','localhost',124,'Mozilla/5.0 (X11; U; Linux x86_64; en-US; rv:1.9.2.21) Gecko/20110830 Ubuntu/10.04 (lucid) Firefox/3.6.21',1314971701),
 (1,1,'127.0.0.1','localhost',125,'Mozilla/5.0 (X11; U; Linux x86_64; en-US; rv:1.9.2.21) Gecko/20110830 Ubuntu/10.04 (lucid) Firefox/3.6.21',1314971701),
 (0,2,'127.0.0.1','localhost',126,'Mozilla/5.0 (X11; U; Linux x86_64; en-US; rv:1.9.2.21) Gecko/20110830 Ubuntu/10.04 (lucid) Firefox/3.6.21',1314973992),
 (0,2,'127.0.0.1','localhost',127,'Mozilla/5.0 (X11; U; Linux x86_64; en-US; rv:1.9.2.21) Gecko/20110830 Ubuntu/10.04 (lucid) Firefox/3.6.21',1314973993),
 (0,1,'127.0.0.1','localhost',128,'Mozilla/5.0 (X11; U; Linux x86_64; en-US; rv:1.9.2.21) Gecko/20110830 Ubuntu/10.04 (lucid) Firefox/3.6.21',1314973993),
 (1,1,'127.0.0.1','localhost',129,'Mozilla/5.0 (X11; U; Linux x86_64; en-US; rv:1.9.2.21) Gecko/20110830 Ubuntu/10.04 (lucid) Firefox/3.6.21',1314973998),
 (1,2,'127.0.0.1','localhost',130,'Mozilla/5.0 (X11; U; Linux x86_64; en-US; rv:1.9.2.21) Gecko/20110830 Ubuntu/10.04 (lucid) Firefox/3.6.21',1314973999),
 (1,2,'127.0.0.1','localhost',131,'Mozilla/5.0 (X11; U; Linux x86_64; en-US; rv:1.9.2.21) Gecko/20110830 Ubuntu/10.04 (lucid) Firefox/3.6.21',1314973999),
 (1,1,'127.0.0.1','localhost',132,'Mozilla/5.0 (X11; U; Linux x86_64; en-US; rv:1.9.2.21) Gecko/20110830 Ubuntu/10.04 (lucid) Firefox/3.6.21',1314975142),
 (1,1,'127.0.0.1','localhost',133,'Mozilla/5.0 (X11; U; Linux x86_64; en-US; rv:1.9.2.21) Gecko/20110830 Ubuntu/10.04 (lucid) Firefox/3.6.21',1314975142),
 (1,1,'127.0.0.1','localhost',134,'Mozilla/5.0 (X11; U; Linux x86_64; en-US; rv:1.9.2.21) Gecko/20110830 Ubuntu/10.04 (lucid) Firefox/3.6.21',1314975142),
 (1,1,'127.0.0.1','localhost',135,'Mozilla/5.0 (X11; U; Linux x86_64; en-US; rv:1.9.2.21) Gecko/20110830 Ubuntu/10.04 (lucid) Firefox/3.6.21',1314975142),
 (1,2,'127.0.0.1','localhost',136,'Mozilla/5.0 (X11; U; Linux x86_64; en-US; rv:1.9.2.21) Gecko/20110830 Ubuntu/10.04 (lucid) Firefox/3.6.21',1314975153),
 (1,1,'127.0.0.1','localhost',137,'Mozilla/5.0 (X11; U; Linux x86_64; en-US; rv:1.9.2.21) Gecko/20110830 Ubuntu/10.04 (lucid) Firefox/3.6.21',1314975153),
 (1,1,'127.0.0.1','localhost',138,'Mozilla/5.0 (X11; U; Linux x86_64; en-US; rv:1.9.2.21) Gecko/20110830 Ubuntu/10.04 (lucid) Firefox/3.6.21',1314975153),
 (1,1,'127.0.0.1','localhost',139,'Mozilla/5.0 (X11; U; Linux x86_64; en-US; rv:1.9.2.21) Gecko/20110830 Ubuntu/10.04 (lucid) Firefox/3.6.21',1314975153),
 (1,1,'127.0.0.1','localhost',140,'Mozilla/5.0 (X11; U; Linux x86_64; en-US; rv:1.9.2.21) Gecko/20110830 Ubuntu/10.04 (lucid) Firefox/3.6.21',1314975346),
 (1,2,'127.0.0.1','localhost',141,'Mozilla/5.0 (X11; U; Linux x86_64; en-US; rv:1.9.2.21) Gecko/20110830 Ubuntu/10.04 (lucid) Firefox/3.6.21',1314975346),
 (1,1,'127.0.0.1','localhost',142,'Mozilla/5.0 (X11; U; Linux x86_64; en-US; rv:1.9.2.21) Gecko/20110830 Ubuntu/10.04 (lucid) Firefox/3.6.21',1314975346),
 (1,1,'127.0.0.1','localhost',143,'Mozilla/5.0 (X11; U; Linux x86_64; en-US; rv:1.9.2.21) Gecko/20110830 Ubuntu/10.04 (lucid) Firefox/3.6.21',1314975346),
 (0,1,'127.0.0.1','localhost',144,'Mozilla/5.0 (X11; U; Linux x86_64; en-US; rv:1.9.2.21) Gecko/20110830 Ubuntu/10.04 (lucid) Firefox/3.6.21',1315198066),
 (0,1,'127.0.0.1','localhost',145,'Mozilla/5.0 (X11; U; Linux x86_64; en-US; rv:1.9.2.21) Gecko/20110830 Ubuntu/10.04 (lucid) Firefox/3.6.21',1315198067),
 (0,1,'127.0.0.1','localhost',146,'Mozilla/5.0 (X11; U; Linux x86_64; en-US; rv:1.9.2.21) Gecko/20110830 Ubuntu/10.04 (lucid) Firefox/3.6.21',1315198067),
 (0,2,'127.0.0.1','localhost',147,'Mozilla/5.0 (X11; U; Linux x86_64; en-US; rv:1.9.2.21) Gecko/20110830 Ubuntu/10.04 (lucid) Firefox/3.6.21',1315198067),
 (1,1,'127.0.0.1','localhost',148,'Mozilla/5.0 (X11; U; Linux x86_64; en-US; rv:1.9.2.21) Gecko/20110830 Ubuntu/10.04 (lucid) Firefox/3.6.21',1315198083),
 (1,1,'127.0.0.1','localhost',149,'Mozilla/5.0 (X11; U; Linux x86_64; en-US; rv:1.9.2.21) Gecko/20110830 Ubuntu/10.04 (lucid) Firefox/3.6.21',1315198083),
 (1,1,'127.0.0.1','localhost',150,'Mozilla/5.0 (X11; U; Linux x86_64; en-US; rv:1.9.2.21) Gecko/20110830 Ubuntu/10.04 (lucid) Firefox/3.6.21',1315198083),
 (0,1,'127.0.0.1','localhost',151,'Opera/9.80 (X11; Linux x86_64; U; en) Presto/2.9.168 Version/11.51',1315219608),
 (0,2,'127.0.0.1','localhost',152,'Opera/9.80 (X11; Linux x86_64; U; en) Presto/2.9.168 Version/11.51',1315219608),
 (0,1,'127.0.0.1','localhost',153,'Opera/9.80 (X11; Linux x86_64; U; en) Presto/2.9.168 Version/11.51',1315219608),
 (1,2,'127.0.0.1','localhost',154,'Opera/9.80 (X11; Linux x86_64; U; en) Presto/2.9.168 Version/11.51',1315219628),
 (1,2,'127.0.0.1','localhost',155,'Opera/9.80 (X11; Linux x86_64; U; en) Presto/2.9.168 Version/11.51',1315219628),
 (1,2,'127.0.0.1','localhost',156,'Opera/9.80 (X11; Linux x86_64; U; en) Presto/2.9.168 Version/11.51',1315219629),
 (0,1,'127.0.0.1','localhost',157,'Mozilla/5.0 (X11; Linux x86_64) AppleWebKit/535.1 (KHTML, like Gecko) Chrome/14.0.835.109 Safari/535.1',1315219702),
 (0,2,'127.0.0.1','localhost',158,'Mozilla/5.0 (X11; Linux x86_64) AppleWebKit/535.1 (KHTML, like Gecko) Chrome/14.0.835.109 Safari/535.1',1315219702),
 (0,2,'127.0.0.1','localhost',159,'Mozilla/5.0 (X11; Linux x86_64) AppleWebKit/535.1 (KHTML, like Gecko) Chrome/14.0.835.109 Safari/535.1',1315219702),
 (0,2,'127.0.0.1','localhost',160,'Mozilla/5.0 (X11; Linux x86_64) AppleWebKit/535.1 (KHTML, like Gecko) Chrome/14.0.835.109 Safari/535.1',1315219703),
 (1,2,'127.0.0.1','localhost',161,'Mozilla/5.0 (X11; Linux x86_64) AppleWebKit/535.1 (KHTML, like Gecko) Chrome/14.0.835.109 Safari/535.1',1315219707),
 (1,2,'127.0.0.1','localhost',162,'Mozilla/5.0 (X11; Linux x86_64) AppleWebKit/535.1 (KHTML, like Gecko) Chrome/14.0.835.109 Safari/535.1',1315219707),
 (1,2,'127.0.0.1','localhost',163,'Mozilla/5.0 (X11; Linux x86_64) AppleWebKit/535.1 (KHTML, like Gecko) Chrome/14.0.835.109 Safari/535.1',1315219708),
 (1,1,'127.0.0.1','localhost',164,'Mozilla/5.0 (X11; Linux x86_64) AppleWebKit/535.1 (KHTML, like Gecko) Chrome/14.0.835.109 Safari/535.1',1315219708),
 (1,1,'127.0.0.1','localhost',165,'Mozilla/5.0 (X11; Linux x86_64) AppleWebKit/535.1 (KHTML, like Gecko) Chrome/14.0.835.109 Safari/535.1',1315219711),
 (1,2,'127.0.0.1','localhost',166,'Mozilla/5.0 (X11; Linux x86_64) AppleWebKit/535.1 (KHTML, like Gecko) Chrome/14.0.835.109 Safari/535.1',1315219949),
 (0,2,'127.0.0.1','localhost',167,'Mozilla/5.0 (X11; U; Linux x86_64; en-US; rv:1.9.2.21) Gecko/20110830 Ubuntu/10.04 (lucid) Firefox/3.6.21',1315230649),
 (0,2,'127.0.0.1','localhost',168,'Mozilla/5.0 (X11; U; Linux x86_64; en-US; rv:1.9.2.21) Gecko/20110830 Ubuntu/10.04 (lucid) Firefox/3.6.21',1315230649),
 (0,1,'127.0.0.1','localhost',169,'Mozilla/5.0 (X11; U; Linux x86_64; en-US; rv:1.9.2.21) Gecko/20110830 Ubuntu/10.04 (lucid) Firefox/3.6.21',1315230650),
 (0,1,'127.0.0.1','localhost',170,'Mozilla/5.0 (X11; U; Linux x86_64; en-US; rv:1.9.2.21) Gecko/20110830 Ubuntu/10.04 (lucid) Firefox/3.6.21',1315230650),
 (0,1,'127.0.0.1','localhost',171,'Mozilla/5.0 (X11; U; Linux x86_64; en-US; rv:1.9.2.21) Gecko/20110830 Ubuntu/10.04 (lucid) Firefox/3.6.21',1315230650),
 (0,1,'127.0.0.1','localhost',172,'Mozilla/5.0 (X11; U; Linux x86_64; en-US; rv:1.9.2.21) Gecko/20110830 Ubuntu/10.04 (lucid) Firefox/3.6.21',1315230667),
 (0,2,'127.0.0.1','localhost',173,'Mozilla/5.0 (X11; U; Linux x86_64; en-US; rv:1.9.2.21) Gecko/20110830 Ubuntu/10.04 (lucid) Firefox/3.6.21',1315230667),
 (0,1,'127.0.0.1','localhost',174,'Mozilla/5.0 (X11; U; Linux x86_64; en-US; rv:1.9.2.21) Gecko/20110830 Ubuntu/10.04 (lucid) Firefox/3.6.21',1315230668),
 (0,2,'127.0.0.1','localhost',175,'Mozilla/5.0 (X11; U; Linux x86_64; en-US; rv:1.9.2.21) Gecko/20110830 Ubuntu/10.04 (lucid) Firefox/3.6.21',1315230668),
 (0,2,'127.0.0.1','localhost',176,'Mozilla/5.0 (X11; U; Linux x86_64; en-US; rv:1.9.2.21) Gecko/20110830 Ubuntu/10.04 (lucid) Firefox/3.6.21',1315230678),
 (0,2,'127.0.0.1','localhost',177,'Mozilla/5.0 (X11; U; Linux x86_64; en-US; rv:1.9.2.21) Gecko/20110830 Ubuntu/10.04 (lucid) Firefox/3.6.21',1315230678),
 (0,1,'127.0.0.1','localhost',178,'Mozilla/5.0 (X11; U; Linux x86_64; en-US; rv:1.9.2.21) Gecko/20110830 Ubuntu/10.04 (lucid) Firefox/3.6.21',1315230678),
 (0,2,'127.0.0.1','localhost',179,'Mozilla/5.0 (X11; U; Linux x86_64; en-US; rv:1.9.2.21) Gecko/20110830 Ubuntu/10.04 (lucid) Firefox/3.6.21',1315230679),
 (0,2,'127.0.0.1','localhost',180,'Mozilla/5.0 (X11; U; Linux x86_64; en-US; rv:1.9.2.21) Gecko/20110830 Ubuntu/10.04 (lucid) Firefox/3.6.21',1315230679),
 (0,1,'127.0.0.1','localhost',181,'Mozilla/5.0 (X11; U; Linux x86_64; en-US; rv:1.9.2.21) Gecko/20110830 Ubuntu/10.04 (lucid) Firefox/3.6.21',1315230681),
 (0,2,'127.0.0.1','localhost',182,'Mozilla/5.0 (X11; U; Linux x86_64; en-US; rv:1.9.2.21) Gecko/20110830 Ubuntu/10.04 (lucid) Firefox/3.6.21',1315230681),
 (1,2,'127.0.0.1','localhost',183,'Mozilla/5.0 (X11; U; Linux x86_64; en-US; rv:1.9.2.21) Gecko/20110830 Ubuntu/10.04 (lucid) Firefox/3.6.21',1315230691),
 (1,1,'127.0.0.1','localhost',184,'Mozilla/5.0 (X11; U; Linux x86_64; en-US; rv:1.9.2.21) Gecko/20110830 Ubuntu/10.04 (lucid) Firefox/3.6.21',1315230691),
 (1,1,'127.0.0.1','localhost',185,'Mozilla/5.0 (X11; U; Linux x86_64; en-US; rv:1.9.2.21) Gecko/20110830 Ubuntu/10.04 (lucid) Firefox/3.6.21',1315230691),
 (0,1,'127.0.0.1','localhost',186,'Mozilla/5.0 (X11; U; Linux x86_64; en-US; rv:1.9.2.21) Gecko/20110830 Ubuntu/10.04 (lucid) Firefox/3.6.21',1315284220),
 (0,2,'127.0.0.1','localhost',187,'Mozilla/5.0 (X11; U; Linux x86_64; en-US; rv:1.9.2.21) Gecko/20110830 Ubuntu/10.04 (lucid) Firefox/3.6.21',1315284220),
 (0,2,'127.0.0.1','localhost',188,'Mozilla/5.0 (X11; U; Linux x86_64; en-US; rv:1.9.2.21) Gecko/20110830 Ubuntu/10.04 (lucid) Firefox/3.6.21',1315284220),
 (1,2,'127.0.0.1','localhost',189,'Mozilla/5.0 (X11; U; Linux x86_64; en-US; rv:1.9.2.21) Gecko/20110830 Ubuntu/10.04 (lucid) Firefox/3.6.21',1315284228),
 (1,1,'127.0.0.1','localhost',190,'Mozilla/5.0 (X11; U; Linux x86_64; en-US; rv:1.9.2.21) Gecko/20110830 Ubuntu/10.04 (lucid) Firefox/3.6.21',1315284228),
 (1,2,'127.0.0.1','localhost',191,'Mozilla/5.0 (X11; U; Linux x86_64; en-US; rv:1.9.2.21) Gecko/20110830 Ubuntu/10.04 (lucid) Firefox/3.6.21',1315284228),
 (0,2,'127.0.0.1','localhost',192,'Opera/9.80 (X11; Linux x86_64; U; en) Presto/2.9.168 Version/11.51',1315311417),
 (0,2,'127.0.0.1','localhost',193,'Opera/9.80 (X11; Linux x86_64; U; en) Presto/2.9.168 Version/11.51',1315311418),
 (0,2,'127.0.0.1','localhost',194,'Opera/9.80 (X11; Linux x86_64; U; en) Presto/2.9.168 Version/11.51',1315311418),
 (1,2,'127.0.0.1','localhost',195,'Opera/9.80 (X11; Linux x86_64; U; en) Presto/2.9.168 Version/11.51',1315311429),
 (1,2,'127.0.0.1','localhost',196,'Opera/9.80 (X11; Linux x86_64; U; en) Presto/2.9.168 Version/11.51',1315311429),
 (1,2,'127.0.0.1','localhost',197,'Opera/9.80 (X11; Linux x86_64; U; en) Presto/2.9.168 Version/11.51',1315311429),
 (1,1,'127.0.0.1','localhost',198,'Opera/9.80 (X11; Linux x86_64; U; en) Presto/2.9.168 Version/11.51',1315317758),
 (1,2,'127.0.0.1','localhost',199,'Opera/9.80 (X11; Linux x86_64; U; en) Presto/2.9.168 Version/11.51',1315317758),
 (1,2,'127.0.0.1','localhost',200,'Opera/9.80 (X11; Linux x86_64; U; en) Presto/2.9.168 Version/11.51',1315317758),
 (0,2,'127.0.0.1','localhost',201,'Opera/9.80 (X11; Linux x86_64; U; en) Presto/2.9.168 Version/11.51',1315370746),
 (0,2,'127.0.0.1','localhost',202,'Opera/9.80 (X11; Linux x86_64; U; en) Presto/2.9.168 Version/11.51',1315370746),
 (0,1,'127.0.0.1','localhost',203,'Opera/9.80 (X11; Linux x86_64; U; en) Presto/2.9.168 Version/11.51',1315370746),
 (1,1,'127.0.0.1','localhost',204,'Opera/9.80 (X11; Linux x86_64; U; en) Presto/2.9.168 Version/11.51',1315370755),
 (1,1,'127.0.0.1','localhost',205,'Opera/9.80 (X11; Linux x86_64; U; en) Presto/2.9.168 Version/11.51',1315370755),
 (1,2,'127.0.0.1','localhost',206,'Opera/9.80 (X11; Linux x86_64; U; en) Presto/2.9.168 Version/11.51',1315370755),
 (1,1,'127.0.0.1','localhost',207,'Opera/9.80 (X11; Linux x86_64; U; en) Presto/2.9.168 Version/11.51',1315376289),
 (1,1,'127.0.0.1','localhost',208,'Opera/9.80 (X11; Linux x86_64; U; en) Presto/2.9.168 Version/11.51',1315376289),
 (1,1,'127.0.0.1','localhost',209,'Opera/9.80 (X11; Linux x86_64; U; en) Presto/2.9.168 Version/11.51',1315376289),
 (1,1,'127.0.0.1','localhost',210,'Opera/9.80 (X11; Linux x86_64; U; en) Presto/2.9.168 Version/11.51',1315376311),
 (1,1,'127.0.0.1','localhost',211,'Opera/9.80 (X11; Linux x86_64; U; en) Presto/2.9.168 Version/11.51',1315376312),
 (1,1,'127.0.0.1','localhost',212,'Opera/9.80 (X11; Linux x86_64; U; en) Presto/2.9.168 Version/11.51',1315376312),
 (1,1,'127.0.0.1','localhost',213,'Opera/9.80 (X11; Linux x86_64; U; en) Presto/2.9.168 Version/11.51',1315376315),
 (1,1,'127.0.0.1','localhost',214,'Opera/9.80 (X11; Linux x86_64; U; en) Presto/2.9.168 Version/11.51',1315376315),
 (1,1,'127.0.0.1','localhost',215,'Opera/9.80 (X11; Linux x86_64; U; en) Presto/2.9.168 Version/11.51',1315376315),
 (1,1,'127.0.0.1','localhost',216,'Opera/9.80 (X11; Linux x86_64; U; en) Presto/2.9.168 Version/11.51',1315376316),
 (1,1,'127.0.0.1','localhost',217,'Opera/9.80 (X11; Linux x86_64; U; en) Presto/2.9.168 Version/11.51',1315376316),
 (1,1,'127.0.0.1','localhost',218,'Opera/9.80 (X11; Linux x86_64; U; en) Presto/2.9.168 Version/11.51',1315376316),
 (1,1,'127.0.0.1','localhost',219,'Opera/9.80 (X11; Linux x86_64; U; en) Presto/2.9.168 Version/11.51',1315376317),
 (1,1,'127.0.0.1','localhost',220,'Opera/9.80 (X11; Linux x86_64; U; en) Presto/2.9.168 Version/11.51',1315376317),
 (1,1,'127.0.0.1','localhost',221,'Opera/9.80 (X11; Linux x86_64; U; en) Presto/2.9.168 Version/11.51',1315376317),
 (1,1,'127.0.0.1','localhost',222,'Opera/9.80 (X11; Linux x86_64; U; en) Presto/2.9.168 Version/11.51',1315376335),
 (1,1,'127.0.0.1','localhost',223,'Opera/9.80 (X11; Linux x86_64; U; en) Presto/2.9.168 Version/11.51',1315376335),
 (1,1,'127.0.0.1','localhost',224,'Opera/9.80 (X11; Linux x86_64; U; en) Presto/2.9.168 Version/11.51',1315376335),
 (1,1,'127.0.0.1','localhost',225,'Opera/9.80 (X11; Linux x86_64; U; en) Presto/2.9.168 Version/11.51',1315376338),
 (1,1,'127.0.0.1','localhost',226,'Opera/9.80 (X11; Linux x86_64; U; en) Presto/2.9.168 Version/11.51',1315376338),
 (1,1,'127.0.0.1','localhost',227,'Opera/9.80 (X11; Linux x86_64; U; en) Presto/2.9.168 Version/11.51',1315376338),
 (1,1,'127.0.0.1','localhost',228,'Opera/9.80 (X11; Linux x86_64; U; en) Presto/2.9.168 Version/11.51',1315376379),
 (1,1,'127.0.0.1','localhost',229,'Opera/9.80 (X11; Linux x86_64; U; en) Presto/2.9.168 Version/11.51',1315376379),
 (1,1,'127.0.0.1','localhost',230,'Opera/9.80 (X11; Linux x86_64; U; en) Presto/2.9.168 Version/11.51',1315376379),
 (1,1,'127.0.0.1','localhost',231,'Opera/9.80 (X11; Linux x86_64; U; en) Presto/2.9.168 Version/11.51',1315376409),
 (1,1,'127.0.0.1','localhost',232,'Opera/9.80 (X11; Linux x86_64; U; en) Presto/2.9.168 Version/11.51',1315376409),
 (1,1,'127.0.0.1','localhost',233,'Opera/9.80 (X11; Linux x86_64; U; en) Presto/2.9.168 Version/11.51',1315376409),
 (1,1,'127.0.0.1','localhost',234,'Opera/9.80 (X11; Linux x86_64; U; en) Presto/2.9.168 Version/11.51',1315376410),
 (1,1,'127.0.0.1','localhost',235,'Opera/9.80 (X11; Linux x86_64; U; en) Presto/2.9.168 Version/11.51',1315376411),
 (1,1,'127.0.0.1','localhost',236,'Opera/9.80 (X11; Linux x86_64; U; en) Presto/2.9.168 Version/11.51',1315376411),
 (1,1,'127.0.0.1','localhost',237,'Opera/9.80 (X11; Linux x86_64; U; en) Presto/2.9.168 Version/11.51',1315376412),
 (1,1,'127.0.0.1','localhost',238,'Opera/9.80 (X11; Linux x86_64; U; en) Presto/2.9.168 Version/11.51',1315376412),
 (1,1,'127.0.0.1','localhost',239,'Opera/9.80 (X11; Linux x86_64; U; en) Presto/2.9.168 Version/11.51',1315376412),
 (1,1,'127.0.0.1','localhost',240,'Opera/9.80 (X11; Linux x86_64; U; en) Presto/2.9.168 Version/11.51',1315376442),
 (1,1,'127.0.0.1','localhost',241,'Opera/9.80 (X11; Linux x86_64; U; en) Presto/2.9.168 Version/11.51',1315376442),
 (1,1,'127.0.0.1','localhost',242,'Opera/9.80 (X11; Linux x86_64; U; en) Presto/2.9.168 Version/11.51',1315376442),
 (1,1,'127.0.0.1','localhost',243,'Opera/9.80 (X11; Linux x86_64; U; en) Presto/2.9.168 Version/11.51',1315376444),
 (1,1,'127.0.0.1','localhost',244,'Opera/9.80 (X11; Linux x86_64; U; en) Presto/2.9.168 Version/11.51',1315376444),
 (1,1,'127.0.0.1','localhost',245,'Opera/9.80 (X11; Linux x86_64; U; en) Presto/2.9.168 Version/11.51',1315376444),
 (1,1,'127.0.0.1','localhost',246,'Opera/9.80 (X11; Linux x86_64; U; en) Presto/2.9.168 Version/11.51',1315376445),
 (1,1,'127.0.0.1','localhost',247,'Opera/9.80 (X11; Linux x86_64; U; en) Presto/2.9.168 Version/11.51',1315376446),
 (1,1,'127.0.0.1','localhost',248,'Opera/9.80 (X11; Linux x86_64; U; en) Presto/2.9.168 Version/11.51',1315376446),
 (1,1,'127.0.0.1','localhost',249,'Opera/9.80 (X11; Linux x86_64; U; en) Presto/2.9.168 Version/11.51',1315376448),
 (1,1,'127.0.0.1','localhost',250,'Opera/9.80 (X11; Linux x86_64; U; en) Presto/2.9.168 Version/11.51',1315376448),
 (1,1,'127.0.0.1','localhost',251,'Opera/9.80 (X11; Linux x86_64; U; en) Presto/2.9.168 Version/11.51',1315376448),
 (1,1,'127.0.0.1','localhost',252,'Opera/9.80 (X11; Linux x86_64; U; en) Presto/2.9.168 Version/11.51',1315376450),
 (1,1,'127.0.0.1','localhost',253,'Opera/9.80 (X11; Linux x86_64; U; en) Presto/2.9.168 Version/11.51',1315376450),
 (1,1,'127.0.0.1','localhost',254,'Opera/9.80 (X11; Linux x86_64; U; en) Presto/2.9.168 Version/11.51',1315376450),
 (1,1,'127.0.0.1','localhost',255,'Opera/9.80 (X11; Linux x86_64; U; en) Presto/2.9.168 Version/11.51',1315376474),
 (1,1,'127.0.0.1','localhost',256,'Opera/9.80 (X11; Linux x86_64; U; en) Presto/2.9.168 Version/11.51',1315376474),
 (1,1,'127.0.0.1','localhost',257,'Opera/9.80 (X11; Linux x86_64; U; en) Presto/2.9.168 Version/11.51',1315376474),
 (1,1,'127.0.0.1','localhost',258,'Opera/9.80 (X11; Linux x86_64; U; en) Presto/2.9.168 Version/11.51',1315376476),
 (1,1,'127.0.0.1','localhost',259,'Opera/9.80 (X11; Linux x86_64; U; en) Presto/2.9.168 Version/11.51',1315376477),
 (1,1,'127.0.0.1','localhost',260,'Opera/9.80 (X11; Linux x86_64; U; en) Presto/2.9.168 Version/11.51',1315376477),
 (1,1,'127.0.0.1','localhost',261,'Opera/9.80 (X11; Linux x86_64; U; en) Presto/2.9.168 Version/11.51',1315376539),
 (1,1,'127.0.0.1','localhost',262,'Opera/9.80 (X11; Linux x86_64; U; en) Presto/2.9.168 Version/11.51',1315376539),
 (1,1,'127.0.0.1','localhost',263,'Opera/9.80 (X11; Linux x86_64; U; en) Presto/2.9.168 Version/11.51',1315376539),
 (1,1,'127.0.0.1','localhost',264,'Opera/9.80 (X11; Linux x86_64; U; en) Presto/2.9.168 Version/11.51',1315376542),
 (1,1,'127.0.0.1','localhost',265,'Opera/9.80 (X11; Linux x86_64; U; en) Presto/2.9.168 Version/11.51',1315376542),
 (1,1,'127.0.0.1','localhost',266,'Opera/9.80 (X11; Linux x86_64; U; en) Presto/2.9.168 Version/11.51',1315376542),
 (1,1,'127.0.0.1','localhost',267,'Opera/9.80 (X11; Linux x86_64; U; en) Presto/2.9.168 Version/11.51',1315376543),
 (1,1,'127.0.0.1','localhost',268,'Opera/9.80 (X11; Linux x86_64; U; en) Presto/2.9.168 Version/11.51',1315376543),
 (1,1,'127.0.0.1','localhost',269,'Opera/9.80 (X11; Linux x86_64; U; en) Presto/2.9.168 Version/11.51',1315376543),
 (1,1,'127.0.0.1','localhost',270,'Opera/9.80 (X11; Linux x86_64; U; en) Presto/2.9.168 Version/11.51',1315376546),
 (1,1,'127.0.0.1','localhost',271,'Opera/9.80 (X11; Linux x86_64; U; en) Presto/2.9.168 Version/11.51',1315376546),
 (1,1,'127.0.0.1','localhost',272,'Opera/9.80 (X11; Linux x86_64; U; en) Presto/2.9.168 Version/11.51',1315376546),
 (1,1,'127.0.0.1','localhost',273,'Opera/9.80 (X11; Linux x86_64; U; en) Presto/2.9.168 Version/11.51',1315376546),
 (1,1,'127.0.0.1','localhost',274,'Opera/9.80 (X11; Linux x86_64; U; en) Presto/2.9.168 Version/11.51',1315376547),
 (1,1,'127.0.0.1','localhost',275,'Opera/9.80 (X11; Linux x86_64; U; en) Presto/2.9.168 Version/11.51',1315376547),
 (1,1,'127.0.0.1','localhost',276,'Opera/9.80 (X11; Linux x86_64; U; en) Presto/2.9.168 Version/11.51',1315376548),
 (1,1,'127.0.0.1','localhost',277,'Opera/9.80 (X11; Linux x86_64; U; en) Presto/2.9.168 Version/11.51',1315376549),
 (1,1,'127.0.0.1','localhost',278,'Opera/9.80 (X11; Linux x86_64; U; en) Presto/2.9.168 Version/11.51',1315376549),
 (1,1,'127.0.0.1','localhost',279,'Opera/9.80 (X11; Linux x86_64; U; en) Presto/2.9.168 Version/11.51',1315376550),
 (1,1,'127.0.0.1','localhost',280,'Opera/9.80 (X11; Linux x86_64; U; en) Presto/2.9.168 Version/11.51',1315376550),
 (1,1,'127.0.0.1','localhost',281,'Opera/9.80 (X11; Linux x86_64; U; en) Presto/2.9.168 Version/11.51',1315376550),
 (1,1,'127.0.0.1','localhost',282,'Opera/9.80 (X11; Linux x86_64; U; en) Presto/2.9.168 Version/11.51',1315376551),
 (1,1,'127.0.0.1','localhost',283,'Opera/9.80 (X11; Linux x86_64; U; en) Presto/2.9.168 Version/11.51',1315376551),
 (1,1,'127.0.0.1','localhost',284,'Opera/9.80 (X11; Linux x86_64; U; en) Presto/2.9.168 Version/11.51',1315376551),
 (1,1,'127.0.0.1','localhost',285,'Opera/9.80 (X11; Linux x86_64; U; en) Presto/2.9.168 Version/11.51',1315376552),
 (1,1,'127.0.0.1','localhost',286,'Opera/9.80 (X11; Linux x86_64; U; en) Presto/2.9.168 Version/11.51',1315376552),
 (1,1,'127.0.0.1','localhost',287,'Opera/9.80 (X11; Linux x86_64; U; en) Presto/2.9.168 Version/11.51',1315376552),
 (1,1,'127.0.0.1','localhost',288,'Opera/9.80 (X11; Linux x86_64; U; en) Presto/2.9.168 Version/11.51',1315376588),
 (1,1,'127.0.0.1','localhost',289,'Opera/9.80 (X11; Linux x86_64; U; en) Presto/2.9.168 Version/11.51',1315376589),
 (1,1,'127.0.0.1','localhost',290,'Opera/9.80 (X11; Linux x86_64; U; en) Presto/2.9.168 Version/11.51',1315376589),
 (1,1,'127.0.0.1','localhost',291,'Opera/9.80 (X11; Linux x86_64; U; en) Presto/2.9.168 Version/11.51',1315376674),
 (1,1,'127.0.0.1','localhost',292,'Opera/9.80 (X11; Linux x86_64; U; en) Presto/2.9.168 Version/11.51',1315376674),
 (1,1,'127.0.0.1','localhost',293,'Opera/9.80 (X11; Linux x86_64; U; en) Presto/2.9.168 Version/11.51',1315376675),
 (1,1,'127.0.0.1','localhost',294,'Opera/9.80 (X11; Linux x86_64; U; en) Presto/2.9.168 Version/11.51',1315376885),
 (1,1,'127.0.0.1','localhost',295,'Opera/9.80 (X11; Linux x86_64; U; en) Presto/2.9.168 Version/11.51',1315376885),
 (1,1,'127.0.0.1','localhost',296,'Opera/9.80 (X11; Linux x86_64; U; en) Presto/2.9.168 Version/11.51',1315376885),
 (1,1,'127.0.0.1','localhost',297,'Opera/9.80 (X11; Linux x86_64; U; en) Presto/2.9.168 Version/11.51',1315376980),
 (1,1,'127.0.0.1','localhost',298,'Opera/9.80 (X11; Linux x86_64; U; en) Presto/2.9.168 Version/11.51',1315376980),
 (1,1,'127.0.0.1','localhost',299,'Opera/9.80 (X11; Linux x86_64; U; en) Presto/2.9.168 Version/11.51',1315376980),
 (1,1,'127.0.0.1','localhost',300,'Opera/9.80 (X11; Linux x86_64; U; en) Presto/2.9.168 Version/11.51',1315376981),
 (1,1,'127.0.0.1','localhost',301,'Opera/9.80 (X11; Linux x86_64; U; en) Presto/2.9.168 Version/11.51',1315376981),
 (1,1,'127.0.0.1','localhost',302,'Opera/9.80 (X11; Linux x86_64; U; en) Presto/2.9.168 Version/11.51',1315376981),
 (1,1,'127.0.0.1','localhost',303,'Opera/9.80 (X11; Linux x86_64; U; en) Presto/2.9.168 Version/11.51',1315381913),
 (1,1,'127.0.0.1','localhost',304,'Opera/9.80 (X11; Linux x86_64; U; en) Presto/2.9.168 Version/11.51',1315381913),
 (1,1,'127.0.0.1','localhost',305,'Opera/9.80 (X11; Linux x86_64; U; en) Presto/2.9.168 Version/11.51',1315381913),
 (1,1,'127.0.0.1','localhost',306,'Opera/9.80 (X11; Linux x86_64; U; en) Presto/2.9.168 Version/11.51',1315381926),
 (1,1,'127.0.0.1','localhost',307,'Opera/9.80 (X11; Linux x86_64; U; en) Presto/2.9.168 Version/11.51',1315381926),
 (1,2,'127.0.0.1','localhost',308,'Opera/9.80 (X11; Linux x86_64; U; en) Presto/2.9.168 Version/11.51',1315381926),
 (1,2,'127.0.0.1','localhost',309,'Opera/9.80 (X11; Linux x86_64; U; en) Presto/2.9.168 Version/11.51',1315381951),
 (1,1,'127.0.0.1','localhost',310,'Opera/9.80 (X11; Linux x86_64; U; en) Presto/2.9.168 Version/11.51',1315381952),
 (1,1,'127.0.0.1','localhost',311,'Opera/9.80 (X11; Linux x86_64; U; en) Presto/2.9.168 Version/11.51',1315381952),
 (1,2,'127.0.0.1','localhost',312,'Opera/9.80 (X11; Linux x86_64; U; en) Presto/2.9.168 Version/11.51',1315381962),
 (1,2,'127.0.0.1','localhost',313,'Opera/9.80 (X11; Linux x86_64; U; en) Presto/2.9.168 Version/11.51',1315381962),
 (1,1,'127.0.0.1','localhost',314,'Opera/9.80 (X11; Linux x86_64; U; en) Presto/2.9.168 Version/11.51',1315381962),
 (1,1,'127.0.0.1','localhost',315,'Opera/9.80 (X11; Linux x86_64; U; en) Presto/2.9.168 Version/11.51',1315381970),
 (1,2,'127.0.0.1','localhost',316,'Opera/9.80 (X11; Linux x86_64; U; en) Presto/2.9.168 Version/11.51',1315381970),
 (1,2,'127.0.0.1','localhost',317,'Opera/9.80 (X11; Linux x86_64; U; en) Presto/2.9.168 Version/11.51',1315381970),
 (1,1,'127.0.0.1','localhost',318,'Opera/9.80 (X11; Linux x86_64; U; en) Presto/2.9.168 Version/11.51',1315392769),
 (1,1,'127.0.0.1','localhost',319,'Opera/9.80 (X11; Linux x86_64; U; en) Presto/2.9.168 Version/11.51',1315392769),
 (1,2,'127.0.0.1','localhost',320,'Opera/9.80 (X11; Linux x86_64; U; en) Presto/2.9.168 Version/11.51',1315392769),
 (1,1,'127.0.0.1','localhost',321,'Opera/9.80 (X11; Linux x86_64; U; en) Presto/2.9.168 Version/11.51',1315398701),
 (1,1,'127.0.0.1','localhost',322,'Opera/9.80 (X11; Linux x86_64; U; en) Presto/2.9.168 Version/11.51',1315398701),
 (1,1,'127.0.0.1','localhost',323,'Opera/9.80 (X11; Linux x86_64; U; en) Presto/2.9.168 Version/11.51',1315398701),
 (1,1,'127.0.0.1','localhost',324,'Opera/9.80 (X11; Linux x86_64; U; en) Presto/2.9.168 Version/11.51',1315399051),
 (1,1,'127.0.0.1','localhost',325,'Opera/9.80 (X11; Linux x86_64; U; en) Presto/2.9.168 Version/11.51',1315399052),
 (1,1,'127.0.0.1','localhost',326,'Opera/9.80 (X11; Linux x86_64; U; en) Presto/2.9.168 Version/11.51',1315399052),
 (1,1,'127.0.0.1','localhost',327,'Opera/9.80 (X11; Linux x86_64; U; en) Presto/2.9.168 Version/11.51',1315399058),
 (1,1,'127.0.0.1','localhost',328,'Opera/9.80 (X11; Linux x86_64; U; en) Presto/2.9.168 Version/11.51',1315399058),
 (1,1,'127.0.0.1','localhost',329,'Opera/9.80 (X11; Linux x86_64; U; en) Presto/2.9.168 Version/11.51',1315399059),
 (1,1,'127.0.0.1','localhost',330,'Opera/9.80 (X11; Linux x86_64; U; en) Presto/2.9.168 Version/11.51',1315399060),
 (1,1,'127.0.0.1','localhost',331,'Opera/9.80 (X11; Linux x86_64; U; en) Presto/2.9.168 Version/11.51',1315399060),
 (1,1,'127.0.0.1','localhost',332,'Opera/9.80 (X11; Linux x86_64; U; en) Presto/2.9.168 Version/11.51',1315399060),
 (1,1,'127.0.0.1','localhost',333,'Opera/9.80 (X11; Linux x86_64; U; en) Presto/2.9.168 Version/11.51',1315399061),
 (1,1,'127.0.0.1','localhost',334,'Opera/9.80 (X11; Linux x86_64; U; en) Presto/2.9.168 Version/11.51',1315399061),
 (1,1,'127.0.0.1','localhost',335,'Opera/9.80 (X11; Linux x86_64; U; en) Presto/2.9.168 Version/11.51',1315399061),
 (1,1,'127.0.0.1','localhost',336,'Opera/9.80 (X11; Linux x86_64; U; en) Presto/2.9.168 Version/11.51',1315399062),
 (1,1,'127.0.0.1','localhost',337,'Opera/9.80 (X11; Linux x86_64; U; en) Presto/2.9.168 Version/11.51',1315399062),
 (1,1,'127.0.0.1','localhost',338,'Opera/9.80 (X11; Linux x86_64; U; en) Presto/2.9.168 Version/11.51',1315399062),
 (1,1,'127.0.0.1','localhost',339,'Opera/9.80 (X11; Linux x86_64; U; en) Presto/2.9.168 Version/11.51',1315399082),
 (1,1,'127.0.0.1','localhost',340,'Opera/9.80 (X11; Linux x86_64; U; en) Presto/2.9.168 Version/11.51',1315399083),
 (1,1,'127.0.0.1','localhost',341,'Opera/9.80 (X11; Linux x86_64; U; en) Presto/2.9.168 Version/11.51',1315399083),
 (1,1,'127.0.0.1','localhost',342,'Opera/9.80 (X11; Linux x86_64; U; en) Presto/2.9.168 Version/11.51',1315399083),
 (1,1,'127.0.0.1','localhost',343,'Opera/9.80 (X11; Linux x86_64; U; en) Presto/2.9.168 Version/11.51',1315399083),
 (1,1,'127.0.0.1','localhost',344,'Opera/9.80 (X11; Linux x86_64; U; en) Presto/2.9.168 Version/11.51',1315399083),
 (1,1,'127.0.0.1','localhost',345,'Opera/9.80 (X11; Linux x86_64; U; en) Presto/2.9.168 Version/11.51',1315399095),
 (1,1,'127.0.0.1','localhost',346,'Opera/9.80 (X11; Linux x86_64; U; en) Presto/2.9.168 Version/11.51',1315399095),
 (1,1,'127.0.0.1','localhost',347,'Opera/9.80 (X11; Linux x86_64; U; en) Presto/2.9.168 Version/11.51',1315399095),
 (1,1,'127.0.0.1','localhost',348,'Opera/9.80 (X11; Linux x86_64; U; en) Presto/2.9.168 Version/11.51',1315399096),
 (1,1,'127.0.0.1','localhost',349,'Opera/9.80 (X11; Linux x86_64; U; en) Presto/2.9.168 Version/11.51',1315399096),
 (1,1,'127.0.0.1','localhost',350,'Opera/9.80 (X11; Linux x86_64; U; en) Presto/2.9.168 Version/11.51',1315399096),
 (1,1,'127.0.0.1','localhost',351,'Opera/9.80 (X11; Linux x86_64; U; en) Presto/2.9.168 Version/11.51',1315399750),
 (1,1,'127.0.0.1','localhost',352,'Opera/9.80 (X11; Linux x86_64; U; en) Presto/2.9.168 Version/11.51',1315399751),
 (1,1,'127.0.0.1','localhost',353,'Opera/9.80 (X11; Linux x86_64; U; en) Presto/2.9.168 Version/11.51',1315399751),
 (1,1,'127.0.0.1','localhost',354,'Opera/9.80 (X11; Linux x86_64; U; en) Presto/2.9.168 Version/11.51',1315399804),
 (1,1,'127.0.0.1','localhost',355,'Opera/9.80 (X11; Linux x86_64; U; en) Presto/2.9.168 Version/11.51',1315399805),
 (1,1,'127.0.0.1','localhost',356,'Opera/9.80 (X11; Linux x86_64; U; en) Presto/2.9.168 Version/11.51',1315399805),
 (1,1,'127.0.0.1','localhost',357,'Opera/9.80 (X11; Linux x86_64; U; en) Presto/2.9.168 Version/11.51',1315399833),
 (1,1,'127.0.0.1','localhost',358,'Opera/9.80 (X11; Linux x86_64; U; en) Presto/2.9.168 Version/11.51',1315399833),
 (1,1,'127.0.0.1','localhost',359,'Opera/9.80 (X11; Linux x86_64; U; en) Presto/2.9.168 Version/11.51',1315399833),
 (1,1,'127.0.0.1','localhost',360,'Opera/9.80 (X11; Linux x86_64; U; en) Presto/2.9.168 Version/11.51',1315399837),
 (1,1,'127.0.0.1','localhost',361,'Opera/9.80 (X11; Linux x86_64; U; en) Presto/2.9.168 Version/11.51',1315399837),
 (1,1,'127.0.0.1','localhost',362,'Opera/9.80 (X11; Linux x86_64; U; en) Presto/2.9.168 Version/11.51',1315399837),
 (1,1,'127.0.0.1','localhost',363,'Opera/9.80 (X11; Linux x86_64; U; en) Presto/2.9.168 Version/11.51',1315399843),
 (1,1,'127.0.0.1','localhost',364,'Opera/9.80 (X11; Linux x86_64; U; en) Presto/2.9.168 Version/11.51',1315399844),
 (1,1,'127.0.0.1','localhost',365,'Opera/9.80 (X11; Linux x86_64; U; en) Presto/2.9.168 Version/11.51',1315399844),
 (1,1,'127.0.0.1','localhost',366,'Opera/9.80 (X11; Linux x86_64; U; en) Presto/2.9.168 Version/11.51',1315399891),
 (1,1,'127.0.0.1','localhost',367,'Opera/9.80 (X11; Linux x86_64; U; en) Presto/2.9.168 Version/11.51',1315399891),
 (1,1,'127.0.0.1','localhost',368,'Opera/9.80 (X11; Linux x86_64; U; en) Presto/2.9.168 Version/11.51',1315399891),
 (1,1,'127.0.0.1','localhost',369,'Opera/9.80 (X11; Linux x86_64; U; en) Presto/2.9.168 Version/11.51',1315399910),
 (1,1,'127.0.0.1','localhost',370,'Opera/9.80 (X11; Linux x86_64; U; en) Presto/2.9.168 Version/11.51',1315399910),
 (1,1,'127.0.0.1','localhost',371,'Opera/9.80 (X11; Linux x86_64; U; en) Presto/2.9.168 Version/11.51',1315399910),
 (1,1,'127.0.0.1','localhost',372,'Opera/9.80 (X11; Linux x86_64; U; en) Presto/2.9.168 Version/11.51',1315399916),
 (1,1,'127.0.0.1','localhost',373,'Opera/9.80 (X11; Linux x86_64; U; en) Presto/2.9.168 Version/11.51',1315399917),
 (1,1,'127.0.0.1','localhost',374,'Opera/9.80 (X11; Linux x86_64; U; en) Presto/2.9.168 Version/11.51',1315399917),
 (1,1,'127.0.0.1','localhost',375,'Opera/9.80 (X11; Linux x86_64; U; en) Presto/2.9.168 Version/11.51',1315400335),
 (1,1,'127.0.0.1','localhost',376,'Opera/9.80 (X11; Linux x86_64; U; en) Presto/2.9.168 Version/11.51',1315400335),
 (1,1,'127.0.0.1','localhost',377,'Opera/9.80 (X11; Linux x86_64; U; en) Presto/2.9.168 Version/11.51',1315400336),
 (1,1,'127.0.0.1','localhost',378,'Opera/9.80 (X11; Linux x86_64; U; en) Presto/2.9.168 Version/11.51',1315400355),
 (1,1,'127.0.0.1','localhost',379,'Opera/9.80 (X11; Linux x86_64; U; en) Presto/2.9.168 Version/11.51',1315400355),
 (1,1,'127.0.0.1','localhost',380,'Opera/9.80 (X11; Linux x86_64; U; en) Presto/2.9.168 Version/11.51',1315400355),
 (1,1,'127.0.0.1','localhost',381,'Opera/9.80 (X11; Linux x86_64; U; en) Presto/2.9.168 Version/11.51',1315400362),
 (1,1,'127.0.0.1','localhost',382,'Opera/9.80 (X11; Linux x86_64; U; en) Presto/2.9.168 Version/11.51',1315400362),
 (1,1,'127.0.0.1','localhost',383,'Opera/9.80 (X11; Linux x86_64; U; en) Presto/2.9.168 Version/11.51',1315400362),
 (1,1,'127.0.0.1','localhost',384,'Opera/9.80 (X11; Linux x86_64; U; en) Presto/2.9.168 Version/11.51',1315400408),
 (1,1,'127.0.0.1','localhost',385,'Opera/9.80 (X11; Linux x86_64; U; en) Presto/2.9.168 Version/11.51',1315400408),
 (1,1,'127.0.0.1','localhost',386,'Opera/9.80 (X11; Linux x86_64; U; en) Presto/2.9.168 Version/11.51',1315400408),
 (1,1,'127.0.0.1','localhost',387,'Opera/9.80 (X11; Linux x86_64; U; en) Presto/2.9.168 Version/11.51',1315400415),
 (1,1,'127.0.0.1','localhost',388,'Opera/9.80 (X11; Linux x86_64; U; en) Presto/2.9.168 Version/11.51',1315400416),
 (1,1,'127.0.0.1','localhost',389,'Opera/9.80 (X11; Linux x86_64; U; en) Presto/2.9.168 Version/11.51',1315400416),
 (1,1,'127.0.0.1','localhost',390,'Opera/9.80 (X11; Linux x86_64; U; en) Presto/2.9.168 Version/11.51',1315400422),
 (1,1,'127.0.0.1','localhost',391,'Opera/9.80 (X11; Linux x86_64; U; en) Presto/2.9.168 Version/11.51',1315400422),
 (1,1,'127.0.0.1','localhost',392,'Opera/9.80 (X11; Linux x86_64; U; en) Presto/2.9.168 Version/11.51',1315400422),
 (1,1,'127.0.0.1','localhost',393,'Opera/9.80 (X11; Linux x86_64; U; en) Presto/2.9.168 Version/11.51',1315400425),
 (1,1,'127.0.0.1','localhost',394,'Opera/9.80 (X11; Linux x86_64; U; en) Presto/2.9.168 Version/11.51',1315400425),
 (1,1,'127.0.0.1','localhost',395,'Opera/9.80 (X11; Linux x86_64; U; en) Presto/2.9.168 Version/11.51',1315400425),
 (1,1,'127.0.0.1','localhost',396,'Opera/9.80 (X11; Linux x86_64; U; en) Presto/2.9.168 Version/11.51',1315400427),
 (1,1,'127.0.0.1','localhost',397,'Opera/9.80 (X11; Linux x86_64; U; en) Presto/2.9.168 Version/11.51',1315400428),
 (1,1,'127.0.0.1','localhost',398,'Opera/9.80 (X11; Linux x86_64; U; en) Presto/2.9.168 Version/11.51',1315400428),
 (1,1,'127.0.0.1','localhost',399,'Opera/9.80 (X11; Linux x86_64; U; en) Presto/2.9.168 Version/11.51',1315400429),
 (1,1,'127.0.0.1','localhost',400,'Opera/9.80 (X11; Linux x86_64; U; en) Presto/2.9.168 Version/11.51',1315400429),
 (1,1,'127.0.0.1','localhost',401,'Opera/9.80 (X11; Linux x86_64; U; en) Presto/2.9.168 Version/11.51',1315400429),
 (1,1,'127.0.0.1','localhost',402,'Opera/9.80 (X11; Linux x86_64; U; en) Presto/2.9.168 Version/11.51',1315400430),
 (1,1,'127.0.0.1','localhost',403,'Opera/9.80 (X11; Linux x86_64; U; en) Presto/2.9.168 Version/11.51',1315400430),
 (1,1,'127.0.0.1','localhost',404,'Opera/9.80 (X11; Linux x86_64; U; en) Presto/2.9.168 Version/11.51',1315400430),
 (1,1,'127.0.0.1','localhost',405,'Opera/9.80 (X11; Linux x86_64; U; en) Presto/2.9.168 Version/11.51',1315400431),
 (1,1,'127.0.0.1','localhost',406,'Opera/9.80 (X11; Linux x86_64; U; en) Presto/2.9.168 Version/11.51',1315400431),
 (1,1,'127.0.0.1','localhost',407,'Opera/9.80 (X11; Linux x86_64; U; en) Presto/2.9.168 Version/11.51',1315400431),
 (1,1,'127.0.0.1','localhost',408,'Opera/9.80 (X11; Linux x86_64; U; en) Presto/2.9.168 Version/11.51',1315400523),
 (1,1,'127.0.0.1','localhost',409,'Opera/9.80 (X11; Linux x86_64; U; en) Presto/2.9.168 Version/11.51',1315400523),
 (1,1,'127.0.0.1','localhost',410,'Opera/9.80 (X11; Linux x86_64; U; en) Presto/2.9.168 Version/11.51',1315400523),
 (1,1,'127.0.0.1','localhost',411,'Opera/9.80 (X11; Linux x86_64; U; en) Presto/2.9.168 Version/11.51',1315400544),
 (1,1,'127.0.0.1','localhost',412,'Opera/9.80 (X11; Linux x86_64; U; en) Presto/2.9.168 Version/11.51',1315400544),
 (1,1,'127.0.0.1','localhost',413,'Opera/9.80 (X11; Linux x86_64; U; en) Presto/2.9.168 Version/11.51',1315400544),
 (1,1,'127.0.0.1','localhost',414,'Opera/9.80 (X11; Linux x86_64; U; en) Presto/2.9.168 Version/11.51',1315400546),
 (1,1,'127.0.0.1','localhost',415,'Opera/9.80 (X11; Linux x86_64; U; en) Presto/2.9.168 Version/11.51',1315400546),
 (1,1,'127.0.0.1','localhost',416,'Opera/9.80 (X11; Linux x86_64; U; en) Presto/2.9.168 Version/11.51',1315400546),
 (1,1,'127.0.0.1','localhost',417,'Opera/9.80 (X11; Linux x86_64; U; en) Presto/2.9.168 Version/11.51',1315400574),
 (1,1,'127.0.0.1','localhost',418,'Opera/9.80 (X11; Linux x86_64; U; en) Presto/2.9.168 Version/11.51',1315400574),
 (1,1,'127.0.0.1','localhost',419,'Opera/9.80 (X11; Linux x86_64; U; en) Presto/2.9.168 Version/11.51',1315400574),
 (1,1,'127.0.0.1','localhost',420,'Opera/9.80 (X11; Linux x86_64; U; en) Presto/2.9.168 Version/11.51',1315400584),
 (1,1,'127.0.0.1','localhost',421,'Opera/9.80 (X11; Linux x86_64; U; en) Presto/2.9.168 Version/11.51',1315400584),
 (1,1,'127.0.0.1','localhost',422,'Opera/9.80 (X11; Linux x86_64; U; en) Presto/2.9.168 Version/11.51',1315400584),
 (1,1,'127.0.0.1','localhost',423,'Opera/9.80 (X11; Linux x86_64; U; en) Presto/2.9.168 Version/11.51',1315400649),
 (1,2,'127.0.0.1','localhost',424,'Opera/9.80 (X11; Linux x86_64; U; en) Presto/2.9.168 Version/11.51',1315400649),
 (1,2,'127.0.0.1','localhost',425,'Opera/9.80 (X11; Linux x86_64; U; en) Presto/2.9.168 Version/11.51',1315400649),
 (1,1,'127.0.0.1','localhost',426,'Opera/9.80 (X11; Linux x86_64; U; en) Presto/2.9.168 Version/11.51',1315400664),
 (1,1,'127.0.0.1','localhost',427,'Opera/9.80 (X11; Linux x86_64; U; en) Presto/2.9.168 Version/11.51',1315400692),
 (1,1,'127.0.0.1','localhost',428,'Opera/9.80 (X11; Linux x86_64; U; en) Presto/2.9.168 Version/11.51',1315400692),
 (1,1,'127.0.0.1','localhost',429,'Opera/9.80 (X11; Linux x86_64; U; en) Presto/2.9.168 Version/11.51',1315400692),
 (1,1,'127.0.0.1','localhost',430,'Opera/9.80 (X11; Linux x86_64; U; en) Presto/2.9.168 Version/11.51',1315400699),
 (1,2,'127.0.0.1','localhost',431,'Opera/9.80 (X11; Linux x86_64; U; en) Presto/2.9.168 Version/11.51',1315400699),
 (1,2,'127.0.0.1','localhost',432,'Opera/9.80 (X11; Linux x86_64; U; en) Presto/2.9.168 Version/11.51',1315400699),
 (1,1,'127.0.0.1','localhost',433,'Opera/9.80 (X11; Linux x86_64; U; en) Presto/2.9.168 Version/11.51',1315400703),
 (1,1,'127.0.0.1','localhost',434,'Opera/9.80 (X11; Linux x86_64; U; en) Presto/2.9.168 Version/11.51',1315400720),
 (1,1,'127.0.0.1','localhost',435,'Opera/9.80 (X11; Linux x86_64; U; en) Presto/2.9.168 Version/11.51',1315400720),
 (1,1,'127.0.0.1','localhost',436,'Opera/9.80 (X11; Linux x86_64; U; en) Presto/2.9.168 Version/11.51',1315400720),
 (1,1,'127.0.0.1','localhost',437,'Opera/9.80 (X11; Linux x86_64; U; en) Presto/2.9.168 Version/11.51',1315400732),
 (1,2,'127.0.0.1','localhost',438,'Opera/9.80 (X11; Linux x86_64; U; en) Presto/2.9.168 Version/11.51',1315400732),
 (1,2,'127.0.0.1','localhost',439,'Opera/9.80 (X11; Linux x86_64; U; en) Presto/2.9.168 Version/11.51',1315400732),
 (1,1,'127.0.0.1','localhost',440,'Opera/9.80 (X11; Linux x86_64; U; en) Presto/2.9.168 Version/11.51',1315400747),
 (1,1,'127.0.0.1','localhost',441,'Opera/9.80 (X11; Linux x86_64; U; en) Presto/2.9.168 Version/11.51',1315401877),
 (1,1,'127.0.0.1','localhost',442,'Opera/9.80 (X11; Linux x86_64; U; en) Presto/2.9.168 Version/11.51',1315401877),
 (1,1,'127.0.0.1','localhost',443,'Opera/9.80 (X11; Linux x86_64; U; en) Presto/2.9.168 Version/11.51',1315401877),
 (1,1,'127.0.0.1','localhost',444,'Opera/9.80 (X11; Linux x86_64; U; en) Presto/2.9.168 Version/11.51',1315401884),
 (1,1,'127.0.0.1','localhost',445,'Opera/9.80 (X11; Linux x86_64; U; en) Presto/2.9.168 Version/11.51',1315401884),
 (1,1,'127.0.0.1','localhost',446,'Opera/9.80 (X11; Linux x86_64; U; en) Presto/2.9.168 Version/11.51',1315401884),
 (1,1,'127.0.0.1','localhost',447,'Opera/9.80 (X11; Linux x86_64; U; en) Presto/2.9.168 Version/11.51',1315401890),
 (1,2,'127.0.0.1','localhost',448,'Opera/9.80 (X11; Linux x86_64; U; en) Presto/2.9.168 Version/11.51',1315401890),
 (1,2,'127.0.0.1','localhost',449,'Opera/9.80 (X11; Linux x86_64; U; en) Presto/2.9.168 Version/11.51',1315401890),
 (1,1,'127.0.0.1','localhost',450,'Opera/9.80 (X11; Linux x86_64; U; en) Presto/2.9.168 Version/11.51',1315401916),
 (1,1,'127.0.0.1','localhost',451,'Opera/9.80 (X11; Linux x86_64; U; en) Presto/2.9.168 Version/11.51',1315401916),
 (1,1,'127.0.0.1','localhost',452,'Opera/9.80 (X11; Linux x86_64; U; en) Presto/2.9.168 Version/11.51',1315401916),
 (1,1,'127.0.0.1','localhost',453,'Opera/9.80 (X11; Linux x86_64; U; en) Presto/2.9.168 Version/11.51',1315401928),
 (1,1,'127.0.0.1','localhost',454,'Opera/9.80 (X11; Linux x86_64; U; en) Presto/2.9.168 Version/11.51',1315401928),
 (1,1,'127.0.0.1','localhost',455,'Opera/9.80 (X11; Linux x86_64; U; en) Presto/2.9.168 Version/11.51',1315401928),
 (1,1,'127.0.0.1','localhost',456,'Opera/9.80 (X11; Linux x86_64; U; en) Presto/2.9.168 Version/11.51',1315401929),
 (1,1,'127.0.0.1','localhost',457,'Opera/9.80 (X11; Linux x86_64; U; en) Presto/2.9.168 Version/11.51',1315401929),
 (1,1,'127.0.0.1','localhost',458,'Opera/9.80 (X11; Linux x86_64; U; en) Presto/2.9.168 Version/11.51',1315401929),
 (1,1,'127.0.0.1','localhost',459,'Opera/9.80 (X11; Linux x86_64; U; en) Presto/2.9.168 Version/11.51',1315401956),
 (1,1,'127.0.0.1','localhost',460,'Opera/9.80 (X11; Linux x86_64; U; en) Presto/2.9.168 Version/11.51',1315401956),
 (1,1,'127.0.0.1','localhost',461,'Opera/9.80 (X11; Linux x86_64; U; en) Presto/2.9.168 Version/11.51',1315401956),
 (1,1,'127.0.0.1','localhost',462,'Opera/9.80 (X11; Linux x86_64; U; en) Presto/2.9.168 Version/11.51',1315401957),
 (1,1,'127.0.0.1','localhost',463,'Opera/9.80 (X11; Linux x86_64; U; en) Presto/2.9.168 Version/11.51',1315401957),
 (1,1,'127.0.0.1','localhost',464,'Opera/9.80 (X11; Linux x86_64; U; en) Presto/2.9.168 Version/11.51',1315401957),
 (1,1,'127.0.0.1','localhost',465,'Opera/9.80 (X11; Linux x86_64; U; en) Presto/2.9.168 Version/11.51',1315401966),
 (1,1,'127.0.0.1','localhost',466,'Opera/9.80 (X11; Linux x86_64; U; en) Presto/2.9.168 Version/11.51',1315401967),
 (1,1,'127.0.0.1','localhost',467,'Opera/9.80 (X11; Linux x86_64; U; en) Presto/2.9.168 Version/11.51',1315401967),
 (1,1,'127.0.0.1','localhost',468,'Opera/9.80 (X11; Linux x86_64; U; en) Presto/2.9.168 Version/11.51',1315401977),
 (1,2,'127.0.0.1','localhost',469,'Opera/9.80 (X11; Linux x86_64; U; en) Presto/2.9.168 Version/11.51',1315401977),
 (1,2,'127.0.0.1','localhost',470,'Opera/9.80 (X11; Linux x86_64; U; en) Presto/2.9.168 Version/11.51',1315401977),
 (1,1,'127.0.0.1','localhost',471,'Opera/9.80 (X11; Linux x86_64; U; en) Presto/2.9.168 Version/11.51',1315401995),
 (1,1,'127.0.0.1','localhost',472,'Opera/9.80 (X11; Linux x86_64; U; en) Presto/2.9.168 Version/11.51',1315401995),
 (1,1,'127.0.0.1','localhost',473,'Opera/9.80 (X11; Linux x86_64; U; en) Presto/2.9.168 Version/11.51',1315401995),
 (1,1,'127.0.0.1','localhost',474,'Opera/9.80 (X11; Linux x86_64; U; en) Presto/2.9.168 Version/11.51',1315402000),
 (1,1,'127.0.0.1','localhost',475,'Opera/9.80 (X11; Linux x86_64; U; en) Presto/2.9.168 Version/11.51',1315402000),
 (1,1,'127.0.0.1','localhost',476,'Opera/9.80 (X11; Linux x86_64; U; en) Presto/2.9.168 Version/11.51',1315402000),
 (1,1,'127.0.0.1','localhost',477,'Opera/9.80 (X11; Linux x86_64; U; en) Presto/2.9.168 Version/11.51',1315402001),
 (1,1,'127.0.0.1','localhost',478,'Opera/9.80 (X11; Linux x86_64; U; en) Presto/2.9.168 Version/11.51',1315402001),
 (1,1,'127.0.0.1','localhost',479,'Opera/9.80 (X11; Linux x86_64; U; en) Presto/2.9.168 Version/11.51',1315402001),
 (1,1,'127.0.0.1','localhost',480,'Opera/9.80 (X11; Linux x86_64; U; en) Presto/2.9.168 Version/11.51',1315402011),
 (1,1,'127.0.0.1','localhost',481,'Opera/9.80 (X11; Linux x86_64; U; en) Presto/2.9.168 Version/11.51',1315402011),
 (1,1,'127.0.0.1','localhost',482,'Opera/9.80 (X11; Linux x86_64; U; en) Presto/2.9.168 Version/11.51',1315402011),
 (1,1,'127.0.0.1','localhost',483,'Opera/9.80 (X11; Linux x86_64; U; en) Presto/2.9.168 Version/11.51',1315402059),
 (1,1,'127.0.0.1','localhost',484,'Opera/9.80 (X11; Linux x86_64; U; en) Presto/2.9.168 Version/11.51',1315402059),
 (1,1,'127.0.0.1','localhost',485,'Opera/9.80 (X11; Linux x86_64; U; en) Presto/2.9.168 Version/11.51',1315402059),
 (1,1,'127.0.0.1','localhost',486,'Opera/9.80 (X11; Linux x86_64; U; en) Presto/2.9.168 Version/11.51',1315402082),
 (1,1,'127.0.0.1','localhost',487,'Opera/9.80 (X11; Linux x86_64; U; en) Presto/2.9.168 Version/11.51',1315402082),
 (1,1,'127.0.0.1','localhost',488,'Opera/9.80 (X11; Linux x86_64; U; en) Presto/2.9.168 Version/11.51',1315402082),
 (1,1,'127.0.0.1','localhost',489,'Opera/9.80 (X11; Linux x86_64; U; en) Presto/2.9.168 Version/11.51',1315402084),
 (1,1,'127.0.0.1','localhost',490,'Opera/9.80 (X11; Linux x86_64; U; en) Presto/2.9.168 Version/11.51',1315402085),
 (1,1,'127.0.0.1','localhost',491,'Opera/9.80 (X11; Linux x86_64; U; en) Presto/2.9.168 Version/11.51',1315402085),
 (1,1,'127.0.0.1','localhost',492,'Opera/9.80 (X11; Linux x86_64; U; en) Presto/2.9.168 Version/11.51',1315402097),
 (1,1,'127.0.0.1','localhost',493,'Opera/9.80 (X11; Linux x86_64; U; en) Presto/2.9.168 Version/11.51',1315402097),
 (1,2,'127.0.0.1','localhost',494,'Opera/9.80 (X11; Linux x86_64; U; en) Presto/2.9.168 Version/11.51',1315402098),
 (1,2,'127.0.0.1','localhost',495,'Opera/9.80 (X11; Linux x86_64; U; en) Presto/2.9.168 Version/11.51',1315402101),
 (1,1,'127.0.0.1','localhost',496,'Opera/9.80 (X11; Linux x86_64; U; en) Presto/2.9.168 Version/11.51',1315402101),
 (0,1,'127.0.0.1','localhost',497,'Mozilla/5.0 (X11; U; Linux x86_64; en-US; rv:1.9.2.21) Gecko/20110830 Ubuntu/10.04 (lucid) Firefox/3.6.21',1315467165),
 (0,1,'127.0.0.1','localhost',498,'Mozilla/5.0 (X11; U; Linux x86_64; en-US; rv:1.9.2.21) Gecko/20110830 Ubuntu/10.04 (lucid) Firefox/3.6.21',1315467165),
 (0,1,'127.0.0.1','localhost',499,'Mozilla/5.0 (X11; U; Linux x86_64; en-US; rv:1.9.2.21) Gecko/20110830 Ubuntu/10.04 (lucid) Firefox/3.6.21',1315467165),
 (0,1,'127.0.0.1','localhost',500,'Mozilla/5.0 (X11; U; Linux x86_64; en-US; rv:1.9.2.21) Gecko/20110830 Ubuntu/10.04 (lucid) Firefox/3.6.21',1315467314),
 (0,2,'127.0.0.1','localhost',501,'Mozilla/5.0 (X11; U; Linux x86_64; en-US; rv:1.9.2.21) Gecko/20110830 Ubuntu/10.04 (lucid) Firefox/3.6.21',1315467314),
 (0,2,'127.0.0.1','localhost',502,'Mozilla/5.0 (X11; U; Linux x86_64; en-US; rv:1.9.2.21) Gecko/20110830 Ubuntu/10.04 (lucid) Firefox/3.6.21',1315467314),
 (0,1,'127.0.0.1','localhost',503,'Mozilla/5.0 (X11; U; Linux x86_64; en-US; rv:1.9.2.21) Gecko/20110830 Ubuntu/10.04 (lucid) Firefox/3.6.21',1315467314),
 (0,1,'127.0.0.1','localhost',504,'Mozilla/5.0 (X11; U; Linux x86_64; en-US; rv:1.9.2.21) Gecko/20110830 Ubuntu/10.04 (lucid) Firefox/3.6.21',1315467335),
 (0,1,'127.0.0.1','localhost',505,'Mozilla/5.0 (X11; U; Linux x86_64; en-US; rv:1.9.2.21) Gecko/20110830 Ubuntu/10.04 (lucid) Firefox/3.6.21',1315467335),
 (0,1,'127.0.0.1','localhost',506,'Mozilla/5.0 (X11; U; Linux x86_64; en-US; rv:1.9.2.21) Gecko/20110830 Ubuntu/10.04 (lucid) Firefox/3.6.21',1315467335),
 (0,1,'127.0.0.1','localhost',507,'Mozilla/5.0 (X11; U; Linux x86_64; en-US; rv:1.9.2.21) Gecko/20110830 Ubuntu/10.04 (lucid) Firefox/3.6.21',1315467335),
 (0,1,'127.0.0.1','localhost',508,'Mozilla/5.0 (X11; U; Linux x86_64; en-US; rv:1.9.2.21) Gecko/20110830 Ubuntu/10.04 (lucid) Firefox/3.6.21',1315467348),
 (0,2,'127.0.0.1','localhost',509,'Mozilla/5.0 (X11; U; Linux x86_64; en-US; rv:1.9.2.21) Gecko/20110830 Ubuntu/10.04 (lucid) Firefox/3.6.21',1315467348);
INSERT INTO `agsi`.`tbl_user_visit` VALUES  (0,2,'127.0.0.1','localhost',510,'Mozilla/5.0 (X11; U; Linux x86_64; en-US; rv:1.9.2.21) Gecko/20110830 Ubuntu/10.04 (lucid) Firefox/3.6.21',1315467348),
 (0,1,'127.0.0.1','localhost',511,'Mozilla/5.0 (X11; U; Linux x86_64; en-US; rv:1.9.2.21) Gecko/20110830 Ubuntu/10.04 (lucid) Firefox/3.6.21',1315467348),
 (0,1,'127.0.0.1','localhost',512,'Mozilla/5.0 (X11; U; Linux x86_64; en-US; rv:1.9.2.21) Gecko/20110830 Ubuntu/10.04 (lucid) Firefox/3.6.21',1315468221),
 (0,1,'127.0.0.1','localhost',513,'Mozilla/5.0 (X11; U; Linux x86_64; en-US; rv:1.9.2.21) Gecko/20110830 Ubuntu/10.04 (lucid) Firefox/3.6.21',1315468221),
 (0,1,'127.0.0.1','localhost',514,'Mozilla/5.0 (X11; U; Linux x86_64; en-US; rv:1.9.2.21) Gecko/20110830 Ubuntu/10.04 (lucid) Firefox/3.6.21',1315468221),
 (0,1,'127.0.0.1','localhost',515,'Mozilla/5.0 (X11; U; Linux x86_64; en-US; rv:1.9.2.21) Gecko/20110830 Ubuntu/10.04 (lucid) Firefox/3.6.21',1315468221),
 (0,1,'127.0.0.1','localhost',516,'Mozilla/5.0 (X11; U; Linux x86_64; en-US; rv:1.9.2.21) Gecko/20110830 Ubuntu/10.04 (lucid) Firefox/3.6.21',1315470984),
 (0,1,'127.0.0.1','localhost',517,'Mozilla/5.0 (X11; U; Linux x86_64; en-US; rv:1.9.2.21) Gecko/20110830 Ubuntu/10.04 (lucid) Firefox/3.6.21',1315470984),
 (0,1,'127.0.0.1','localhost',518,'Mozilla/5.0 (X11; U; Linux x86_64; en-US; rv:1.9.2.21) Gecko/20110830 Ubuntu/10.04 (lucid) Firefox/3.6.21',1315470984),
 (0,1,'127.0.0.1','localhost',519,'Mozilla/5.0 (X11; U; Linux x86_64; en-US; rv:1.9.2.21) Gecko/20110830 Ubuntu/10.04 (lucid) Firefox/3.6.21',1315470984),
 (0,1,'127.0.0.1','localhost',520,'Mozilla/5.0 (X11; U; Linux x86_64; en-US; rv:1.9.2.21) Gecko/20110830 Ubuntu/10.04 (lucid) Firefox/3.6.21',1315470984),
 (0,1,'127.0.0.1','localhost',521,'Mozilla/5.0 (X11; U; Linux x86_64; en-US; rv:1.9.2.21) Gecko/20110830 Ubuntu/10.04 (lucid) Firefox/3.6.21',1315470986),
 (0,1,'127.0.0.1','localhost',522,'Mozilla/5.0 (X11; U; Linux x86_64; en-US; rv:1.9.2.21) Gecko/20110830 Ubuntu/10.04 (lucid) Firefox/3.6.21',1315470986),
 (0,1,'127.0.0.1','localhost',523,'Mozilla/5.0 (X11; U; Linux x86_64; en-US; rv:1.9.2.21) Gecko/20110830 Ubuntu/10.04 (lucid) Firefox/3.6.21',1315470987),
 (0,1,'127.0.0.1','localhost',524,'Mozilla/5.0 (X11; U; Linux x86_64; en-US; rv:1.9.2.21) Gecko/20110830 Ubuntu/10.04 (lucid) Firefox/3.6.21',1315470987),
 (0,1,'127.0.0.1','localhost',525,'Mozilla/5.0 (X11; U; Linux x86_64; en-US; rv:1.9.2.21) Gecko/20110830 Ubuntu/10.04 (lucid) Firefox/3.6.21',1315471008),
 (0,1,'127.0.0.1','localhost',526,'Mozilla/5.0 (X11; U; Linux x86_64; en-US; rv:1.9.2.21) Gecko/20110830 Ubuntu/10.04 (lucid) Firefox/3.6.21',1315471008),
 (0,1,'127.0.0.1','localhost',527,'Mozilla/5.0 (X11; U; Linux x86_64; en-US; rv:1.9.2.21) Gecko/20110830 Ubuntu/10.04 (lucid) Firefox/3.6.21',1315471008),
 (0,1,'127.0.0.1','localhost',528,'Mozilla/5.0 (X11; U; Linux x86_64; en-US; rv:1.9.2.21) Gecko/20110830 Ubuntu/10.04 (lucid) Firefox/3.6.21',1315471009),
 (0,1,'127.0.0.1','localhost',529,'Mozilla/5.0 (X11; U; Linux x86_64; en-US; rv:1.9.2.21) Gecko/20110830 Ubuntu/10.04 (lucid) Firefox/3.6.21',1315471010),
 (0,1,'127.0.0.1','localhost',530,'Mozilla/5.0 (X11; U; Linux x86_64; en-US; rv:1.9.2.21) Gecko/20110830 Ubuntu/10.04 (lucid) Firefox/3.6.21',1315471010),
 (0,1,'127.0.0.1','localhost',531,'Mozilla/5.0 (X11; U; Linux x86_64; en-US; rv:1.9.2.21) Gecko/20110830 Ubuntu/10.04 (lucid) Firefox/3.6.21',1315471010),
 (0,1,'127.0.0.1','localhost',532,'Mozilla/5.0 (X11; U; Linux x86_64; en-US; rv:1.9.2.21) Gecko/20110830 Ubuntu/10.04 (lucid) Firefox/3.6.21',1315471010),
 (0,1,'127.0.0.1','localhost',533,'Mozilla/5.0 (X11; U; Linux x86_64; en-US; rv:1.9.2.21) Gecko/20110830 Ubuntu/10.04 (lucid) Firefox/3.6.21',1315471010),
 (0,1,'127.0.0.1','localhost',534,'Mozilla/5.0 (X11; U; Linux x86_64; en-US; rv:1.9.2.21) Gecko/20110830 Ubuntu/10.04 (lucid) Firefox/3.6.21',1315471011),
 (0,1,'127.0.0.1','localhost',535,'Mozilla/5.0 (X11; U; Linux x86_64; en-US; rv:1.9.2.21) Gecko/20110830 Ubuntu/10.04 (lucid) Firefox/3.6.21',1315471012),
 (0,1,'127.0.0.1','localhost',536,'Mozilla/5.0 (X11; U; Linux x86_64; en-US; rv:1.9.2.21) Gecko/20110830 Ubuntu/10.04 (lucid) Firefox/3.6.21',1315471012),
 (0,1,'127.0.0.1','localhost',537,'Mozilla/5.0 (X11; U; Linux x86_64; en-US; rv:1.9.2.21) Gecko/20110830 Ubuntu/10.04 (lucid) Firefox/3.6.21',1315471012),
 (0,1,'127.0.0.1','localhost',538,'Mozilla/5.0 (X11; U; Linux x86_64; en-US; rv:1.9.2.21) Gecko/20110830 Ubuntu/10.04 (lucid) Firefox/3.6.21',1315471012),
 (0,1,'127.0.0.1','localhost',539,'Mozilla/5.0 (X11; U; Linux x86_64; en-US; rv:1.9.2.21) Gecko/20110830 Ubuntu/10.04 (lucid) Firefox/3.6.21',1315471012),
 (0,1,'127.0.0.1','localhost',540,'Mozilla/5.0 (X11; U; Linux x86_64; en-US; rv:1.9.2.21) Gecko/20110830 Ubuntu/10.04 (lucid) Firefox/3.6.21',1315471013),
 (0,1,'127.0.0.1','localhost',541,'Mozilla/5.0 (X11; U; Linux x86_64; en-US; rv:1.9.2.21) Gecko/20110830 Ubuntu/10.04 (lucid) Firefox/3.6.21',1315471013),
 (0,1,'127.0.0.1','localhost',542,'Mozilla/5.0 (X11; U; Linux x86_64; en-US; rv:1.9.2.21) Gecko/20110830 Ubuntu/10.04 (lucid) Firefox/3.6.21',1315471014),
 (0,1,'127.0.0.1','localhost',543,'Mozilla/5.0 (X11; U; Linux x86_64; en-US; rv:1.9.2.21) Gecko/20110830 Ubuntu/10.04 (lucid) Firefox/3.6.21',1315471014),
 (0,1,'127.0.0.1','localhost',544,'Mozilla/5.0 (X11; U; Linux x86_64; en-US; rv:1.9.2.21) Gecko/20110830 Ubuntu/10.04 (lucid) Firefox/3.6.21',1315471014),
 (0,1,'127.0.0.1','localhost',545,'Mozilla/5.0 (X11; U; Linux x86_64; en-US; rv:1.9.2.21) Gecko/20110830 Ubuntu/10.04 (lucid) Firefox/3.6.21',1315471015),
 (0,1,'127.0.0.1','localhost',546,'Mozilla/5.0 (X11; U; Linux x86_64; en-US; rv:1.9.2.21) Gecko/20110830 Ubuntu/10.04 (lucid) Firefox/3.6.21',1315471015),
 (0,1,'127.0.0.1','localhost',547,'Mozilla/5.0 (X11; U; Linux x86_64; en-US; rv:1.9.2.21) Gecko/20110830 Ubuntu/10.04 (lucid) Firefox/3.6.21',1315471015),
 (1,1,'127.0.0.1','localhost',548,'Mozilla/5.0 (X11; U; Linux x86_64; en-US; rv:1.9.2.21) Gecko/20110830 Ubuntu/10.04 (lucid) Firefox/3.6.21',1315471420),
 (1,1,'127.0.0.1','localhost',549,'Mozilla/5.0 (X11; U; Linux x86_64; en-US; rv:1.9.2.21) Gecko/20110830 Ubuntu/10.04 (lucid) Firefox/3.6.21',1315471421),
 (1,1,'127.0.0.1','localhost',550,'Mozilla/5.0 (X11; U; Linux x86_64; en-US; rv:1.9.2.21) Gecko/20110830 Ubuntu/10.04 (lucid) Firefox/3.6.21',1315471421),
 (1,1,'127.0.0.1','localhost',551,'Mozilla/5.0 (X11; U; Linux x86_64; en-US; rv:1.9.2.21) Gecko/20110830 Ubuntu/10.04 (lucid) Firefox/3.6.21',1315491775),
 (1,1,'127.0.0.1','localhost',552,'Mozilla/5.0 (X11; U; Linux x86_64; en-US; rv:1.9.2.21) Gecko/20110830 Ubuntu/10.04 (lucid) Firefox/3.6.21',1315491775),
 (1,1,'127.0.0.1','localhost',553,'Mozilla/5.0 (X11; U; Linux x86_64; en-US; rv:1.9.2.21) Gecko/20110830 Ubuntu/10.04 (lucid) Firefox/3.6.21',1315491775),
 (1,1,'127.0.0.1','localhost',554,'Mozilla/5.0 (X11; U; Linux x86_64; en-US; rv:1.9.2.21) Gecko/20110830 Ubuntu/10.04 (lucid) Firefox/3.6.21',1315491876),
 (1,1,'127.0.0.1','localhost',555,'Mozilla/5.0 (X11; U; Linux x86_64; en-US; rv:1.9.2.21) Gecko/20110830 Ubuntu/10.04 (lucid) Firefox/3.6.21',1315491876),
 (1,1,'127.0.0.1','localhost',556,'Mozilla/5.0 (X11; U; Linux x86_64; en-US; rv:1.9.2.21) Gecko/20110830 Ubuntu/10.04 (lucid) Firefox/3.6.21',1315491876),
 (0,1,'127.0.0.1','localhost',557,'Mozilla/5.0 (X11; U; Linux x86_64; en-US; rv:1.9.2.21) Gecko/20110830 Ubuntu/10.04 (lucid) Firefox/3.6.21',1315492453),
 (0,1,'127.0.0.1','localhost',558,'Mozilla/5.0 (X11; U; Linux x86_64; en-US; rv:1.9.2.21) Gecko/20110830 Ubuntu/10.04 (lucid) Firefox/3.6.21',1315492453),
 (0,1,'127.0.0.1','localhost',559,'Mozilla/5.0 (X11; U; Linux x86_64; en-US; rv:1.9.2.21) Gecko/20110830 Ubuntu/10.04 (lucid) Firefox/3.6.21',1315492453),
 (0,1,'127.0.0.1','localhost',560,'Mozilla/5.0 (X11; U; Linux x86_64; en-US; rv:1.9.2.21) Gecko/20110830 Ubuntu/10.04 (lucid) Firefox/3.6.21',1315492453),
 (0,1,'127.0.0.1','localhost',561,'Mozilla/5.0 (X11; U; Linux x86_64; en-US; rv:1.9.2.21) Gecko/20110830 Ubuntu/10.04 (lucid) Firefox/3.6.21',1315492454),
 (1,1,'127.0.0.1','localhost',562,'Mozilla/5.0 (X11; U; Linux x86_64; en-US; rv:1.9.2.21) Gecko/20110830 Ubuntu/10.04 (lucid) Firefox/3.6.21',1315492459),
 (1,1,'127.0.0.1','localhost',563,'Mozilla/5.0 (X11; U; Linux x86_64; en-US; rv:1.9.2.21) Gecko/20110830 Ubuntu/10.04 (lucid) Firefox/3.6.21',1315492459),
 (1,1,'127.0.0.1','localhost',564,'Mozilla/5.0 (X11; U; Linux x86_64; en-US; rv:1.9.2.21) Gecko/20110830 Ubuntu/10.04 (lucid) Firefox/3.6.21',1315492459),
 (1,1,'127.0.0.1','localhost',565,'Mozilla/5.0 (X11; U; Linux x86_64; en-US; rv:1.9.2.21) Gecko/20110830 Ubuntu/10.04 (lucid) Firefox/3.6.21',1315492464),
 (1,1,'127.0.0.1','localhost',566,'Mozilla/5.0 (X11; U; Linux x86_64; en-US; rv:1.9.2.21) Gecko/20110830 Ubuntu/10.04 (lucid) Firefox/3.6.21',1315492464),
 (1,1,'127.0.0.1','localhost',567,'Mozilla/5.0 (X11; U; Linux x86_64; en-US; rv:1.9.2.21) Gecko/20110830 Ubuntu/10.04 (lucid) Firefox/3.6.21',1315492464),
 (1,11,'127.0.0.1','localhost',568,'Mozilla/5.0 (X11; U; Linux x86_64; en-US; rv:1.9.2.21) Gecko/20110830 Ubuntu/10.04 (lucid) Firefox/3.6.21',1315577471),
 (1,11,'127.0.0.1','localhost',569,'Mozilla/5.0 (X11; U; Linux x86_64; en-US; rv:1.9.2.21) Gecko/20110830 Ubuntu/10.04 (lucid) Firefox/3.6.21',1315577471),
 (1,11,'127.0.0.1','localhost',570,'Mozilla/5.0 (X11; U; Linux x86_64; en-US; rv:1.9.2.21) Gecko/20110830 Ubuntu/10.04 (lucid) Firefox/3.6.21',1315578108),
 (1,11,'127.0.0.1','localhost',571,'Mozilla/5.0 (X11; U; Linux x86_64; en-US; rv:1.9.2.21) Gecko/20110830 Ubuntu/10.04 (lucid) Firefox/3.6.21',1315578114),
 (1,1,'127.0.0.1','localhost',572,'Mozilla/5.0 (X11; U; Linux x86_64; en-US; rv:1.9.2.21) Gecko/20110830 Ubuntu/10.04 (lucid) Firefox/3.6.21',1315578364),
 (1,1,'127.0.0.1','localhost',573,'Mozilla/5.0 (X11; U; Linux x86_64; en-US; rv:1.9.2.21) Gecko/20110830 Ubuntu/10.04 (lucid) Firefox/3.6.21',1315578364),
 (1,11,'127.0.0.1','localhost',574,'Mozilla/5.0 (X11; U; Linux x86_64; en-US; rv:1.9.2.21) Gecko/20110830 Ubuntu/10.04 (lucid) Firefox/3.6.21',1315578430),
 (1,1,'127.0.0.1','localhost',575,'Mozilla/5.0 (X11; U; Linux x86_64; en-US; rv:1.9.2.21) Gecko/20110830 Ubuntu/10.04 (lucid) Firefox/3.6.21',1315578430),
 (1,11,'127.0.0.1','localhost',576,'Mozilla/5.0 (X11; U; Linux x86_64; en-US; rv:1.9.2.21) Gecko/20110830 Ubuntu/10.04 (lucid) Firefox/3.6.21',1315578443),
 (1,11,'127.0.0.1','localhost',577,'Mozilla/5.0 (X11; U; Linux x86_64; en-US; rv:1.9.2.21) Gecko/20110830 Ubuntu/10.04 (lucid) Firefox/3.6.21',1315578443),
 (1,1,'127.0.0.1','localhost',578,'Mozilla/5.0 (X11; U; Linux x86_64; en-US; rv:1.9.2.21) Gecko/20110830 Ubuntu/10.04 (lucid) Firefox/3.6.21',1315578668),
 (1,11,'127.0.0.1','localhost',579,'Mozilla/5.0 (X11; U; Linux x86_64; en-US; rv:1.9.2.21) Gecko/20110830 Ubuntu/10.04 (lucid) Firefox/3.6.21',1315578671),
 (1,1,'127.0.0.1','localhost',580,'Mozilla/5.0 (X11; U; Linux x86_64; en-US; rv:1.9.2.21) Gecko/20110830 Ubuntu/10.04 (lucid) Firefox/3.6.21',1315578676),
 (1,1,'127.0.0.1','localhost',581,'Mozilla/5.0 (X11; U; Linux x86_64; en-US; rv:1.9.2.21) Gecko/20110830 Ubuntu/10.04 (lucid) Firefox/3.6.21',1315578677),
 (1,11,'127.0.0.1','localhost',582,'Mozilla/5.0 (X11; U; Linux x86_64; en-US; rv:1.9.2.21) Gecko/20110830 Ubuntu/10.04 (lucid) Firefox/3.6.21',1315578681),
 (1,1,'127.0.0.1','localhost',583,'Mozilla/5.0 (X11; U; Linux x86_64; en-US; rv:1.9.2.21) Gecko/20110830 Ubuntu/10.04 (lucid) Firefox/3.6.21',1315578683),
 (1,11,'127.0.0.1','localhost',584,'Mozilla/5.0 (X11; U; Linux x86_64; en-US; rv:1.9.2.21) Gecko/20110830 Ubuntu/10.04 (lucid) Firefox/3.6.21',1315578686),
 (1,11,'127.0.0.1','localhost',585,'Mozilla/5.0 (X11; U; Linux x86_64; en-US; rv:1.9.2.21) Gecko/20110830 Ubuntu/10.04 (lucid) Firefox/3.6.21',1315578687),
 (0,1,'127.0.0.1','localhost',586,'Mozilla/5.0 (X11; U; Linux x86_64; en-US; rv:1.9.2.21) Gecko/20110830 Ubuntu/10.04 (lucid) Firefox/3.6.21',1315808501),
 (0,11,'127.0.0.1','localhost',587,'Mozilla/5.0 (X11; U; Linux x86_64; en-US; rv:1.9.2.21) Gecko/20110830 Ubuntu/10.04 (lucid) Firefox/3.6.21',1315827934),
 (0,1,'127.0.0.1','localhost',588,'Mozilla/5.0 (X11; U; Linux x86_64; en-US; rv:1.9.2.21) Gecko/20110830 Ubuntu/10.04 (lucid) Firefox/3.6.21',1315917262),
 (1,1,'127.0.0.1','localhost',589,'Mozilla/5.0 (X11; U; Linux x86_64; en-US; rv:1.9.2.21) Gecko/20110830 Ubuntu/10.04 (lucid) Firefox/3.6.21',1315917270),
 (0,11,'127.0.0.1','localhost',590,'Mozilla/5.0 (X11; U; Linux x86_64; en-US; rv:1.9.2.21) Gecko/20110830 Ubuntu/10.04 (lucid) Firefox/3.6.21',1315988664),
 (0,1,'127.0.0.1','localhost',591,'Mozilla/5.0 (X11; U; Linux x86_64; en-US; rv:1.9.2.21) Gecko/20110830 Ubuntu/10.04 (lucid) Firefox/3.6.21',1315995994),
 (1,11,'127.0.0.1','localhost',592,'Mozilla/5.0 (X11; U; Linux x86_64; en-US; rv:1.9.2.21) Gecko/20110830 Ubuntu/10.04 (lucid) Firefox/3.6.21',1316001004),
 (0,11,'127.0.0.1','localhost',593,'Mozilla/5.0 (Windows; U; Windows NT 5.1; en-US; rv:1.9.2.8) Gecko/20100722 Firefox/3.6.8',1316063616),
 (0,1,'127.0.0.1','localhost',594,'Mozilla/5.0 (Windows; U; Windows NT 5.1; en-US; rv:1.9.2.8) Gecko/20100722 Firefox/3.6.8',1316063771),
 (0,1,'127.0.0.1','localhost',595,'Mozilla/5.0 (X11; U; Linux x86_64; en-US; rv:1.9.2.21) Gecko/20110830 Ubuntu/10.04 (lucid) Firefox/3.6.21',1316166593),
 (0,11,'127.0.0.1','localhost',596,'Mozilla/5.0 (X11; U; Linux x86_64; en-US; rv:1.9.2.21) Gecko/20110830 Ubuntu/10.04 (lucid) Firefox/3.6.21',1316413303),
 (0,11,'127.0.0.1','localhost',597,'Mozilla/5.0 (X11; U; Linux x86_64; en-US; rv:1.9.2.21) Gecko/20110830 Ubuntu/10.04 (lucid) Firefox/3.6.21',1316413306),
 (0,1,'127.0.0.1','localhost',598,'Mozilla/5.0 (X11; U; Linux x86_64; en-US; rv:1.9.2.21) Gecko/20110830 Ubuntu/10.04 (lucid) Firefox/3.6.21',1316441225),
 (1,11,'127.0.0.1','localhost',599,'Mozilla/5.0 (X11; U; Linux x86_64; en-US; rv:1.9.2.21) Gecko/20110830 Ubuntu/10.04 (lucid) Firefox/3.6.21',1316441242),
 (1,1,'127.0.0.1','localhost',600,'Mozilla/5.0 (X11; U; Linux x86_64; en-US; rv:1.9.2.21) Gecko/20110830 Ubuntu/10.04 (lucid) Firefox/3.6.21',1316441300),
 (1,1,'127.0.0.1','localhost',601,'Mozilla/5.0 (X11; U; Linux x86_64; en-US; rv:1.9.2.21) Gecko/20110830 Ubuntu/10.04 (lucid) Firefox/3.6.21',1316441300),
 (1,11,'127.0.0.1','localhost',602,'Mozilla/5.0 (X11; U; Linux x86_64; en-US; rv:1.9.2.21) Gecko/20110830 Ubuntu/10.04 (lucid) Firefox/3.6.21',1316441305),
 (1,1,'127.0.0.1','localhost',603,'Mozilla/5.0 (X11; U; Linux x86_64; en-US; rv:1.9.2.21) Gecko/20110830 Ubuntu/10.04 (lucid) Firefox/3.6.21',1316442458),
 (1,11,'127.0.0.1','localhost',604,'Mozilla/5.0 (X11; U; Linux x86_64; en-US; rv:1.9.2.21) Gecko/20110830 Ubuntu/10.04 (lucid) Firefox/3.6.21',1316442889),
 (1,11,'127.0.0.1','localhost',605,'Mozilla/5.0 (X11; U; Linux x86_64; en-US; rv:1.9.2.21) Gecko/20110830 Ubuntu/10.04 (lucid) Firefox/3.6.21',1316442903),
 (1,1,'127.0.0.1','localhost',606,'Mozilla/5.0 (X11; U; Linux x86_64; en-US; rv:1.9.2.21) Gecko/20110830 Ubuntu/10.04 (lucid) Firefox/3.6.21',1316443020),
 (1,11,'127.0.0.1','localhost',607,'Mozilla/5.0 (X11; U; Linux x86_64; en-US; rv:1.9.2.21) Gecko/20110830 Ubuntu/10.04 (lucid) Firefox/3.6.21',1316443040),
 (1,1,'127.0.0.1','localhost',608,'Mozilla/5.0 (X11; U; Linux x86_64; en-US; rv:1.9.2.21) Gecko/20110830 Ubuntu/10.04 (lucid) Firefox/3.6.21',1316444286),
 (1,1,'127.0.0.1','localhost',609,'Mozilla/5.0 (X11; U; Linux x86_64; en-US; rv:1.9.2.21) Gecko/20110830 Ubuntu/10.04 (lucid) Firefox/3.6.21',1316444321),
 (1,11,'127.0.0.1','localhost',610,'Mozilla/5.0 (X11; U; Linux x86_64; en-US; rv:1.9.2.21) Gecko/20110830 Ubuntu/10.04 (lucid) Firefox/3.6.21',1316444623),
 (0,1,'127.0.0.1','localhost',611,'Mozilla/5.0 (X11; U; Linux x86_64; en-US; rv:1.9.2.21) Gecko/20110830 Ubuntu/10.04 (lucid) Firefox/3.6.21',1316495964),
 (1,11,'127.0.0.1','localhost',612,'Mozilla/5.0 (X11; U; Linux x86_64; en-US; rv:1.9.2.21) Gecko/20110830 Ubuntu/10.04 (lucid) Firefox/3.6.21',1316495975),
 (1,11,'127.0.0.1','localhost',613,'Mozilla/5.0 (X11; U; Linux x86_64; en-US; rv:1.9.2.21) Gecko/20110830 Ubuntu/10.04 (lucid) Firefox/3.6.21',1316495975),
 (1,1,'127.0.0.1','localhost',614,'Mozilla/5.0 (X11; U; Linux x86_64; en-US; rv:1.9.2.21) Gecko/20110830 Ubuntu/10.04 (lucid) Firefox/3.6.21',1316496442),
 (1,11,'127.0.0.1','localhost',615,'Mozilla/5.0 (X11; U; Linux x86_64; en-US; rv:1.9.2.21) Gecko/20110830 Ubuntu/10.04 (lucid) Firefox/3.6.21',1316496482),
 (1,1,'127.0.0.1','localhost',616,'Mozilla/5.0 (X11; U; Linux x86_64; en-US; rv:1.9.2.21) Gecko/20110830 Ubuntu/10.04 (lucid) Firefox/3.6.21',1316496503),
 (1,1,'127.0.0.1','localhost',617,'Mozilla/5.0 (X11; U; Linux x86_64; en-US; rv:1.9.2.21) Gecko/20110830 Ubuntu/10.04 (lucid) Firefox/3.6.21',1316496513),
 (1,11,'127.0.0.1','localhost',618,'Mozilla/5.0 (X11; U; Linux x86_64; en-US; rv:1.9.2.21) Gecko/20110830 Ubuntu/10.04 (lucid) Firefox/3.6.21',1316515682),
 (1,1,'127.0.0.1','localhost',619,'Mozilla/5.0 (X11; U; Linux x86_64; en-US; rv:1.9.2.21) Gecko/20110830 Ubuntu/10.04 (lucid) Firefox/3.6.21',1316515682),
 (1,11,'127.0.0.1','localhost',620,'Mozilla/5.0 (X11; U; Linux x86_64; en-US; rv:1.9.2.21) Gecko/20110830 Ubuntu/10.04 (lucid) Firefox/3.6.21',1316515703),
 (1,11,'127.0.0.1','localhost',621,'Mozilla/5.0 (X11; U; Linux x86_64; en-US; rv:1.9.2.21) Gecko/20110830 Ubuntu/10.04 (lucid) Firefox/3.6.21',1316515703),
 (1,1,'127.0.0.1','localhost',622,'Mozilla/5.0 (X11; U; Linux x86_64; en-US; rv:1.9.2.21) Gecko/20110830 Ubuntu/10.04 (lucid) Firefox/3.6.21',1316515705),
 (1,11,'127.0.0.1','localhost',623,'Mozilla/5.0 (X11; U; Linux x86_64; en-US; rv:1.9.2.21) Gecko/20110830 Ubuntu/10.04 (lucid) Firefox/3.6.21',1316515708),
 (1,1,'127.0.0.1','localhost',624,'Mozilla/5.0 (X11; U; Linux x86_64; en-US; rv:1.9.2.21) Gecko/20110830 Ubuntu/10.04 (lucid) Firefox/3.6.21',1316515709),
 (1,1,'127.0.0.1','localhost',625,'Mozilla/5.0 (X11; U; Linux x86_64; en-US; rv:1.9.2.21) Gecko/20110830 Ubuntu/10.04 (lucid) Firefox/3.6.21',1316515710),
 (1,11,'127.0.0.1','localhost',626,'Mozilla/5.0 (X11; U; Linux x86_64; en-US; rv:1.9.2.21) Gecko/20110830 Ubuntu/10.04 (lucid) Firefox/3.6.21',1316516375),
 (1,1,'127.0.0.1','localhost',627,'Mozilla/5.0 (X11; U; Linux x86_64; en-US; rv:1.9.2.21) Gecko/20110830 Ubuntu/10.04 (lucid) Firefox/3.6.21',1316516375),
 (1,11,'127.0.0.1','localhost',628,'Mozilla/5.0 (X11; U; Linux x86_64; en-US; rv:1.9.2.21) Gecko/20110830 Ubuntu/10.04 (lucid) Firefox/3.6.21',1316516382),
 (1,11,'127.0.0.1','localhost',629,'Mozilla/5.0 (X11; U; Linux x86_64; en-US; rv:1.9.2.21) Gecko/20110830 Ubuntu/10.04 (lucid) Firefox/3.6.21',1316516394),
 (1,1,'127.0.0.1','localhost',630,'Mozilla/5.0 (X11; U; Linux x86_64; en-US; rv:1.9.2.21) Gecko/20110830 Ubuntu/10.04 (lucid) Firefox/3.6.21',1316521405),
 (1,11,'127.0.0.1','localhost',631,'Mozilla/5.0 (X11; U; Linux x86_64; en-US; rv:1.9.2.21) Gecko/20110830 Ubuntu/10.04 (lucid) Firefox/3.6.21',1316521405),
 (1,1,'127.0.0.1','localhost',632,'Mozilla/5.0 (X11; U; Linux x86_64; en-US; rv:1.9.2.21) Gecko/20110830 Ubuntu/10.04 (lucid) Firefox/3.6.21',1316522281),
 (1,1,'127.0.0.1','localhost',633,'Mozilla/5.0 (X11; U; Linux x86_64; en-US; rv:1.9.2.21) Gecko/20110830 Ubuntu/10.04 (lucid) Firefox/3.6.21',1316522604),
 (1,11,'127.0.0.1','localhost',634,'Mozilla/5.0 (X11; U; Linux x86_64; en-US; rv:1.9.2.21) Gecko/20110830 Ubuntu/10.04 (lucid) Firefox/3.6.21',1316522828),
 (1,1,'127.0.0.1','localhost',635,'Mozilla/5.0 (X11; U; Linux x86_64; en-US; rv:1.9.2.21) Gecko/20110830 Ubuntu/10.04 (lucid) Firefox/3.6.21',1316522850),
 (1,11,'127.0.0.1','localhost',636,'Mozilla/5.0 (X11; U; Linux x86_64; en-US; rv:1.9.2.21) Gecko/20110830 Ubuntu/10.04 (lucid) Firefox/3.6.21',1316523098),
 (1,11,'127.0.0.1','localhost',637,'Mozilla/5.0 (X11; U; Linux x86_64; en-US; rv:1.9.2.21) Gecko/20110830 Ubuntu/10.04 (lucid) Firefox/3.6.21',1316523342),
 (1,1,'127.0.0.1','localhost',638,'Mozilla/5.0 (X11; U; Linux x86_64; en-US; rv:1.9.2.21) Gecko/20110830 Ubuntu/10.04 (lucid) Firefox/3.6.21',1316523509),
 (1,11,'127.0.0.1','localhost',639,'Mozilla/5.0 (X11; U; Linux x86_64; en-US; rv:1.9.2.21) Gecko/20110830 Ubuntu/10.04 (lucid) Firefox/3.6.21',1316523620),
 (1,1,'127.0.0.1','localhost',640,'Mozilla/5.0 (X11; U; Linux x86_64; en-US; rv:1.9.2.21) Gecko/20110830 Ubuntu/10.04 (lucid) Firefox/3.6.21',1316524153),
 (1,1,'127.0.0.1','localhost',641,'Mozilla/5.0 (X11; U; Linux x86_64; en-US; rv:1.9.2.21) Gecko/20110830 Ubuntu/10.04 (lucid) Firefox/3.6.21',1316524217),
 (1,11,'127.0.0.1','localhost',642,'Mozilla/5.0 (X11; U; Linux x86_64; en-US; rv:1.9.2.21) Gecko/20110830 Ubuntu/10.04 (lucid) Firefox/3.6.21',1316524221),
 (1,1,'127.0.0.1','localhost',643,'Mozilla/5.0 (X11; U; Linux x86_64; en-US; rv:1.9.2.21) Gecko/20110830 Ubuntu/10.04 (lucid) Firefox/3.6.21',1316524222),
 (1,11,'127.0.0.1','localhost',644,'Mozilla/5.0 (X11; U; Linux x86_64; en-US; rv:1.9.2.21) Gecko/20110830 Ubuntu/10.04 (lucid) Firefox/3.6.21',1316525615),
 (1,11,'127.0.0.1','localhost',645,'Mozilla/5.0 (X11; U; Linux x86_64; en-US; rv:1.9.2.21) Gecko/20110830 Ubuntu/10.04 (lucid) Firefox/3.6.21',1316526027),
 (1,1,'127.0.0.1','localhost',646,'Mozilla/5.0 (X11; U; Linux x86_64; en-US; rv:1.9.2.21) Gecko/20110830 Ubuntu/10.04 (lucid) Firefox/3.6.21',1316526046),
 (1,11,'127.0.0.1','localhost',647,'Mozilla/5.0 (X11; U; Linux x86_64; en-US; rv:1.9.2.21) Gecko/20110830 Ubuntu/10.04 (lucid) Firefox/3.6.21',1316526111),
 (1,1,'127.0.0.1','localhost',648,'Mozilla/5.0 (X11; U; Linux x86_64; en-US; rv:1.9.2.21) Gecko/20110830 Ubuntu/10.04 (lucid) Firefox/3.6.21',1316526191),
 (1,1,'127.0.0.1','localhost',649,'Mozilla/5.0 (X11; U; Linux x86_64; en-US; rv:1.9.2.21) Gecko/20110830 Ubuntu/10.04 (lucid) Firefox/3.6.21',1316526221),
 (1,11,'127.0.0.1','localhost',650,'Mozilla/5.0 (X11; U; Linux x86_64; en-US; rv:1.9.2.21) Gecko/20110830 Ubuntu/10.04 (lucid) Firefox/3.6.21',1316526249),
 (1,1,'127.0.0.1','localhost',651,'Mozilla/5.0 (X11; U; Linux x86_64; en-US; rv:1.9.2.21) Gecko/20110830 Ubuntu/10.04 (lucid) Firefox/3.6.21',1316526268),
 (1,11,'127.0.0.1','localhost',652,'Mozilla/5.0 (X11; U; Linux x86_64; en-US; rv:1.9.2.21) Gecko/20110830 Ubuntu/10.04 (lucid) Firefox/3.6.21',1316526420),
 (1,11,'127.0.0.1','localhost',653,'Mozilla/5.0 (X11; U; Linux x86_64; en-US; rv:1.9.2.21) Gecko/20110830 Ubuntu/10.04 (lucid) Firefox/3.6.21',1316526425),
 (1,1,'127.0.0.1','localhost',654,'Mozilla/5.0 (X11; U; Linux x86_64; en-US; rv:1.9.2.21) Gecko/20110830 Ubuntu/10.04 (lucid) Firefox/3.6.21',1316526540),
 (1,11,'127.0.0.1','localhost',655,'Mozilla/5.0 (X11; U; Linux x86_64; en-US; rv:1.9.2.21) Gecko/20110830 Ubuntu/10.04 (lucid) Firefox/3.6.21',1316526543),
 (1,1,'127.0.0.1','localhost',656,'Mozilla/5.0 (X11; U; Linux x86_64; en-US; rv:1.9.2.21) Gecko/20110830 Ubuntu/10.04 (lucid) Firefox/3.6.21',1316526571),
 (1,1,'127.0.0.1','localhost',657,'Mozilla/5.0 (X11; U; Linux x86_64; en-US; rv:1.9.2.21) Gecko/20110830 Ubuntu/10.04 (lucid) Firefox/3.6.21',1316526573),
 (1,11,'127.0.0.1','localhost',658,'Mozilla/5.0 (X11; U; Linux x86_64; en-US; rv:1.9.2.21) Gecko/20110830 Ubuntu/10.04 (lucid) Firefox/3.6.21',1316526577),
 (1,1,'127.0.0.1','localhost',659,'Mozilla/5.0 (X11; U; Linux x86_64; en-US; rv:1.9.2.21) Gecko/20110830 Ubuntu/10.04 (lucid) Firefox/3.6.21',1316526583),
 (1,11,'127.0.0.1','localhost',660,'Mozilla/5.0 (X11; U; Linux x86_64; en-US; rv:1.9.2.21) Gecko/20110830 Ubuntu/10.04 (lucid) Firefox/3.6.21',1316526586),
 (1,11,'127.0.0.1','localhost',661,'Mozilla/5.0 (X11; U; Linux x86_64; en-US; rv:1.9.2.21) Gecko/20110830 Ubuntu/10.04 (lucid) Firefox/3.6.21',1316526587),
 (0,1,'127.0.0.1','localhost',662,'Mozilla/5.0 (X11; U; Linux x86_64; en-US; rv:1.9.2.21) Gecko/20110830 Ubuntu/10.04 (lucid) Firefox/3.6.21',1316604204),
 (0,11,'127.0.0.1','localhost',663,'Mozilla/5.0 (X11; U; Linux x86_64; en-US; rv:1.9.2.21) Gecko/20110830 Ubuntu/10.04 (lucid) Firefox/3.6.21',1316676208),
 (0,1,'127.0.0.1','localhost',664,'Mozilla/5.0 (X11; U; Linux x86_64; en-US; rv:1.9.2.21) Gecko/20110830 Ubuntu/10.04 (lucid) Firefox/3.6.21',1316676248),
 (0,1,'127.0.0.1','localhost',665,'Mozilla/5.0 (X11; U; Linux x86_64; en-US; rv:1.9.2.21) Gecko/20110830 Ubuntu/10.04 (lucid) Firefox/3.6.21',1316676250),
 (0,11,'127.0.0.1','localhost',666,'Mozilla/5.0 (X11; U; Linux x86_64; en-US; rv:1.9.2.21) Gecko/20110830 Ubuntu/10.04 (lucid) Firefox/3.6.21',1316699246),
 (0,1,'127.0.0.1','localhost',667,'Mozilla/5.0 (X11; U; Linux x86_64; en-US; rv:1.9.2.21) Gecko/20110830 Ubuntu/10.04 (lucid) Firefox/3.6.21',1316699287),
 (0,11,'127.0.0.1','localhost',668,'Mozilla/5.0 (X11; U; Linux x86_64; en-US; rv:1.9.2.21) Gecko/20110830 Ubuntu/10.04 (lucid) Firefox/3.6.21',1316753392),
 (0,11,'127.0.0.1','localhost',669,'Mozilla/5.0 (X11; U; Linux x86_64; en-US; rv:1.9.2.21) Gecko/20110830 Ubuntu/10.04 (lucid) Firefox/3.6.21',1316753398),
 (0,1,'127.0.0.1','localhost',670,'Mozilla/5.0 (X11; U; Linux x86_64; en-US; rv:1.9.2.21) Gecko/20110830 Ubuntu/10.04 (lucid) Firefox/3.6.21',1316760522),
 (0,11,'127.0.0.1','localhost',671,'Mozilla/5.0 (X11; U; Linux x86_64; en-US; rv:1.9.2.21) Gecko/20110830 Ubuntu/10.04 (lucid) Firefox/3.6.21',1316760524),
 (0,1,'127.0.0.1','localhost',672,'Mozilla/5.0 (X11; U; Linux x86_64; en-US; rv:1.9.2.21) Gecko/20110830 Ubuntu/10.04 (lucid) Firefox/3.6.21',1316760743),
 (0,1,'127.0.0.1','localhost',673,'Mozilla/5.0 (X11; U; Linux x86_64; en-US; rv:1.9.2.21) Gecko/20110830 Ubuntu/10.04 (lucid) Firefox/3.6.21',1316760772),
 (0,11,'127.0.0.1','localhost',674,'Mozilla/5.0 (X11; U; Linux x86_64; en-US; rv:1.9.2.21) Gecko/20110830 Ubuntu/10.04 (lucid) Firefox/3.6.21',1316760869),
 (0,1,'127.0.0.1','localhost',675,'Mozilla/5.0 (X11; U; Linux x86_64; en-US; rv:1.9.2.21) Gecko/20110830 Ubuntu/10.04 (lucid) Firefox/3.6.21',1316760895),
 (0,11,'127.0.0.1','localhost',676,'Mozilla/5.0 (X11; U; Linux x86_64; en-US; rv:1.9.2.21) Gecko/20110830 Ubuntu/10.04 (lucid) Firefox/3.6.21',1316762704),
 (0,11,'127.0.0.1','localhost',677,'Mozilla/5.0 (X11; U; Linux x86_64; en-US; rv:1.9.2.21) Gecko/20110830 Ubuntu/10.04 (lucid) Firefox/3.6.21',1316762802),
 (0,1,'127.0.0.1','localhost',678,'Mozilla/5.0 (X11; U; Linux x86_64; en-US; rv:1.9.2.21) Gecko/20110830 Ubuntu/10.04 (lucid) Firefox/3.6.21',1316766134),
 (0,11,'127.0.0.1','localhost',679,'Mozilla/5.0 (X11; U; Linux x86_64; en-US; rv:1.9.2.21) Gecko/20110830 Ubuntu/10.04 (lucid) Firefox/3.6.21',1317039959),
 (1,1,'127.0.0.1','localhost',680,'Mozilla/5.0 (X11; U; Linux x86_64; en-US; rv:1.9.2.21) Gecko/20110830 Ubuntu/10.04 (lucid) Firefox/3.6.21',1317039995),
 (0,1,'127.0.0.1','localhost',681,'Mozilla/5.0 (X11; U; Linux x86_64; en-US; rv:1.9.2.21) Gecko/20110830 Ubuntu/10.04 (lucid) Firefox/3.6.21',1317043478),
 (0,11,'127.0.0.1','localhost',682,'Mozilla/5.0 (X11; U; Linux x86_64; en-US; rv:1.9.2.21) Gecko/20110830 Ubuntu/10.04 (lucid) Firefox/3.6.21',1317043551),
 (0,1,'127.0.0.1','localhost',683,'Mozilla/5.0 (X11; U; Linux x86_64; en-US; rv:1.9.2.21) Gecko/20110830 Ubuntu/10.04 (lucid) Firefox/3.6.21',1317043567),
 (0,11,'127.0.0.1','localhost',684,'Mozilla/5.0 (X11; U; Linux x86_64; en-US; rv:1.9.2.21) Gecko/20110830 Ubuntu/10.04 (lucid) Firefox/3.6.21',1317047052),
 (0,11,'127.0.0.1','localhost',685,'Mozilla/5.0 (X11; U; Linux x86_64; en-US; rv:1.9.2.21) Gecko/20110830 Ubuntu/10.04 (lucid) Firefox/3.6.21',1317047859),
 (0,1,'127.0.0.1','localhost',686,'Mozilla/5.0 (X11; U; Linux x86_64; en-US; rv:1.9.2.21) Gecko/20110830 Ubuntu/10.04 (lucid) Firefox/3.6.21',1317048449),
 (0,11,'127.0.0.1','localhost',687,'Mozilla/5.0 (X11; U; Linux x86_64; en-US; rv:1.9.2.21) Gecko/20110830 Ubuntu/10.04 (lucid) Firefox/3.6.21',1317129927),
 (0,1,'127.0.0.1','localhost',688,'Mozilla/5.0 (X11; U; Linux x86_64; en-US; rv:1.9.2.21) Gecko/20110830 Ubuntu/10.04 (lucid) Firefox/3.6.21',1317275678),
 (0,1,'127.0.0.1','localhost',689,'Mozilla/5.0 (X11; U; Linux x86_64; en-US; rv:1.9.2.21) Gecko/20110830 Ubuntu/10.04 (lucid) Firefox/3.6.21',1317275678),
 (0,11,'127.0.0.1','localhost',690,'Mozilla/5.0 (X11; U; Linux x86_64; en-US; rv:1.9.2.21) Gecko/20110830 Ubuntu/10.04 (lucid) Firefox/3.6.21',1317275679),
 (0,1,'127.0.0.1','localhost',691,'Mozilla/5.0 (X11; U; Linux x86_64; en-US; rv:1.9.2.21) Gecko/20110830 Ubuntu/10.04 (lucid) Firefox/3.6.21',1317275748),
 (0,11,'127.0.0.1','localhost',692,'Mozilla/5.0 (X11; U; Linux x86_64; en-US; rv:1.9.2.21) Gecko/20110830 Ubuntu/10.04 (lucid) Firefox/3.6.21',1317275748),
 (0,11,'127.0.0.1','localhost',693,'Mozilla/5.0 (X11; U; Linux x86_64; en-US; rv:1.9.2.21) Gecko/20110830 Ubuntu/10.04 (lucid) Firefox/3.6.21',1317275748),
 (0,1,'127.0.0.1','localhost',694,'Mozilla/5.0 (X11; U; Linux x86_64; en-US; rv:1.9.2.21) Gecko/20110830 Ubuntu/10.04 (lucid) Firefox/3.6.21',1317275749),
 (0,11,'127.0.0.1','localhost',695,'Mozilla/5.0 (X11; U; Linux x86_64; en-US; rv:1.9.2.21) Gecko/20110830 Ubuntu/10.04 (lucid) Firefox/3.6.21',1317297125),
 (0,1,'127.0.0.1','localhost',696,'Transmission/1.93',1317371932),
 (0,1,'127.0.0.1','localhost',697,'Transmission/1.93',1317371932),
 (0,1,'127.0.0.1','localhost',698,'Transmission/1.93',1317371932),
 (0,11,'127.0.0.1','localhost',699,'Transmission/1.93',1317371936),
 (0,11,'127.0.0.1','localhost',700,'Transmission/1.93',1317371936),
 (0,1,'127.0.0.1','localhost',701,'Transmission/1.93',1317372052),
 (0,11,'127.0.0.1','localhost',702,'Transmission/1.93',1317372187),
 (0,1,'127.0.0.1','localhost',703,'Transmission/1.93',1317392947),
 (0,1,'127.0.0.1','localhost',704,'Transmission/1.93',1317392974),
 (0,11,'127.0.0.1','localhost',705,'Transmission/1.93',1317466113),
 (0,1,'127.0.0.1','localhost',706,'Transmission/1.93',1317466195),
 (0,11,'127.0.0.1','localhost',707,'Transmission/1.93',1317466239),
 (0,11,'127.0.0.1','localhost',708,'Transmission/1.93',1317466333),
 (0,1,'127.0.0.1','localhost',709,'Transmission/1.93',1317572860),
 (0,11,'127.0.0.1','localhost',710,'Transmission/1.93',1317572924),
 (0,1,'127.0.0.1','localhost',711,'Mozilla/5.0 (X11; U; Linux x86_64; en-US; rv:1.9.2.21) Gecko/20110830 Ubuntu/10.04 (lucid) Firefox/3.6.21',1317626527),
 (0,1,'127.0.0.1','localhost',712,'Mozilla/5.0 (X11; U; Linux x86_64; en-US; rv:1.9.2.21) Gecko/20110830 Ubuntu/10.04 (lucid) Firefox/3.6.21',1317626530),
 (0,11,'127.0.0.1','localhost',713,'Mozilla/5.0 (X11; U; Linux x86_64; en-US; rv:1.9.2.21) Gecko/20110830 Ubuntu/10.04 (lucid) Firefox/3.6.21',1317629931),
 (0,1,'127.0.0.1','localhost',714,'Mozilla/5.0 (X11; U; Linux x86_64; en-US; rv:1.9.2.21) Gecko/20110830 Ubuntu/10.04 (lucid) Firefox/3.6.21',1317630071),
 (0,11,'127.0.0.1','localhost',715,'Mozilla/5.0 (X11; U; Linux x86_64; en-US; rv:1.9.2.21) Gecko/20110830 Ubuntu/10.04 (lucid) Firefox/3.6.21',1317636353),
 (0,11,'127.0.0.1','localhost',716,'Mozilla/5.0 (X11; U; Linux x86_64; en-US; rv:1.9.2.21) Gecko/20110830 Ubuntu/10.04 (lucid) Firefox/3.6.21',1317637068),
 (0,1,'127.0.0.1','localhost',717,'Mozilla/5.0 (X11; U; Linux x86_64; en-US; rv:1.9.2.21) Gecko/20110830 Ubuntu/10.04 (lucid) Firefox/3.6.21',1317638353),
 (0,11,'127.0.0.1','localhost',718,'Mozilla/5.0 (X11; U; Linux x86_64; en-US; rv:1.9.2.21) Gecko/20110830 Ubuntu/10.04 (lucid) Firefox/3.6.21',1317641980),
 (1,1,'127.0.0.1','localhost',719,'Mozilla/5.0 (X11; U; Linux x86_64; en-US; rv:1.9.2.21) Gecko/20110830 Ubuntu/10.04 (lucid) Firefox/3.6.21',1317642075),
 (1,1,'127.0.0.1','localhost',720,'Mozilla/5.0 (X11; U; Linux x86_64; en-US; rv:1.9.2.21) Gecko/20110830 Ubuntu/10.04 (lucid) Firefox/3.6.21',1317642079),
 (1,11,'127.0.0.1','localhost',721,'Mozilla/5.0 (X11; U; Linux x86_64; en-US; rv:1.9.2.21) Gecko/20110830 Ubuntu/10.04 (lucid) Firefox/3.6.21',1317642082),
 (1,1,'127.0.0.1','localhost',722,'Mozilla/5.0 (X11; U; Linux x86_64; en-US; rv:1.9.2.21) Gecko/20110830 Ubuntu/10.04 (lucid) Firefox/3.6.21',1317642083),
 (0,11,'127.0.0.1','localhost',723,'Transmission/1.93',1317659044),
 (0,11,'127.0.0.1','localhost',724,'Transmission/1.93',1317659044),
 (0,1,'127.0.0.1','localhost',725,'Transmission/1.93',1317659067),
 (0,11,'127.0.0.1','localhost',726,'Transmission/1.93',1317659102),
 (0,1,'127.0.0.1','localhost',727,'Transmission/1.93',1317659325),
 (0,1,'127.0.0.1','localhost',728,'Transmission/1.93',1317660773),
 (0,11,'127.0.0.1','localhost',729,'Mozilla/5.0 (X11; U; Linux x86_64; en-US; rv:1.9.2.21) Gecko/20110830 Ubuntu/10.04 (lucid) Firefox/3.6.21',1317711133),
 (0,1,'127.0.0.1','localhost',730,'Mozilla/5.0 (X11; U; Linux x86_64; en-US; rv:1.9.2.21) Gecko/20110830 Ubuntu/10.04 (lucid) Firefox/3.6.21',1317714782),
 (0,11,'127.0.0.1','localhost',731,'Mozilla/5.0 (X11; U; Linux x86_64; en-US; rv:1.9.2.21) Gecko/20110830 Ubuntu/10.04 (lucid) Firefox/3.6.21',1317714998),
 (0,11,'127.0.0.1','localhost',732,'Mozilla/5.0 (X11; U; Linux x86_64; en-US; rv:1.9.2.21) Gecko/20110830 Ubuntu/10.04 (lucid) Firefox/3.6.21',1317715109),
 (0,1,'127.0.0.1','localhost',733,'Mozilla/5.0 (X11; U; Linux x86_64; en-US; rv:1.9.2.21) Gecko/20110830 Ubuntu/10.04 (lucid) Firefox/3.6.21',1317715587),
 (0,11,'127.0.0.1','localhost',734,'Mozilla/5.0 (X11; U; Linux x86_64; en-US; rv:1.9.2.21) Gecko/20110830 Ubuntu/10.04 (lucid) Firefox/3.6.21',1317715618),
 (0,1,'127.0.0.1','localhost',735,'Mozilla/5.0 (X11; U; Linux x86_64; en-US; rv:1.9.2.21) Gecko/20110830 Ubuntu/10.04 (lucid) Firefox/3.6.21',1317723199),
 (0,1,'127.0.0.1','localhost',736,'Mozilla/5.0 (X11; U; Linux x86_64; en-US; rv:1.9.2.21) Gecko/20110830 Ubuntu/10.04 (lucid) Firefox/3.6.21',1317723331),
 (0,11,'127.0.0.1','localhost',737,'Mozilla/5.0 (X11; U; Linux x86_64; en-US; rv:1.9.2.21) Gecko/20110830 Ubuntu/10.04 (lucid) Firefox/3.6.21',1317723550),
 (0,1,'127.0.0.1','localhost',738,'Mozilla/5.0 (X11; U; Linux x86_64; en-US; rv:1.9.2.21) Gecko/20110830 Ubuntu/10.04 (lucid) Firefox/3.6.21',1317723763),
 (0,11,'127.0.0.1','localhost',739,'Mozilla/5.0 (X11; U; Linux x86_64; en-US; rv:1.9.2.21) Gecko/20110830 Ubuntu/10.04 (lucid) Firefox/3.6.21',1317723855),
 (0,11,'127.0.0.1','localhost',740,'Mozilla/5.0 (X11; U; Linux x86_64; en-US; rv:1.9.2.21) Gecko/20110830 Ubuntu/10.04 (lucid) Firefox/3.6.21',1317724056),
 (0,1,'127.0.0.1','localhost',741,'Mozilla/5.0 (X11; U; Linux x86_64; en-US; rv:1.9.2.21) Gecko/20110830 Ubuntu/10.04 (lucid) Firefox/3.6.21',1317724119),
 (0,11,'127.0.0.1','localhost',742,'Mozilla/5.0 (X11; U; Linux x86_64; en-US; rv:1.9.2.21) Gecko/20110830 Ubuntu/10.04 (lucid) Firefox/3.6.21',1317724123),
 (0,1,'127.0.0.1','localhost',743,'Mozilla/5.0 (X11; U; Linux x86_64; en-US; rv:1.9.2.21) Gecko/20110830 Ubuntu/10.04 (lucid) Firefox/3.6.21',1317724478),
 (0,1,'127.0.0.1','localhost',744,'Mozilla/5.0 (X11; U; Linux x86_64; en-US; rv:1.9.2.21) Gecko/20110830 Ubuntu/10.04 (lucid) Firefox/3.6.21',1317726401),
 (0,11,'127.0.0.1','localhost',745,'Mozilla/5.0 (X11; U; Linux x86_64; en-US; rv:1.9.2.21) Gecko/20110830 Ubuntu/10.04 (lucid) Firefox/3.6.21',1317726408),
 (0,1,'127.0.0.1','localhost',746,'Mozilla/5.0 (X11; U; Linux x86_64; en-US; rv:1.9.2.21) Gecko/20110830 Ubuntu/10.04 (lucid) Firefox/3.6.21',1317726504),
 (0,11,'127.0.0.1','localhost',747,'Mozilla/5.0 (X11; U; Linux x86_64; en-US; rv:1.9.2.21) Gecko/20110830 Ubuntu/10.04 (lucid) Firefox/3.6.21',1317727344),
 (0,11,'127.0.0.1','localhost',748,'Mozilla/5.0 (X11; U; Linux x86_64; en-US; rv:1.9.2.21) Gecko/20110830 Ubuntu/10.04 (lucid) Firefox/3.6.21',1317727439),
 (0,1,'127.0.0.1','localhost',749,'Mozilla/5.0 (X11; U; Linux x86_64; en-US; rv:1.9.2.21) Gecko/20110830 Ubuntu/10.04 (lucid) Firefox/3.6.21',1317727477),
 (0,11,'127.0.0.1','localhost',750,'Mozilla/5.0 (X11; U; Linux x86_64; en-US; rv:1.9.2.21) Gecko/20110830 Ubuntu/10.04 (lucid) Firefox/3.6.21',1317727493),
 (0,1,'127.0.0.1','localhost',751,'Mozilla/5.0 (X11; U; Linux x86_64; en-US; rv:1.9.2.21) Gecko/20110830 Ubuntu/10.04 (lucid) Firefox/3.6.21',1317739708),
 (0,1,'127.0.0.1','localhost',752,'Mozilla/5.0 (X11; U; Linux x86_64; en-US; rv:1.9.2.21) Gecko/20110830 Ubuntu/10.04 (lucid) Firefox/3.6.21',1317743315),
 (0,11,'127.0.0.1','localhost',753,'Mozilla/5.0 (X11; U; Linux x86_64; en-US; rv:1.9.2.21) Gecko/20110830 Ubuntu/10.04 (lucid) Firefox/3.6.21',1317745806),
 (0,1,'127.0.0.1','localhost',754,'Mozilla/5.0 (X11; U; Linux x86_64; en-US; rv:1.9.2.21) Gecko/20110830 Ubuntu/10.04 (lucid) Firefox/3.6.21',1317745810),
 (0,11,'127.0.0.1','localhost',755,'Mozilla/5.0 (X11; U; Linux x86_64; en-US; rv:1.9.2.21) Gecko/20110830 Ubuntu/10.04 (lucid) Firefox/3.6.21',1317745833),
 (0,11,'127.0.0.1','localhost',756,'Mozilla/5.0 (X11; U; Linux x86_64; en-US; rv:1.9.2.21) Gecko/20110830 Ubuntu/10.04 (lucid) Firefox/3.6.21',1317795378),
 (0,1,'127.0.0.1','localhost',757,'Mozilla/5.0 (X11; U; Linux x86_64; en-US; rv:1.9.2.21) Gecko/20110830 Ubuntu/10.04 (lucid) Firefox/3.6.21',1317799154),
 (0,11,'127.0.0.1','localhost',758,'Mozilla/5.0 (X11; U; Linux x86_64; en-US; rv:1.9.2.21) Gecko/20110830 Ubuntu/10.04 (lucid) Firefox/3.6.21',1317799157),
 (0,1,'127.0.0.1','localhost',759,'Mozilla/5.0 (X11; U; Linux x86_64; en-US; rv:1.9.2.21) Gecko/20110830 Ubuntu/10.04 (lucid) Firefox/3.6.21',1317800381),
 (0,1,'127.0.0.1','localhost',760,'Mozilla/5.0 (X11; U; Linux x86_64; en-US; rv:1.9.2.21) Gecko/20110830 Ubuntu/10.04 (lucid) Firefox/3.6.21',1317802016),
 (0,11,'127.0.0.1','localhost',761,'Mozilla/5.0 (X11; U; Linux x86_64; en-US; rv:1.9.2.21) Gecko/20110830 Ubuntu/10.04 (lucid) Firefox/3.6.21',1317815539),
 (0,1,'127.0.0.1','localhost',762,'Mozilla/5.0 (X11; U; Linux x86_64; en-US; rv:1.9.2.21) Gecko/20110830 Ubuntu/10.04 (lucid) Firefox/3.6.21',1317817859),
 (0,11,'127.0.0.1','localhost',763,'Mozilla/5.0 (X11; U; Linux x86_64; en-US; rv:1.9.2.21) Gecko/20110830 Ubuntu/10.04 (lucid) Firefox/3.6.21',1317817990),
 (0,11,'127.0.0.1','localhost',764,'Mozilla/5.0 (X11; U; Linux x86_64; en-US; rv:1.9.2.21) Gecko/20110830 Ubuntu/10.04 (lucid) Firefox/3.6.21',1317817993),
 (0,1,'127.0.0.1','localhost',765,'Mozilla/5.0 (X11; U; Linux x86_64; en-US; rv:1.9.2.21) Gecko/20110830 Ubuntu/10.04 (lucid) Firefox/3.6.21',1317819578),
 (0,11,'127.0.0.1','localhost',766,'Mozilla/5.0 (X11; U; Linux x86_64; en-US; rv:1.9.2.21) Gecko/20110830 Ubuntu/10.04 (lucid) Firefox/3.6.21',1317821896),
 (0,1,'127.0.0.1','localhost',767,'Mozilla/5.0 (X11; U; Linux x86_64; en-US; rv:1.9.2.21) Gecko/20110830 Ubuntu/10.04 (lucid) Firefox/3.6.21',1317825865),
 (0,1,'127.0.0.1','localhost',768,'Mozilla/5.0 (X11; U; Linux x86_64; en-US; rv:1.9.2.21) Gecko/20110830 Ubuntu/10.04 (lucid) Firefox/3.6.21',1317825971),
 (0,11,'127.0.0.1','localhost',769,'Mozilla/5.0 (X11; U; Linux x86_64; en-US; rv:1.9.2.21) Gecko/20110830 Ubuntu/10.04 (lucid) Firefox/3.6.21',1317825977),
 (0,1,'127.0.0.1','localhost',770,'Mozilla/5.0 (X11; U; Linux x86_64; en-US; rv:1.9.2.21) Gecko/20110830 Ubuntu/10.04 (lucid) Firefox/3.6.21',1317825978),
 (0,11,'127.0.0.1','localhost',771,'Mozilla/5.0 (X11; U; Linux x86_64; en-US; rv:1.9.2.21) Gecko/20110830 Ubuntu/10.04 (lucid) Firefox/3.6.21',1317826271),
 (0,11,'127.0.0.1','localhost',772,'Mozilla/5.0 (X11; U; Linux x86_64; en-US; rv:1.9.2.21) Gecko/20110830 Ubuntu/10.04 (lucid) Firefox/3.6.21',1317826275),
 (0,1,'127.0.0.1','localhost',773,'Mozilla/5.0 (X11; U; Linux x86_64; en-US; rv:1.9.2.21) Gecko/20110830 Ubuntu/10.04 (lucid) Firefox/3.6.21',1317826278),
 (0,11,'127.0.0.1','localhost',774,'Mozilla/5.0 (X11; U; Linux x86_64; en-US; rv:1.9.2.21) Gecko/20110830 Ubuntu/10.04 (lucid) Firefox/3.6.21',1317826282),
 (0,1,'127.0.0.1','localhost',775,'Mozilla/5.0 (X11; U; Linux x86_64; en-US; rv:1.9.2.21) Gecko/20110830 Ubuntu/10.04 (lucid) Firefox/3.6.21',1317882284),
 (0,1,'127.0.0.1','localhost',776,'Mozilla/5.0 (X11; U; Linux x86_64; en-US; rv:1.9.2.21) Gecko/20110830 Ubuntu/10.04 (lucid) Firefox/3.6.21',1317882300),
 (0,11,'127.0.0.1','localhost',777,'Mozilla/5.0 (X11; U; Linux x86_64; en-US; rv:1.9.2.21) Gecko/20110830 Ubuntu/10.04 (lucid) Firefox/3.6.21',1317882305),
 (0,1,'127.0.0.1','localhost',778,'Mozilla/5.0 (X11; U; Linux x86_64; en-US; rv:1.9.2.21) Gecko/20110830 Ubuntu/10.04 (lucid) Firefox/3.6.21',1317882307),
 (0,11,'127.0.0.1','localhost',779,'Mozilla/5.0 (X11; U; Linux x86_64; en-US; rv:1.9.2.21) Gecko/20110830 Ubuntu/10.04 (lucid) Firefox/3.6.21',1317882311),
 (0,11,'127.0.0.1','localhost',780,'Mozilla/5.0 (X11; U; Linux x86_64; en-US; rv:1.9.2.21) Gecko/20110830 Ubuntu/10.04 (lucid) Firefox/3.6.21',1317887466),
 (0,1,'127.0.0.1','localhost',781,'Mozilla/5.0 (X11; U; Linux x86_64; en-US; rv:1.9.2.21) Gecko/20110830 Ubuntu/10.04 (lucid) Firefox/3.6.21',1317893024),
 (0,11,'127.0.0.1','localhost',782,'Mozilla/5.0 (X11; U; Linux x86_64; en-US; rv:1.9.2.21) Gecko/20110830 Ubuntu/10.04 (lucid) Firefox/3.6.21',1317904210),
 (0,1,'127.0.0.1','localhost',783,'Mozilla/5.0 (X11; U; Linux x86_64; en-US; rv:1.9.2.21) Gecko/20110830 Ubuntu/10.04 (lucid) Firefox/3.6.21',1317904782),
 (0,1,'127.0.0.1','localhost',784,'Mozilla/5.0 (X11; U; Linux x86_64; en-US; rv:1.9.2.21) Gecko/20110830 Ubuntu/10.04 (lucid) Firefox/3.6.21',1317904782),
 (0,11,'127.0.0.1','localhost',785,'Mozilla/5.0 (X11; U; Linux x86_64; en-US; rv:1.9.2.21) Gecko/20110830 Ubuntu/10.04 (lucid) Firefox/3.6.21',1317904782),
 (0,1,'127.0.0.1','localhost',786,'Mozilla/5.0 (X11; U; Linux x86_64; en-US; rv:1.9.2.21) Gecko/20110830 Ubuntu/10.04 (lucid) Firefox/3.6.21',1317904782),
 (0,11,'127.0.0.1','localhost',787,'Mozilla/5.0 (X11; U; Linux x86_64; en-US; rv:1.9.2.21) Gecko/20110830 Ubuntu/10.04 (lucid) Firefox/3.6.21',1317910758),
 (0,11,'127.0.0.1','localhost',788,'Mozilla/5.0 (X11; U; Linux x86_64; en-US; rv:1.9.2.21) Gecko/20110830 Ubuntu/10.04 (lucid) Firefox/3.6.21',1317910758),
 (0,1,'127.0.0.1','localhost',789,'Mozilla/5.0 (X11; U; Linux x86_64; en-US; rv:1.9.2.21) Gecko/20110830 Ubuntu/10.04 (lucid) Firefox/3.6.21',1317911294),
 (0,11,'127.0.0.1','localhost',790,'Mozilla/5.0 (X11; U; Linux x86_64; en-US; rv:1.9.2.21) Gecko/20110830 Ubuntu/10.04 (lucid) Firefox/3.6.21',1317968679),
 (0,1,'127.0.0.1','localhost',791,'Mozilla/5.0 (X11; U; Linux x86_64; en-US; rv:1.9.2.21) Gecko/20110830 Ubuntu/10.04 (lucid) Firefox/3.6.21',1317968693),
 (1,1,'127.0.0.1','localhost',792,'Mozilla/5.0 (X11; U; Linux x86_64; en-US; rv:1.9.2.21) Gecko/20110830 Ubuntu/10.04 (lucid) Firefox/3.6.21',1317993422),
 (1,11,'127.0.0.1','localhost',793,'Mozilla/5.0 (X11; U; Linux x86_64; en-US; rv:1.9.2.21) Gecko/20110830 Ubuntu/10.04 (lucid) Firefox/3.6.21',1317996973),
 (0,1,'127.0.0.1','localhost',794,'Transmission/1.93',1318002198),
 (0,11,'127.0.0.1','localhost',795,'Transmission/1.93',1318002202),
 (0,11,'127.0.0.1','localhost',796,'Transmission/1.93',1318002217),
 (0,11,'127.0.0.1','localhost',797,'Transmission/1.93',1318002202),
 (0,11,'127.0.0.1','localhost',798,'Transmission/1.93',1318002217),
 (0,11,'127.0.0.1','localhost',799,'Transmission/1.93',1318002225),
 (0,11,'127.0.0.1','localhost',800,'Transmission/1.93',1318002337),
 (0,11,'127.0.0.1','localhost',801,'Transmission/1.93',1318003371),
 (0,11,'127.0.0.1','localhost',802,'Transmission/1.93',1318003371),
 (0,11,'127.0.0.1','localhost',803,'Transmission/1.93',1318003371),
 (0,1,'127.0.0.1','localhost',804,'Transmission/1.93',1318076662),
 (0,1,'127.0.0.1','localhost',805,'Transmission/1.93',1318076667),
 (0,11,'127.0.0.1','localhost',806,'Transmission/1.93',1318076840),
 (0,1,'127.0.0.1','localhost',807,'Transmission/1.93',1318076840),
 (0,1,'127.0.0.1','localhost',808,'Mozilla/5.0 (X11; U; Linux x86_64; en-US; rv:1.9.2.21) Gecko/20110830 Ubuntu/10.04 (lucid) Firefox/3.6.21',1318225916),
 (1,11,'127.0.0.1','localhost',809,'Mozilla/5.0 (X11; U; Linux x86_64; en-US; rv:1.9.2.21) Gecko/20110830 Ubuntu/10.04 (lucid) Firefox/3.6.21',1318229989),
 (1,1,'127.0.0.1','localhost',810,'Mozilla/5.0 (X11; U; Linux x86_64; en-US; rv:1.9.2.21) Gecko/20110830 Ubuntu/10.04 (lucid) Firefox/3.6.21',1318233509),
 (1,1,'127.0.0.1','localhost',811,'Mozilla/5.0 (X11; U; Linux x86_64; en-US; rv:1.9.2.21) Gecko/20110830 Ubuntu/10.04 (lucid) Firefox/3.6.21',1318233514),
 (1,11,'127.0.0.1','localhost',812,'Mozilla/5.0 (X11; U; Linux x86_64; en-US; rv:1.9.2.21) Gecko/20110830 Ubuntu/10.04 (lucid) Firefox/3.6.21',1318233571),
 (1,1,'127.0.0.1','localhost',813,'Mozilla/5.0 (X11; U; Linux x86_64; en-US; rv:1.9.2.21) Gecko/20110830 Ubuntu/10.04 (lucid) Firefox/3.6.21',1318233594),
 (1,11,'127.0.0.1','localhost',814,'Mozilla/5.0 (X11; U; Linux x86_64; en-US; rv:1.9.2.21) Gecko/20110830 Ubuntu/10.04 (lucid) Firefox/3.6.21',1318233644),
 (1,11,'127.0.0.1','localhost',815,'Mozilla/5.0 (X11; U; Linux x86_64; en-US; rv:1.9.2.21) Gecko/20110830 Ubuntu/10.04 (lucid) Firefox/3.6.21',1318233765),
 (1,1,'127.0.0.1','localhost',816,'Mozilla/5.0 (X11; U; Linux x86_64; en-US; rv:1.9.2.21) Gecko/20110830 Ubuntu/10.04 (lucid) Firefox/3.6.21',1318240580),
 (1,11,'127.0.0.1','localhost',817,'Mozilla/5.0 (X11; U; Linux x86_64; en-US; rv:1.9.2.21) Gecko/20110830 Ubuntu/10.04 (lucid) Firefox/3.6.21',1318240643),
 (1,1,'127.0.0.1','localhost',818,'Mozilla/5.0 (X11; U; Linux x86_64; en-US; rv:1.9.2.21) Gecko/20110830 Ubuntu/10.04 (lucid) Firefox/3.6.21',1318240814),
 (1,1,'127.0.0.1','localhost',819,'Mozilla/5.0 (X11; U; Linux x86_64; en-US; rv:1.9.2.21) Gecko/20110830 Ubuntu/10.04 (lucid) Firefox/3.6.21',1318240853),
 (1,11,'127.0.0.1','localhost',820,'Mozilla/5.0 (X11; U; Linux x86_64; en-US; rv:1.9.2.21) Gecko/20110830 Ubuntu/10.04 (lucid) Firefox/3.6.21',1318240921),
 (1,1,'127.0.0.1','localhost',821,'Mozilla/5.0 (X11; U; Linux x86_64; en-US; rv:1.9.2.21) Gecko/20110830 Ubuntu/10.04 (lucid) Firefox/3.6.21',1318240970),
 (1,11,'127.0.0.1','localhost',822,'Mozilla/5.0 (X11; U; Linux x86_64; en-US; rv:1.9.2.21) Gecko/20110830 Ubuntu/10.04 (lucid) Firefox/3.6.21',1318242824),
 (1,11,'127.0.0.1','localhost',823,'Mozilla/5.0 (X11; U; Linux x86_64; en-US; rv:1.9.2.21) Gecko/20110830 Ubuntu/10.04 (lucid) Firefox/3.6.21',1318242891),
 (1,1,'127.0.0.1','localhost',824,'Mozilla/5.0 (X11; U; Linux x86_64; en-US; rv:1.9.2.21) Gecko/20110830 Ubuntu/10.04 (lucid) Firefox/3.6.21',1318242944),
 (1,11,'127.0.0.1','localhost',825,'Mozilla/5.0 (X11; U; Linux x86_64; en-US; rv:1.9.2.21) Gecko/20110830 Ubuntu/10.04 (lucid) Firefox/3.6.21',1318246200),
 (0,1,'127.0.0.1','localhost',826,'Mozilla/5.0 (X11; U; Linux x86_64; en-US; rv:1.9.2.21) Gecko/20110830 Ubuntu/10.04 (lucid) Firefox/3.6.21',1318251711),
 (0,1,'127.0.0.1','localhost',827,'Mozilla/5.0 (X11; U; Linux x86_64; en-US; rv:1.9.2.21) Gecko/20110830 Ubuntu/10.04 (lucid) Firefox/3.6.21',1318251719),
 (0,11,'127.0.0.1','localhost',828,'Mozilla/5.0 (X11; U; Linux x86_64; en-US; rv:1.9.2.21) Gecko/20110830 Ubuntu/10.04 (lucid) Firefox/3.6.21',1318251729),
 (0,1,'127.0.0.1','localhost',829,'Mozilla/5.0 (X11; U; Linux x86_64; en-US; rv:1.9.2.21) Gecko/20110830 Ubuntu/10.04 (lucid) Firefox/3.6.21',1318251733),
 (0,11,'127.0.0.1','localhost',830,'Mozilla/5.0 (X11; U; Linux x86_64; en-US; rv:1.9.2.21) Gecko/20110830 Ubuntu/10.04 (lucid) Firefox/3.6.21',1318256731),
 (0,11,'127.0.0.1','localhost',831,'Mozilla/5.0 (X11; U; Linux x86_64; en-US; rv:1.9.2.21) Gecko/20110830 Ubuntu/10.04 (lucid) Firefox/3.6.21',1318257419),
 (0,1,'127.0.0.1','localhost',832,'Mozilla/5.0 (X11; U; Linux x86_64; en-US; rv:1.9.2.21) Gecko/20110830 Ubuntu/10.04 (lucid) Firefox/3.6.21',1318313130),
 (0,11,'127.0.0.1','localhost',833,'Mozilla/5.0 (X11; U; Linux x86_64; en-US; rv:1.9.2.21) Gecko/20110830 Ubuntu/10.04 (lucid) Firefox/3.6.21',1318316654),
 (0,1,'127.0.0.1','localhost',834,'Mozilla/5.0 (X11; U; Linux x86_64; en-US; rv:1.9.2.21) Gecko/20110830 Ubuntu/10.04 (lucid) Firefox/3.6.21',1318342692),
 (0,1,'127.0.0.1','localhost',835,'Mozilla/5.0 (X11; U; Linux x86_64; en-US; rv:1.9.2.21) Gecko/20110830 Ubuntu/10.04 (lucid) Firefox/3.6.21',1318342711),
 (0,11,'127.0.0.1','localhost',836,'Mozilla/5.0 (X11; U; Linux x86_64; en-US; rv:1.9.2.21) Gecko/20110830 Ubuntu/10.04 (lucid) Firefox/3.6.21',1318342720),
 (0,1,'127.0.0.1','localhost',837,'Mozilla/5.0 (X11; U; Linux x86_64; en-US; rv:1.9.2.21) Gecko/20110830 Ubuntu/10.04 (lucid) Firefox/3.6.21',1318342722),
 (0,11,'127.0.0.1','localhost',838,'Mozilla/5.0 (X11; U; Linux x86_64; en-US; rv:1.9.2.21) Gecko/20110830 Ubuntu/10.04 (lucid) Firefox/3.6.21',1318342947),
 (0,11,'127.0.0.1','localhost',839,'Mozilla/5.0 (X11; U; Linux x86_64; en-US; rv:1.9.2.21) Gecko/20110830 Ubuntu/10.04 (lucid) Firefox/3.6.21',1318343484),
 (0,1,'127.0.0.1','localhost',840,'Mozilla/5.0 (X11; U; Linux x86_64; en-US; rv:1.9.2.21) Gecko/20110830 Ubuntu/10.04 (lucid) Firefox/3.6.21',1318343489),
 (0,11,'127.0.0.1','localhost',841,'Mozilla/5.0 (X11; U; Linux x86_64; en-US; rv:1.9.2.21) Gecko/20110830 Ubuntu/10.04 (lucid) Firefox/3.6.21',1318343491),
 (0,1,'127.0.0.1','localhost',842,'Mozilla/5.0 (X11; U; Linux x86_64; en-US; rv:1.9.2.21) Gecko/20110830 Ubuntu/10.04 (lucid) Firefox/3.6.21',1318343499),
 (0,1,'127.0.0.1','localhost',843,'Mozilla/5.0 (X11; U; Linux x86_64; en-US; rv:1.9.2.21) Gecko/20110830 Ubuntu/10.04 (lucid) Firefox/3.6.21',1318343503),
 (0,11,'127.0.0.1','localhost',844,'Mozilla/5.0 (X11; U; Linux x86_64; en-US; rv:1.9.2.21) Gecko/20110830 Ubuntu/10.04 (lucid) Firefox/3.6.21',1318343508),
 (0,1,'127.0.0.1','localhost',845,'Mozilla/5.0 (X11; U; Linux x86_64; en-US; rv:1.9.2.21) Gecko/20110830 Ubuntu/10.04 (lucid) Firefox/3.6.21',1318344190),
 (0,11,'127.0.0.1','localhost',846,'Mozilla/5.0 (X11; U; Linux x86_64; en-US; rv:1.9.2.21) Gecko/20110830 Ubuntu/10.04 (lucid) Firefox/3.6.21',1318344588),
 (0,1,'127.0.0.1','localhost',847,'Mozilla/5.0 (X11; U; Linux x86_64; en-US; rv:1.9.2.21) Gecko/20110830 Ubuntu/10.04 (lucid) Firefox/3.6.21',1318344590),
 (0,11,'127.0.0.1','localhost',848,'Mozilla/5.0 (X11; U; Linux x86_64; en-US; rv:1.9.2.21) Gecko/20110830 Ubuntu/10.04 (lucid) Firefox/3.6.21',1318344592),
 (0,11,'127.0.0.1','localhost',849,'Mozilla/5.0 (X11; U; Linux x86_64; en-US; rv:1.9.2.21) Gecko/20110830 Ubuntu/10.04 (lucid) Firefox/3.6.21',1318344595),
 (0,1,'127.0.0.1','localhost',850,'Mozilla/5.0 (X11; U; Linux x86_64; en-US; rv:1.9.2.21) Gecko/20110830 Ubuntu/10.04 (lucid) Firefox/3.6.21',1318344661),
 (0,11,'127.0.0.1','localhost',851,'Mozilla/5.0 (X11; U; Linux x86_64; en-US; rv:1.9.2.21) Gecko/20110830 Ubuntu/10.04 (lucid) Firefox/3.6.21',1318344665),
 (0,1,'127.0.0.1','localhost',852,'Mozilla/5.0 (X11; U; Linux x86_64; en-US; rv:1.9.2.21) Gecko/20110830 Ubuntu/10.04 (lucid) Firefox/3.6.21',1318345286),
 (0,1,'127.0.0.1','localhost',853,'Mozilla/5.0 (X11; U; Linux x86_64; en-US; rv:1.9.2.21) Gecko/20110830 Ubuntu/10.04 (lucid) Firefox/3.6.21',1318345287),
 (0,11,'127.0.0.1','localhost',854,'Mozilla/5.0 (X11; U; Linux x86_64; en-US; rv:1.9.2.21) Gecko/20110830 Ubuntu/10.04 (lucid) Firefox/3.6.21',1318345291),
 (0,1,'127.0.0.1','localhost',855,'Mozilla/5.0 (X11; U; Linux x86_64; en-US; rv:1.9.2.21) Gecko/20110830 Ubuntu/10.04 (lucid) Firefox/3.6.21',1318345610),
 (0,11,'127.0.0.1','localhost',856,'Mozilla/5.0 (X11; U; Linux x86_64; en-US; rv:1.9.2.21) Gecko/20110830 Ubuntu/10.04 (lucid) Firefox/3.6.21',1318345628),
 (0,11,'127.0.0.1','localhost',857,'Mozilla/5.0 (X11; U; Linux x86_64; en-US; rv:1.9.2.21) Gecko/20110830 Ubuntu/10.04 (lucid) Firefox/3.6.21',1318345638),
 (0,1,'127.0.0.1','localhost',858,'Mozilla/5.0 (X11; U; Linux x86_64; en-US; rv:1.9.2.23) Gecko/20110921 Ubuntu/10.04 (lucid) Firefox/3.6.23',1318410797),
 (0,11,'127.0.0.1','localhost',859,'Mozilla/5.0 (X11; U; Linux x86_64; en-US; rv:1.9.2.23) Gecko/20110921 Ubuntu/10.04 (lucid) Firefox/3.6.23',1318410833),
 (0,1,'127.0.0.1','localhost',860,'Mozilla/5.0 (X11; U; Linux x86_64; en-US; rv:1.9.2.23) Gecko/20110921 Ubuntu/10.04 (lucid) Firefox/3.6.23',1318410851),
 (0,1,'127.0.0.1','localhost',861,'Mozilla/5.0 (X11; U; Linux x86_64; en-US; rv:1.9.2.23) Gecko/20110921 Ubuntu/10.04 (lucid) Firefox/3.6.23',1318410920),
 (0,1,'127.0.0.1','localhost',862,'Mozilla/5.0 (X11; U; Linux x86_64; en-US; rv:1.9.2.23) Gecko/20110921 Ubuntu/10.04 (lucid) Firefox/3.6.23',1318411043),
 (0,1,'127.0.0.1','localhost',863,'Mozilla/5.0 (X11; U; Linux x86_64; en-US; rv:1.9.2.23) Gecko/20110921 Ubuntu/10.04 (lucid) Firefox/3.6.23',1318411047),
 (0,11,'127.0.0.1','localhost',864,'Mozilla/5.0 (X11; U; Linux x86_64; en-US; rv:1.9.2.23) Gecko/20110921 Ubuntu/10.04 (lucid) Firefox/3.6.23',1318411061),
 (0,1,'127.0.0.1','localhost',865,'Mozilla/5.0 (X11; U; Linux x86_64; en-US; rv:1.9.2.23) Gecko/20110921 Ubuntu/10.04 (lucid) Firefox/3.6.23',1318411225),
 (0,11,'127.0.0.1','localhost',866,'Mozilla/5.0 (X11; U; Linux x86_64; en-US; rv:1.9.2.23) Gecko/20110921 Ubuntu/10.04 (lucid) Firefox/3.6.23',1318411245),
 (0,11,'127.0.0.1','localhost',867,'Mozilla/5.0 (X11; U; Linux x86_64; en-US; rv:1.9.2.23) Gecko/20110921 Ubuntu/10.04 (lucid) Firefox/3.6.23',1318411247),
 (0,1,'127.0.0.1','localhost',868,'Mozilla/5.0 (X11; U; Linux x86_64; en-US; rv:1.9.2.23) Gecko/20110921 Ubuntu/10.04 (lucid) Firefox/3.6.23',1318411293),
 (0,1,'127.0.0.1','localhost',869,'Mozilla/5.0 (X11; U; Linux x86_64; en-US; rv:1.9.2.23) Gecko/20110921 Ubuntu/10.04 (lucid) Firefox/3.6.23',1318414973),
 (0,11,'127.0.0.1','localhost',870,'Mozilla/5.0 (X11; U; Linux x86_64; en-US; rv:1.9.2.23) Gecko/20110921 Ubuntu/10.04 (lucid) Firefox/3.6.23',1318426110),
 (0,1,'127.0.0.1','localhost',871,'Mozilla/5.0 (X11; U; Linux x86_64; en-US; rv:1.9.2.23) Gecko/20110921 Ubuntu/10.04 (lucid) Firefox/3.6.23',1318429245),
 (0,11,'127.0.0.1','localhost',872,'Mozilla/5.0 (X11; U; Linux x86_64; en-US; rv:1.9.2.23) Gecko/20110921 Ubuntu/10.04 (lucid) Firefox/3.6.23',1318429313),
 (0,11,'127.0.0.1','localhost',873,'Mozilla/5.0 (X11; U; Linux x86_64; en-US; rv:1.9.2.23) Gecko/20110921 Ubuntu/10.04 (lucid) Firefox/3.6.23',1318429316),
 (0,1,'127.0.0.1','localhost',874,'Mozilla/5.0 (X11; U; Linux x86_64; en-US; rv:1.9.2.23) Gecko/20110921 Ubuntu/10.04 (lucid) Firefox/3.6.23',1318429526),
 (0,11,'127.0.0.1','localhost',875,'Mozilla/5.0 (X11; U; Linux x86_64; en-US; rv:1.9.2.23) Gecko/20110921 Ubuntu/10.04 (lucid) Firefox/3.6.23',1318429545),
 (0,1,'127.0.0.1','localhost',876,'Mozilla/5.0 (X11; U; Linux x86_64; en-US; rv:1.9.2.23) Gecko/20110921 Ubuntu/10.04 (lucid) Firefox/3.6.23',1318429736),
 (0,1,'127.0.0.1','localhost',877,'Mozilla/5.0 (X11; U; Linux x86_64; en-US; rv:1.9.2.23) Gecko/20110921 Ubuntu/10.04 (lucid) Firefox/3.6.23',1318429747),
 (0,11,'127.0.0.1','localhost',878,'Mozilla/5.0 (X11; U; Linux x86_64; en-US; rv:1.9.2.23) Gecko/20110921 Ubuntu/10.04 (lucid) Firefox/3.6.23',1318431443),
 (0,1,'127.0.0.1','localhost',879,'Mozilla/5.0 (X11; U; Linux x86_64; en-US; rv:1.9.2.23) Gecko/20110921 Ubuntu/10.04 (lucid) Firefox/3.6.23',1318486188),
 (0,11,'127.0.0.1','localhost',880,'Mozilla/5.0 (X11; U; Linux x86_64; en-US; rv:1.9.2.23) Gecko/20110921 Ubuntu/10.04 (lucid) Firefox/3.6.23',1318486633),
 (0,11,'127.0.0.1','localhost',881,'Mozilla/5.0 (X11; U; Linux x86_64; en-US; rv:1.9.2.23) Gecko/20110921 Ubuntu/10.04 (lucid) Firefox/3.6.23',1318486724),
 (0,1,'127.0.0.1','localhost',882,'Mozilla/5.0 (X11; U; Linux x86_64; en-US; rv:1.9.2.23) Gecko/20110921 Ubuntu/10.04 (lucid) Firefox/3.6.23',1318486896),
 (0,11,'127.0.0.1','localhost',883,'Mozilla/5.0 (X11; U; Linux x86_64; en-US; rv:1.9.2.23) Gecko/20110921 Ubuntu/10.04 (lucid) Firefox/3.6.23',1318486926),
 (0,1,'127.0.0.1','localhost',884,'Mozilla/5.0 (X11; U; Linux x86_64; en-US; rv:1.9.2.23) Gecko/20110921 Ubuntu/10.04 (lucid) Firefox/3.6.23',1318487909),
 (0,1,'127.0.0.1','localhost',885,'Mozilla/5.0 (X11; U; Linux x86_64; en-US; rv:1.9.2.23) Gecko/20110921 Ubuntu/10.04 (lucid) Firefox/3.6.23',1318491624),
 (0,11,'127.0.0.1','localhost',886,'Mozilla/5.0 (X11; U; Linux x86_64; en-US; rv:1.9.2.23) Gecko/20110921 Ubuntu/10.04 (lucid) Firefox/3.6.23',1318491663),
 (0,1,'127.0.0.1','localhost',887,'Mozilla/5.0 (X11; U; Linux x86_64; en-US; rv:1.9.2.23) Gecko/20110921 Ubuntu/10.04 (lucid) Firefox/3.6.23',1318491695),
 (0,11,'127.0.0.1','localhost',888,'Mozilla/5.0 (X11; U; Linux x86_64; en-US; rv:1.9.2.23) Gecko/20110921 Ubuntu/10.04 (lucid) Firefox/3.6.23',1318492591),
 (0,11,'127.0.0.1','localhost',889,'Mozilla/5.0 (X11; U; Linux x86_64; en-US; rv:1.9.2.23) Gecko/20110921 Ubuntu/10.04 (lucid) Firefox/3.6.23',1318492691),
 (0,1,'127.0.0.1','localhost',890,'Mozilla/5.0 (X11; U; Linux x86_64; en-US; rv:1.9.2.23) Gecko/20110921 Ubuntu/10.04 (lucid) Firefox/3.6.23',1318492753),
 (0,11,'127.0.0.1','localhost',891,'Mozilla/5.0 (X11; U; Linux x86_64; en-US; rv:1.9.2.23) Gecko/20110921 Ubuntu/10.04 (lucid) Firefox/3.6.23',1318493070),
 (0,1,'127.0.0.1','localhost',892,'Mozilla/5.0 (X11; U; Linux x86_64; en-US; rv:1.9.2.23) Gecko/20110921 Ubuntu/10.04 (lucid) Firefox/3.6.23',1318493182),
 (0,1,'127.0.0.1','localhost',893,'Mozilla/5.0 (X11; U; Linux x86_64; en-US; rv:1.9.2.23) Gecko/20110921 Ubuntu/10.04 (lucid) Firefox/3.6.23',1318493662),
 (0,11,'127.0.0.1','localhost',894,'Mozilla/5.0 (X11; U; Linux x86_64; en-US; rv:1.9.2.23) Gecko/20110921 Ubuntu/10.04 (lucid) Firefox/3.6.23',1318495432),
 (0,1,'127.0.0.1','localhost',895,'Mozilla/5.0 (X11; U; Linux x86_64; en-US; rv:1.9.2.23) Gecko/20110921 Ubuntu/10.04 (lucid) Firefox/3.6.23',1318495631),
 (0,11,'127.0.0.1','localhost',896,'Mozilla/5.0 (X11; U; Linux x86_64; en-US; rv:1.9.2.23) Gecko/20110921 Ubuntu/10.04 (lucid) Firefox/3.6.23',1318495674),
 (0,11,'127.0.0.1','localhost',897,'Mozilla/5.0 (X11; U; Linux x86_64; en-US; rv:1.9.2.23) Gecko/20110921 Ubuntu/10.04 (lucid) Firefox/3.6.23',1318495676),
 (0,1,'127.0.0.1','localhost',898,'Mozilla/5.0 (X11; U; Linux x86_64; en-US; rv:1.9.2.23) Gecko/20110921 Ubuntu/10.04 (lucid) Firefox/3.6.23',1318495696),
 (0,11,'127.0.0.1','localhost',899,'Mozilla/5.0 (X11; U; Linux x86_64; en-US; rv:1.9.2.23) Gecko/20110921 Ubuntu/10.04 (lucid) Firefox/3.6.23',1318495697),
 (0,1,'127.0.0.1','localhost',900,'Mozilla/5.0 (X11; U; Linux x86_64; en-US; rv:1.9.2.23) Gecko/20110921 Ubuntu/10.04 (lucid) Firefox/3.6.23',1318495713),
 (0,1,'127.0.0.1','localhost',901,'Mozilla/5.0 (X11; U; Linux x86_64; en-US; rv:1.9.2.23) Gecko/20110921 Ubuntu/10.04 (lucid) Firefox/3.6.23',1318495727),
 (0,11,'127.0.0.1','localhost',902,'Mozilla/5.0 (X11; U; Linux x86_64; en-US; rv:1.9.2.23) Gecko/20110921 Ubuntu/10.04 (lucid) Firefox/3.6.23',1318503181),
 (0,1,'127.0.0.1','localhost',903,'Mozilla/5.0 (X11; U; Linux x86_64; en-US; rv:1.9.2.23) Gecko/20110921 Ubuntu/10.04 (lucid) Firefox/3.6.23',1318503191),
 (0,11,'127.0.0.1','localhost',904,'Mozilla/5.0 (X11; U; Linux x86_64; en-US; rv:1.9.2.23) Gecko/20110921 Ubuntu/10.04 (lucid) Firefox/3.6.23',1318503211),
 (0,11,'127.0.0.1','localhost',905,'Mozilla/5.0 (X11; U; Linux x86_64; en-US; rv:1.9.2.23) Gecko/20110921 Ubuntu/10.04 (lucid) Firefox/3.6.23',1318503219),
 (0,1,'127.0.0.1','localhost',906,'Mozilla/5.0 (X11; U; Linux x86_64; en-US; rv:1.9.2.23) Gecko/20110921 Ubuntu/10.04 (lucid) Firefox/3.6.23',1318504407),
 (0,11,'127.0.0.1','localhost',907,'Mozilla/5.0 (X11; U; Linux x86_64; en-US; rv:1.9.2.23) Gecko/20110921 Ubuntu/10.04 (lucid) Firefox/3.6.23',1318506152),
 (0,1,'127.0.0.1','localhost',908,'Mozilla/5.0 (X11; U; Linux x86_64; en-US; rv:1.9.2.23) Gecko/20110921 Ubuntu/10.04 (lucid) Firefox/3.6.23',1318506160),
 (0,1,'127.0.0.1','localhost',909,'Mozilla/5.0 (X11; U; Linux x86_64; en-US; rv:1.9.2.23) Gecko/20110921 Ubuntu/10.04 (lucid) Firefox/3.6.23',1318506161),
 (0,11,'127.0.0.1','localhost',910,'Mozilla/5.0 (X11; U; Linux x86_64; en-US; rv:1.9.2.23) Gecko/20110921 Ubuntu/10.04 (lucid) Firefox/3.6.23',1318506165),
 (0,1,'127.0.0.1','localhost',911,'Mozilla/5.0 (X11; U; Linux x86_64; en-US; rv:1.9.2.23) Gecko/20110921 Ubuntu/10.04 (lucid) Firefox/3.6.23',1318506169),
 (0,11,'127.0.0.1','localhost',912,'Mozilla/5.0 (X11; U; Linux x86_64; en-US; rv:1.9.2.23) Gecko/20110921 Ubuntu/10.04 (lucid) Firefox/3.6.23',1318507109),
 (0,11,'127.0.0.1','localhost',913,'Mozilla/5.0 (X11; U; Linux x86_64; en-US; rv:1.9.2.23) Gecko/20110921 Ubuntu/10.04 (lucid) Firefox/3.6.23',1318507125),
 (0,1,'127.0.0.1','localhost',914,'Mozilla/5.0 (X11; U; Linux x86_64; en-US; rv:1.9.2.23) Gecko/20110921 Ubuntu/10.04 (lucid) Firefox/3.6.23',1318507590),
 (0,11,'127.0.0.1','localhost',915,'Mozilla/5.0 (X11; U; Linux x86_64; en-US; rv:1.9.2.23) Gecko/20110921 Ubuntu/10.04 (lucid) Firefox/3.6.23',1318507640),
 (0,1,'127.0.0.1','localhost',916,'Mozilla/5.0 (X11; U; Linux x86_64; en-US; rv:1.9.2.23) Gecko/20110921 Ubuntu/10.04 (lucid) Firefox/3.6.23',1318571740),
 (0,1,'127.0.0.1','localhost',917,'Mozilla/5.0 (X11; U; Linux x86_64; en-US; rv:1.9.2.23) Gecko/20110921 Ubuntu/10.04 (lucid) Firefox/3.6.23',1318573003),
 (0,11,'127.0.0.1','localhost',918,'Mozilla/5.0 (X11; U; Linux x86_64; en-US; rv:1.9.2.23) Gecko/20110921 Ubuntu/10.04 (lucid) Firefox/3.6.23',1318573730),
 (0,1,'127.0.0.1','localhost',919,'Transmission/1.93',1318695406),
 (0,1,'127.0.0.1','localhost',920,'Transmission/1.93',1318695619),
 (0,11,'127.0.0.1','localhost',921,'Transmission/1.93',1318695621),
 (0,1,'127.0.0.1','localhost',922,'Transmission/1.93',1318695619),
 (0,11,'127.0.0.1','localhost',923,'Transmission/1.93',1318695621),
 (0,1,'127.0.0.1','localhost',924,'Transmission/1.93',1318793185),
 (0,1,'127.0.0.1','localhost',925,'Transmission/1.93',1318793185),
 (0,1,'127.0.0.1','localhost',926,'Transmission/1.93',1318801421),
 (0,1,'127.0.0.1','localhost',927,'Mozilla/5.0 (X11; U; Linux x86_64; en-US; rv:1.9.2.23) Gecko/20110921 Ubuntu/10.04 (lucid) Firefox/3.6.23',1318919272),
 (0,11,'127.0.0.1','localhost',928,'Mozilla/5.0 (X11; U; Linux x86_64; en-US; rv:1.9.2.23) Gecko/20110921 Ubuntu/10.04 (lucid) Firefox/3.6.23',1318920042),
 (0,1,'127.0.0.1','localhost',929,'Mozilla/5.0 (X11; U; Linux x86_64; en-US; rv:1.9.2.23) Gecko/20110921 Ubuntu/10.04 (lucid) Firefox/3.6.23',1318922533),
 (0,11,'127.0.0.1','localhost',930,'Mozilla/5.0 (X11; U; Linux x86_64; en-US; rv:1.9.2.23) Gecko/20110921 Ubuntu/10.04 (lucid) Firefox/3.6.23',1318927764),
 (0,11,'127.0.0.1','localhost',931,'Mozilla/5.0 (X11; U; Linux x86_64; en-US; rv:1.9.2.23) Gecko/20110921 Ubuntu/10.04 (lucid) Firefox/3.6.23',1318927829),
 (0,6,'127.0.0.1','localhost',932,'Mozilla/5.0 (X11; U; Linux x86_64; en-US; rv:1.9.2.23) Gecko/20110921 Ubuntu/10.04 (lucid) Firefox/3.6.23',1319093157),
 (0,6,'127.0.0.1','localhost',933,'Mozilla/5.0 (X11; U; Linux x86_64; en-US; rv:1.9.2.23) Gecko/20110921 Ubuntu/10.04 (lucid) Firefox/3.6.23',1319093157),
 (0,6,'127.0.0.1','localhost',934,'Mozilla/5.0 (X11; U; Linux x86_64; en-US; rv:1.9.2.23) Gecko/20110921 Ubuntu/10.04 (lucid) Firefox/3.6.23',1319093157),
 (0,6,'127.0.0.1','localhost',935,'Mozilla/5.0 (X11; U; Linux x86_64; en-US; rv:1.9.2.23) Gecko/20110921 Ubuntu/10.04 (lucid) Firefox/3.6.23',1319093233),
 (0,6,'127.0.0.1','localhost',936,'Mozilla/5.0 (X11; U; Linux x86_64; en-US; rv:1.9.2.23) Gecko/20110921 Ubuntu/10.04 (lucid) Firefox/3.6.23',1319093233),
 (0,6,'127.0.0.1','localhost',937,'Mozilla/5.0 (X11; U; Linux x86_64; en-US; rv:1.9.2.23) Gecko/20110921 Ubuntu/10.04 (lucid) Firefox/3.6.23',1319093233),
 (0,6,'127.0.0.1','localhost',938,'Mozilla/5.0 (X11; U; Linux x86_64; en-US; rv:1.9.2.23) Gecko/20110921 Ubuntu/10.04 (lucid) Firefox/3.6.23',1319094312),
 (0,6,'127.0.0.1','localhost',939,'Mozilla/5.0 (X11; U; Linux x86_64; en-US; rv:1.9.2.23) Gecko/20110921 Ubuntu/10.04 (lucid) Firefox/3.6.23',1319094341),
 (0,7,'127.0.0.1','localhost',940,'Mozilla/5.0 (X11; U; Linux x86_64; en-US; rv:1.9.2.23) Gecko/20110921 Ubuntu/10.04 (lucid) Firefox/3.6.23',1319098447),
 (0,7,'127.0.0.1','localhost',941,'Mozilla/5.0 (X11; U; Linux x86_64; en-US; rv:1.9.2.23) Gecko/20110921 Ubuntu/10.04 (lucid) Firefox/3.6.23',1319098472),
 (0,8,'127.0.0.1','localhost',942,'Mozilla/5.0 (X11; U; Linux x86_64; en-US; rv:1.9.2.23) Gecko/20110921 Ubuntu/10.04 (lucid) Firefox/3.6.23',1319098691),
 (0,7,'127.0.0.1','localhost',943,'Mozilla/5.0 (X11; U; Linux x86_64; en-US; rv:1.9.2.23) Gecko/20110921 Ubuntu/10.04 (lucid) Firefox/3.6.23',1319099033),
 (0,7,'127.0.0.1','localhost',944,'Mozilla/5.0 (X11; U; Linux x86_64; en-US; rv:1.9.2.23) Gecko/20110921 Ubuntu/10.04 (lucid) Firefox/3.6.23',1319099069),
 (0,8,'127.0.0.1','localhost',945,'Mozilla/5.0 (X11; U; Linux x86_64; en-US; rv:1.9.2.23) Gecko/20110921 Ubuntu/10.04 (lucid) Firefox/3.6.23',1319099069),
 (0,8,'127.0.0.1','localhost',946,'Mozilla/5.0 (X11; U; Linux x86_64; en-US; rv:1.9.2.23) Gecko/20110921 Ubuntu/10.04 (lucid) Firefox/3.6.23',1319203306),
 (0,7,'127.0.0.1','localhost',947,'Mozilla/5.0 (X11; U; Linux x86_64; en-US; rv:1.9.2.23) Gecko/20110921 Ubuntu/10.04 (lucid) Firefox/3.6.23',1319203435);
INSERT INTO `agsi`.`tbl_user_visit` VALUES  (0,7,'127.0.0.1','localhost',948,'Mozilla/5.0 (X11; U; Linux x86_64; en-US; rv:1.9.2.23) Gecko/20110921 Ubuntu/10.04 (lucid) Firefox/3.6.23',1319203755),
 (0,8,'127.0.0.1','localhost',949,'Mozilla/5.0 (X11; U; Linux x86_64; en-US; rv:1.9.2.23) Gecko/20110921 Ubuntu/10.04 (lucid) Firefox/3.6.23',1319203755),
 (0,8,'127.0.0.1','localhost',950,'Transmission/1.93',1319211558),
 (0,7,'127.0.0.1','localhost',951,'Transmission/1.93',1319211635),
 (0,8,'127.0.0.1','localhost',952,'Transmission/1.93',1319211635),
 (0,8,'127.0.0.1','localhost',953,'Transmission/1.93',1319211721),
 (0,7,'127.0.0.1','localhost',954,'Transmission/1.93',1319212142),
 (0,8,'127.0.0.1','localhost',955,'Transmission/1.93',1319211721),
 (0,7,'127.0.0.1','localhost',956,'Transmission/1.93',1319212142),
 (0,8,'127.0.0.1','localhost',957,'Transmission/1.93',1319212142),
 (0,7,'127.0.0.1','localhost',958,'Transmission/1.93',1319301481),
 (0,8,'127.0.0.1','localhost',959,'Transmission/1.93',1319212142),
 (0,7,'127.0.0.1','localhost',960,'Transmission/1.93',1319301481),
 (0,7,'127.0.0.1','localhost',961,'Transmission/1.93',1319365397),
 (0,8,'127.0.0.1','localhost',962,'Transmission/1.93',1319365397),
 (0,8,'127.0.0.1','localhost',963,'Transmission/1.93',1319365638),
 (0,7,'127.0.0.1','localhost',964,'Transmission/1.93',1319365676),
 (0,7,'127.0.0.1','localhost',965,'Transmission/1.93',1319365696),
 (0,8,'127.0.0.1','localhost',966,'Transmission/1.93',1319365696),
 (0,8,'127.0.0.1','localhost',967,'Transmission/1.93',1319365696),
 (0,7,'127.0.0.1','localhost',968,'Mozilla/5.0 (X11; U; Linux x86_64; en-US; rv:1.9.2.23) Gecko/20110921 Ubuntu/10.04 (lucid) Firefox/3.6.23',1319443443),
 (0,7,'127.0.0.1','localhost',969,'Mozilla/5.0 (X11; U; Linux x86_64; en-US; rv:1.9.2.23) Gecko/20110921 Ubuntu/10.04 (lucid) Firefox/3.6.23',1319443591),
 (0,8,'127.0.0.1','localhost',970,'Mozilla/5.0 (X11; U; Linux x86_64; en-US; rv:1.9.2.23) Gecko/20110921 Ubuntu/10.04 (lucid) Firefox/3.6.23',1319443591),
 (0,8,'127.0.0.1','localhost',971,'Mozilla/5.0 (X11; U; Linux x86_64; en-US; rv:1.9.2.23) Gecko/20110921 Ubuntu/10.04 (lucid) Firefox/3.6.23',1319443595),
 (0,7,'127.0.0.1','localhost',972,'Mozilla/5.0 (X11; U; Linux x86_64; en-US; rv:1.9.2.23) Gecko/20110921 Ubuntu/10.04 (lucid) Firefox/3.6.23',1319443597),
 (0,7,'127.0.0.1','localhost',973,'Mozilla/5.0 (X11; U; Linux x86_64; en-US; rv:1.9.2.23) Gecko/20110921 Ubuntu/10.04 (lucid) Firefox/3.6.23',1319443652),
 (0,8,'127.0.0.1','localhost',974,'Mozilla/5.0 (X11; U; Linux x86_64; en-US; rv:1.9.2.23) Gecko/20110921 Ubuntu/10.04 (lucid) Firefox/3.6.23',1319443652),
 (0,8,'127.0.0.1','localhost',975,'Mozilla/5.0 (X11; U; Linux x86_64; en-US; rv:1.9.2.23) Gecko/20110921 Ubuntu/10.04 (lucid) Firefox/3.6.23',1319443658),
 (0,7,'127.0.0.1','localhost',976,'Mozilla/5.0 (X11; U; Linux x86_64; en-US; rv:1.9.2.23) Gecko/20110921 Ubuntu/10.04 (lucid) Firefox/3.6.23',1319443659),
 (0,7,'127.0.0.1','localhost',977,'Mozilla/5.0 (X11; U; Linux x86_64; en-US; rv:1.9.2.23) Gecko/20110921 Ubuntu/10.04 (lucid) Firefox/3.6.23',1319629636),
 (0,8,'127.0.0.1','localhost',978,'Mozilla/5.0 (X11; U; Linux x86_64; en-US; rv:1.9.2.23) Gecko/20110921 Ubuntu/10.04 (lucid) Firefox/3.6.23',1319629636),
 (0,8,'127.0.0.1','localhost',979,'Mozilla/5.0 (X11; U; Linux x86_64; en-US; rv:1.9.2.23) Gecko/20110921 Ubuntu/10.04 (lucid) Firefox/3.6.23',1319631849),
 (0,7,'127.0.0.1','localhost',980,'Mozilla/5.0 (X11; U; Linux x86_64; en-US; rv:1.9.2.23) Gecko/20110921 Ubuntu/10.04 (lucid) Firefox/3.6.23',1319631858);
UNLOCK TABLES;
/*!40000 ALTER TABLE `tbl_user_visit` ENABLE KEYS */;


--
-- Definition of table `agsi`.`tbl_video`
--

DROP TABLE IF EXISTS `agsi`.`tbl_video`;
CREATE TABLE  `agsi`.`tbl_video` (
  `video_id` int(11) unsigned NOT NULL AUTO_INCREMENT,
  `user_id` int(11) unsigned NOT NULL DEFAULT '0',
  `title` text NOT NULL,
  `description` text NOT NULL,
  `rating` float NOT NULL DEFAULT '0',
  `rated_by` bigint(20) NOT NULL DEFAULT '0',
  `duration` float NOT NULL DEFAULT '0',
  `thumb` tinyint(2) unsigned NOT NULL DEFAULT '1',
  `thumbs` tinyint(2) unsigned NOT NULL DEFAULT '20',
  `embed_code` text NOT NULL,
  `allow_embed` enum('0','1') NOT NULL DEFAULT '1',
  `allow_rating` enum('0','1') NOT NULL DEFAULT '1',
  `allow_comment` enum('0','1') NOT NULL DEFAULT '1',
  `allow_download` enum('0','1') NOT NULL DEFAULT '1',
  `total_views` bigint(20) NOT NULL DEFAULT '0',
  `total_comments` int(11) unsigned NOT NULL DEFAULT '0',
  `total_downloads` int(11) unsigned NOT NULL DEFAULT '0',
  `total_favorites` int(11) unsigned NOT NULL DEFAULT '0',
  `type` enum('public','private') NOT NULL DEFAULT 'public',
  `ext` enum('flv','mp4') NOT NULL DEFAULT 'flv',
  `size` int(11) NOT NULL DEFAULT '0',
  `add_date` datetime NOT NULL DEFAULT '0000-00-00 00:00:00',
  `view_date` datetime NOT NULL DEFAULT '0000-00-00 00:00:00',
  `server` int(11) NOT NULL DEFAULT '0',
  `sponsor` int(11) unsigned NOT NULL DEFAULT '0',
  `flagged` enum('0','1') NOT NULL DEFAULT '0',
  `locked` enum('0','1') NOT NULL DEFAULT '0',
  `status` tinyint(1) NOT NULL DEFAULT '0',
  `adv` int(11) unsigned NOT NULL DEFAULT '0',
  `url` varchar(255) NOT NULL DEFAULT '',
  `premium` enum('0','1') NOT NULL DEFAULT '0',
  `price` float NOT NULL DEFAULT '0',
  `slug` varchar(100) NOT NULL DEFAULT '',
  `add_time` int(11) unsigned NOT NULL DEFAULT '0',
  `thumb_url` varchar(255) NOT NULL,
  `sponsor_page` varchar(255) NOT NULL,
  `rated_up` int(10) unsigned NOT NULL DEFAULT '0',
  `rated_down` int(10) unsigned NOT NULL DEFAULT '0',
  `publish_time` timestamp NOT NULL DEFAULT CURRENT_TIMESTAMP,
  `custom_fields` text NOT NULL,
  `video_source` tinyint(4) NOT NULL DEFAULT '0' COMMENT '0 - displayed using another site player, 1 - hosted on our server, 2 - hotlinked from another server',
  `master_control_id` int(10) unsigned NOT NULL,
  `thumbs_hosted_on_master_control` tinyint(1) NOT NULL DEFAULT '0',
  PRIMARY KEY (`video_id`),
  UNIQUE KEY `uq_video_master_control_id` (`master_control_id`),
  KEY `user_id` (`user_id`),
  KEY `add_date` (`add_date`),
  KEY `view_date` (`view_date`),
  KEY `rating` (`rating`),
  KEY `duration` (`duration`),
  KEY `total_views` (`total_views`),
  KEY `total_comments` (`total_comments`),
  KEY `total_downloads` (`total_downloads`),
  KEY `total_favorites` (`total_favorites`),
  KEY `status` (`status`),
  KEY `idx_video_title` (`title`(150))
) ENGINE=MyISAM AUTO_INCREMENT=626 DEFAULT CHARSET=utf8;

--
-- Dumping data for table `agsi`.`tbl_video`
--

/*!40000 ALTER TABLE `tbl_video` DISABLE KEYS */;
LOCK TABLES `tbl_video` WRITE;
INSERT INTO `agsi`.`tbl_video` VALUES  (584,2,'La rouquine esclave sexuelle d\'une bande de copain','Que veut donc cette rouquine mature qui se dandine devant trois gars dj  poil ? Et ben, voil la rponse, elle veut se faire tringler, c\'est tout. Les trois compres ne tardent d\'ailleurs pas  se branler tant la vue de cette coquine aux gestes sans quivoques leurs excitent  mort. L\'un des mecs l\'ordonne ensuite de pisser dans un rcipient, elle se laisse faire. Elle suce ensuite la queue de ce petit vicelard comme si elle voulait lui rincer les couilles jusqu\' puisement des stocks. L\'un des gars qui assiste  la sance demande sa ration de pipe. Elle astique ces deux pines  tour de rle, on voit bien qu\'elle avait une de ces faims de bite, celle-l. Le dernier venu lui attache ensuite les poignets avec des menottes,  tel point qu\'elle doit joindre les mains pour faire une pipe. La joyeuse bande se dirige ensuite vers une configuration en sandwich de toute beaut.',0,0,150,1,5,'<iframe width=\"550\" height =\"413\" frameborder=\"0\" src=\"http://promo.vador.com/index.php/generateflv?w=webmasterId&e=9351&v=1355&p=16&ct=2&t1=tracker1&t2=tracker2&c=19&f=550x413&bc=&fc=&lc=&lo=&h=&pf=2\" allowtransparency=\"allowTransparency\" id=\"p1355\"></iframe>','1','1','1','1',7,0,0,0,'public','flv',0,'2011-11-25 06:54:28','0000-00-00 00:00:00',0,0,'0','0',1,0,'','0',0,'la-rouquine-esclave-sexuelle-d-une-bande-de-copain',1322240068,'','',0,0,'2011-11-25 20:54:28','',0,562,0),
 (586,2,'a1','da1',0,0,150,1,5,'<iframe width=\"550\" height =\"413\" frameborder=\"0\" src=\"http://promo.vador.com/index.php/generateflv?w=webmasterId&e=2275&v=1306&p=16&ct=2&t1=tracker1&t2=tracker2&c=19&f=550x413&bc=&fc=&lc=&lo=&h=&pf=2\" allowtransparency=\"allowTransparency\" id=\"p1306\"></iframe>','1','1','1','1',1,0,0,0,'public','flv',0,'2011-11-30 10:41:34','0000-00-00 00:00:00',0,0,'0','0',1,0,'','0',0,'a1',1322642494,'','',0,0,'2011-11-30 12:41:34','',0,563,0),
 (587,2,'b1','db',0,0,150,1,5,'<iframe width=\"550\" height =\"413\" frameborder=\"0\" src=\"http://promo.vador.com/index.php/generateflv?w=webmasterId&e=6787&v=1447&p=16&ct=2&t1=tracker1&t2=tracker2&c=19&f=550x413&bc=&fc=&lc=&lo=&h=&pf=2\" allowtransparency=\"allowTransparency\" id=\"p1447\"></iframe>','1','1','1','1',0,0,0,0,'public','flv',0,'2011-11-30 10:43:47','0000-00-00 00:00:00',0,0,'0','0',1,0,'','0',0,'b1',1322642627,'','',0,0,'2011-11-30 12:43:47','',0,564,0),
 (591,2,'q1','dq1',0,0,150,1,5,'<iframe width=\"550\" height =\"413\" frameborder=\"0\" src=\"http://promo.vador.com/index.php/generateflv?w=webmasterId&e=9567&v=1485&p=16&ct=2&t1=tracker1&t2=tracker2&c=19&f=550x413&bc=&fc=&lc=&lo=&h=&pf=2\" allowtransparency=\"allowTransparency\" id=\"p1485\"></iframe>','1','1','1','1',0,0,0,0,'public','flv',0,'2011-11-30 11:12:26','0000-00-00 00:00:00',0,0,'0','0',1,0,'','0',0,'q1',1322644346,'','',0,0,'2011-11-30 13:12:26','',0,565,0),
 (592,2,'w','dw1',0,0,150,1,5,'<iframe width=\"550\" height =\"413\" frameborder=\"0\" src=\"http://promo.vador.com/index.php/generateflv?w=webmasterId&e=1863&v=1146&p=16&ct=2&t1=tracker1&t2=tracker2&c=19&f=550x413&bc=&fc=&lc=&lo=&h=&pf=2\" allowtransparency=\"allowTransparency\" id=\"p1146\"></iframe>','1','1','1','1',0,0,0,0,'public','flv',0,'2011-11-30 11:12:27','0000-00-00 00:00:00',0,0,'0','0',1,0,'','0',0,'w',1322644347,'','',0,0,'2011-11-30 13:12:27','',0,566,0),
 (593,2,'t','dt',0,0,150,1,5,'<iframe width=\"550\" height =\"413\" frameborder=\"0\" src=\"http://promo.vador.com/index.php/generateflv?w=webmasterId&e=1879&v=1414&p=16&ct=2&t1=tracker1&t2=tracker2&c=19&f=550x413&bc=&fc=&lc=&lo=&h=&pf=2\" allowtransparency=\"allowTransparency\" id=\"p1414\"></iframe>','1','1','1','1',0,0,0,0,'public','flv',0,'2011-11-30 11:28:21','0000-00-00 00:00:00',0,0,'0','0',1,0,'','0',0,'t',1322645301,'','',0,0,'2011-11-30 13:28:21','',0,567,0),
 (594,2,'e','de1',0,0,150,1,5,'<iframe width=\"550\" height =\"413\" frameborder=\"0\" src=\"http://promo.vador.com/index.php/generateflv?w=webmasterId&e=7291&v=1508&p=16&ct=2&t1=tracker1&t2=tracker2&c=19&f=550x413&bc=&fc=&lc=&lo=&h=&pf=2\" allowtransparency=\"allowTransparency\" id=\"p1508\"></iframe>','1','1','1','1',0,0,0,0,'public','flv',0,'2011-11-30 11:28:21','0000-00-00 00:00:00',0,0,'0','0',1,0,'','0',0,'e',1322645301,'','',0,0,'2011-11-30 13:28:21','',0,568,0),
 (595,2,'a','da',0,0,150,1,5,'<iframe width=\"550\" height =\"413\" frameborder=\"0\" src=\"http://promo.vador.com/index.php/generateflv?w=webmasterId&e=1299&v=1168&p=16&ct=2&t1=tracker1&t2=tracker2&c=19&f=550x413&bc=&fc=&lc=&lo=&h=&pf=2\" allowtransparency=\"allowTransparency\" id=\"p1168\"></iframe>','1','1','1','1',1,0,0,0,'public','flv',0,'2011-11-30 11:52:50','0000-00-00 00:00:00',0,0,'0','0',1,0,'','0',0,'a',1322646770,'','',0,0,'2011-11-30 13:52:50','',0,569,0),
 (596,2,'b','db1',0,0,150,1,5,'<iframe width=\"550\" height =\"413\" frameborder=\"0\" src=\"http://promo.vador.com/index.php/generateflv?w=webmasterId&e=1875&v=1315&p=16&ct=2&t1=tracker1&t2=tracker2&c=19&f=550x413&bc=&fc=&lc=&lo=&h=&pf=2\" allowtransparency=\"allowTransparency\" id=\"p1315\"></iframe>','1','1','1','1',0,0,0,0,'public','flv',0,'2011-11-30 11:54:03','0000-00-00 00:00:00',0,0,'0','0',1,0,'','0',0,'b',1322646843,'','',0,0,'2011-11-30 13:54:03','',0,570,0),
 (597,2,'3 a','',0,0,150,1,5,'<iframe width=\"550\" height =\"413\" frameborder=\"0\" src=\"http://promo.vador.com/index.php/generateflv?w=webmasterId&e=6467&v=2153&p=16&ct=2&t1=tracker1&t2=tracker2&c=19&f=550x413&bc=&fc=&lc=&lo=&h=&pf=2\" allowtransparency=\"allowTransparency\" id=\"p2153\"></iframe>','1','1','1','1',0,0,0,0,'public','flv',0,'2011-11-30 03:27:40','0000-00-00 00:00:00',0,0,'0','0',1,0,'','0',0,'3-a',1322659660,'','',0,0,'2011-11-30 17:27:40','',0,571,0),
 (598,2,'2 c','Bonjour  tous les amateurs d\'asiatiques, je vais vous proposer une vido qui met sous les projecteurs une brune mature en manque de queue qui se fait dfoncer par un pervers. Commenant par montrer se aptitudes en terme de souplesse, la salope se fait servir un chibre dj en trique et se la prend dans sa bouche  bites. En lchant le gland de cette queue de perverse, la salope se fait farfouiller sa chatte. Pour pomper, cette jeune mature a de l\'exprience  revendre, que ce soit couche ou debout, elle astique chaudement le membre qu\'elle a sous la main. Dans la position de la courtisane, la salope se fait farcir sa chatte par le pervers en trique. Position sur position, et entre deux fists, la salope se fait turbiner la moule et dilater sa fente. Et aprs une branlette nergique que la chaudasse lui fait, le pervers gicle son jus dans tous les sens.',0,0,150,1,5,'<iframe width=\"550\" height =\"413\" frameborder=\"0\" src=\"http://promo.vador.com/index.php/generateflv?w=webmasterId&e=1663&v=2520&p=16&ct=2&t1=tracker1&t2=tracker2&c=19&f=550x413&bc=&fc=&lc=&lo=&h=&pf=2\" allowtransparency=\"allowTransparency\" id=\"p2520\"></iframe>','1','1','1','1',5,0,0,0,'public','flv',0,'2011-11-30 03:28:07','0000-00-00 00:00:00',0,0,'0','0',1,0,'','0',0,'2-c',1322659687,'','',0,0,'2011-11-30 17:28:07','',0,572,0),
 (599,2,'8','7',0,0,150,1,5,'<iframe width=\"550\" height =\"413\" frameborder=\"0\" src=\"http://promo.vador.com/index.php/generateflv?w=webmasterId&e=7607&v=851&p=16&ct=2&t1=tracker1&t2=tracker2&c=19&f=550x413&bc=&fc=&lc=&lo=&h=&pf=2\" allowtransparency=\"allowTransparency\" id=\"p851\"></iframe>','1','1','1','1',1,0,0,0,'public','flv',0,'2011-12-02 09:35:32','0000-00-00 00:00:00',0,0,'0','0',1,0,'','0',0,'8',1322811332,'','',0,0,'2011-12-02 11:35:32','',0,573,0),
 (600,2,'7','1',0,0,150,1,5,'<iframe width=\"550\" height =\"413\" frameborder=\"0\" src=\"http://promo.vador.com/index.php/generateflv?w=webmasterId&e=7803&v=1442&p=16&ct=2&t1=tracker1&t2=tracker2&c=19&f=550x413&bc=&fc=&lc=&lo=&h=&pf=2\" allowtransparency=\"allowTransparency\" id=\"p1442\"></iframe>','1','1','1','1',3,0,0,0,'public','flv',0,'2011-12-02 01:47:50','0000-00-00 00:00:00',0,0,'0','0',1,0,'','0',0,'7',1322826470,'','',0,0,'2011-12-02 15:47:50','',0,574,0),
 (601,2,'a2','a5',0,0,150,1,5,'<iframe width=\"550\" height =\"413\" frameborder=\"0\" src=\"http://promo.vador.com/index.php/generateflv?w=webmasterId&e=1435&v=1316&p=16&ct=2&t1=tracker1&t2=tracker2&c=19&f=550x413&bc=&fc=&lc=&lo=&h=&pf=2\" allowtransparency=\"allowTransparency\" id=\"p1316\"></iframe>','1','1','1','1',4,0,0,0,'public','flv',0,'2011-12-02 02:05:03','0000-00-00 00:00:00',0,0,'0','0',1,0,'','0',0,'a2',1322827503,'','',0,0,'2011-12-02 16:05:03','',0,575,0),
 (602,2,'Barby qui se fait dfoncer par deux pervers.','Bonjour  tous les amateurs d\'exhibition et de partie  trois, cette vido vous plaira surement. Montrant la ralisation du film de Barby qui se fait clater par deux pervers en scne d\'extrieur. Les dcors et les acteurs en place, la salope de Barby se fait tripoter de partout pour la mettre en condition. En manque de bites, la chaudasse prend en main les deux gros chibre et commence une sance de double fellation. Elle sait vraiment s\'y prendre cette salope, en plus de leur pomper leurs dards, elle excute une petite danse exotique pour mettre en apptit les deux pervers en rut. Dans la position du cheval renvers, cette chaudasse vient s\'empaler sur la grosse bite d\'un des gars tout en ayant dans sa bouche  bites l\'autre chibre. Cette salope se fait clater la chatte  coups de dard enrag. Pour finir, les gars se font pomper leurs bites  mort jusqu\' ce qu\'ils giclent leurs foutres bien visqueuses dans la gueule de cette chienne.',0,0,150,1,5,'<iframe width=\"550\" height =\"413\" frameborder=\"0\" src=\"http://promo.vador.com/index.php/generateflv?w=webmasterId&e=2731&v=1170&p=16&ct=2&t1=tracker1&t2=tracker2&c=19&f=550x413&bc=&fc=&lc=&lo=&h=&pf=2\" allowtransparency=\"allowTransparency\" id=\"p1170\"></iframe>','1','1','1','1',0,0,0,0,'public','flv',0,'2012-01-04 09:06:15','0000-00-00 00:00:00',0,0,'0','0',1,0,'','0',0,'barby-qui-se-fait-defoncer-par-deux-pervers',1325664375,'','',0,0,'2012-01-04 12:06:15','',0,624,0),
 (603,2,'Une rptition se transforme en partie de baise pour un couple','Dcidment, elles n\'taient pas indispensables ces baguettes pour cette fameuse rptition  deux. Le gars qui tait  la batterie a troqu ses baguettes pour sa bite qui pourrait faire l\'affaire. Le son produit par l\'instrument en sort tout diffrent avec la grosse queue qui le tambourine. La fille va d\'ailleurs s\'occuper de rendre l\'engin plus raide afin de mieux s\'en servir pour la rpet. D\'ailleurs, elle a compltement dlaiss la guitare qu\'elle jouait au dbut. Elle astique le chibre frocement, par peur de perdre la rigidit de la bte. Le gars va pourtant exprimenter un autre truc : il introduit une baguette dans le fion de la fille qui, par ce moyen, tambourine le caisson de la batterie. Et a marche ! La fameuse rptition va par la suite prendre des allures de partie de baise o au final le blondinet fait exploser sa sve sur le visage de la salope.',0,0,150,1,5,'<iframe width=\"550\" height =\"413\" frameborder=\"0\" src=\"http://promo.vador.com/index.php/generateflv?w=webmasterId&e=2923&v=517&p=16&ct=2&t1=tracker1&t2=tracker2&c=19&f=550x413&bc=&fc=&lc=&lo=&h=&pf=2\" allowtransparency=\"allowTransparency\" id=\"p517\"></iframe>','1','1','1','1',0,0,0,0,'public','flv',0,'2012-01-04 09:14:53','0000-00-00 00:00:00',0,0,'0','0',1,0,'','0',0,'une-repetition-se-transforme-en-partie-de-baise-pour-un-couple',1325664893,'','',0,0,'2012-01-04 12:14:53','',0,605,0),
 (604,2,'Une franaise sous la douche!','Une vraie sauvage, la salope nous fait du travail de professionnelle!. Cest sur elle a une grande carrire dans le monde du porno. Elle est bonne la cochonne! Pour le spectacle, la pute se fait prendre sous la douche. La bombe commence par nous montrer son joli petit cul. Elle nous a sorti sa plus belle lingerie. La chaudasse fait un strip tease en direct. Regardez moi cette vido et je vous assure dune chose, elle va vous faire triquer au maximum! Un grand bonheur de la voir se faire dchirer. La star des bites franaise va soccuper de son petit cul et en force!. Cest beau, du grand art! La chaudasse est heureuse, les coups de trique sont au maximum. Toutes les positions vont lui tre donne. La franaise hurle de bonheur sous les coups de trique! A votre tour mettez lui de la bite...',0,0,150,1,5,'<iframe width=\"550\" height =\"413\" frameborder=\"0\" src=\"http://promo.vador.com/index.php/generateflv?w=webmasterId&e=4355&v=1478&p=16&ct=2&t1=tracker1&t2=tracker2&c=19&f=550x413&bc=&fc=&lc=&lo=&h=&pf=2\" allowtransparency=\"allowTransparency\" id=\"p1478\"></iframe>','1','1','1','1',0,0,0,0,'public','flv',0,'2012-01-04 09:27:56','0000-00-00 00:00:00',0,0,'0','0',1,0,'','0',0,'une-francaise-sous-la-douche',1325665676,'','',0,0,'2012-01-04 12:27:56','',0,606,0),
 (605,2,'Une exhibition incroyable!','Les vidos franaises ont ce got magique de jamais vue! a c\'est incroyable barby c\'est son nom. Une chose qui mrite un sacr panache! La pute se met au milieu de la route et exhibe son corps de desse. Comme a la fte! Au milieu de la route, elle montre son cul!. Son mec descend de la voiture et nous filme la salope se contorsionner devant la camra. Petit zoom sur notre nymphomane, elle a des petites tresses et un joli percing. Je vous dis pas ou, mais vous allez kiffer!. Cette vido c\'est du lourd, alors va t\'elle se faire baiser au milieu de la route. Vont-ils se faire surprendre? Vous allez le dcouvrir vous mme... Dans tous les cas je vous garantie une bonne branlette devant cette vido...',0,0,150,1,5,'<iframe width=\"550\" height =\"413\" frameborder=\"0\" src=\"http://promo.vador.com/index.php/generateflv?w=webmasterId&e=8651&v=1169&p=16&ct=2&t1=tracker1&t2=tracker2&c=19&f=550x413&bc=&fc=&lc=&lo=&h=&pf=2\" allowtransparency=\"allowTransparency\" id=\"p1169\"></iframe>','1','1','1','1',1,0,0,0,'public','flv',0,'2012-01-04 10:31:17','0000-00-00 00:00:00',0,0,'0','0',1,0,'','0',0,'une-exhibition-incroyable',1325669477,'','',0,0,'2012-01-04 13:31:17','',0,604,0),
 (606,2,'Une','A bord, tout le monde sur le pont!. Inspection de l\'quipage. Je vous prsente l\'quipage calypso, deux putes de luxe et une grosse bite.On connat bien cette bite sur patte, une lgende!. Aujourd\'hui c\'est dimanche il fait chaud, pourquoi ne pas faire une petite vire en mer?. Voil ses mots ce matin. Les deux putes sont en joies, elles aiment tellement se faire dfoncer le fion en mer. Les deux garces trouvent cela romantique. On commence la vido dans le vif du sujet. Nos deux sirnes sont  poil et dbutent les festivits en lui suant la bite. La queue de notre jules est raide, il veut maintenant dfoncer les deux petites putes. Il les retourne dans tous les sens par devant, par derrire. Elles en hurlent de plaisir. Les gmissements des deux nymphomanes sont une invitation  la branlette...',0,0,150,1,5,'<iframe width=\"550\" height =\"413\" frameborder=\"0\" src=\"http://promo.vador.com/index.php/generateflv?w=webmasterId&e=7651&v=1303&p=16&ct=2&t1=tracker1&t2=tracker2&c=19&f=550x413&bc=&fc=&lc=&lo=&h=&pf=2\" allowtransparency=\"allowTransparency\" id=\"p1303\"></iframe>','1','1','1','1',0,0,0,0,'public','flv',0,'2012-01-04 01:24:42','0000-00-00 00:00:00',0,0,'0','0',1,0,'','0',0,'une',1325679882,'','',0,0,'2012-01-04 16:24:42','',0,576,0),
 (620,2,'lads laare oehrjgio','',0,0,150,1,1,'<iframe width=\"550\" height =\"413\" frameborder=\"0\" src=\"http://promo.vador.com/index.php/generateflv?w=webmasterId&e=5363&v=1509&p=16&ct=2&t1=tracker1&t2=tracker2&c=19&f=550x413&bc=&fc=&lc=&lo=&h=&pf=2\" allowtransparency=\"allowTransparency\" id=\"p1509\"></iframe>','1','1','1','1',0,0,0,0,'public','flv',0,'2012-02-15 09:52:49','0000-00-00 00:00:00',0,0,'0','0',5,0,'','0',0,'lads-laare-oehrjgio',1329295969,'','',0,0,'2012-02-15 12:52:49','',0,579,0),
 (621,2,'asgrhtrhyyyyy','',0,0,150,1,1,'<iframe width=\"550\" height =\"413\" frameborder=\"0\" src=\"http://promo.vador.com/index.php/generateflv?w=webmasterId&e=5591&v=542&p=16&ct=2&t1=tracker1&t2=tracker2&c=19&f=550x413&bc=&fc=&lc=&lo=&h=&pf=2\" allowtransparency=\"allowTransparency\" id=\"p542\"></iframe>','1','1','1','1',0,0,0,0,'public','flv',0,'2012-02-20 04:26:16','0000-00-00 00:00:00',0,0,'0','0',5,0,'','0',0,'asgrhtrhyyyyy',1329751576,'','',0,0,'2012-02-20 19:26:16','',0,594,0),
 (608,2,'Deux pompiers gays partagent leurs tuyaux avec un de leurs potes','Voici une vido \"amateur\" qui va mettre en scne des jeunes et jolis gays en folie. Le gars craquant qui s\'y prsente en premier porte un blouson cuir. Il veut se la jouer hard rock ?! Et bien, vas-y mon joli ! Il entame un petit striptease devant la camra, en montrant la bosse qui se forme dans son froc. De l\'autre ct, un couple de craquants pompiers se  prennent en photo et commencent  se dvtir. Les deux pompiers rejoignent ensuite un autre mec pour unir leurs armes, ou plutt leurs chibres. Un de ces petits pervers de pompiers va ensuite sucer simultanment le deux grosses bites de ses potes. Humm, c\'est le pied se disent les deux gars sucs. Mais a va l\'tre encore plus quand les trois lascars se mettent en position pour une baise  trois ! Un type se couche sur le dos et se fait sucer par un autre, lui mme  se fait clater le fion par le dernier luron.',0,0,150,1,5,'<iframe width=\"550\" height =\"413\" frameborder=\"0\" src=\"http://promo.vador.com/index.php/generateflv?w=webmasterId&e=9723&v=1607&p=16&ct=2&t1=tracker1&t2=tracker2&c=19&f=550x413&bc=&fc=&lc=&lo=&h=&pf=2\" allowtransparency=\"allowTransparency\" id=\"p1607\"></iframe>','1','1','1','1',0,0,0,0,'public','flv',0,'2012-01-11 02:02:43','0000-00-00 00:00:00',0,0,'0','0',1,0,'','0',0,'deux-pompiers-gays-partagent-leurs-tuyaux-avec-un-de-leurs-potes',1326286963,'','',0,0,'2012-01-11 17:02:43','',0,580,0),
 (609,2,'Un vieux vicelard nique une transsexuelle affame','Un couple de personne venant de faire la teuf vient de dbarquer dans leur piaule. L\'un est un mec d\'un ge mur et le second larron est un transsexuel canon. Ils franchissent  peine le pas de la porte de la pice nuptiale qu\'ils se mettent  poil comme des affams de sexe. Le transs prend tout de suite les affaires en main et avale la tige norme du gars pervers. Sa faon de sucer est tellement vorace que l\'autre type est muet de silence et d\'extase devant ce traitement spcial. Ensuite, il couche la jolie crature sur le dos et dirige sa queue vers le fion bant d\'impatience. Ses mouvements sont langoureusement lents au dbut mais il acclre le rythme progressivement. Sa pine est en feu dans ce trou en bullition et il kiffe chaque mouvement que la transs fait sur sa queue. Il jacule enfin sur la poitrine de la salope qui lui a saisi le chibre entre les mains.',0,0,150,1,5,'<iframe width=\"550\" height =\"413\" frameborder=\"0\" src=\"http://promo.vador.com/index.php/generateflv?w=webmasterId&e=1675&v=1265&p=16&ct=2&t1=tracker1&t2=tracker2&c=19&f=550x413&bc=&fc=&lc=&lo=&h=&pf=2\" allowtransparency=\"allowTransparency\" id=\"p1265\"></iframe>','1','1','1','1',1,0,0,0,'public','flv',0,'2012-01-11 02:29:12','0000-00-00 00:00:00',0,0,'0','0',1,0,'','0',0,'un-vieux-vicelard-nique-une-transsexuelle-affamee',1326288552,'','',0,0,'2012-01-11 17:29:12','',0,581,0),
 (610,2,'Farfouillage de foufounes entre deux superbes gouines','Eh l ! En voil deux coquines qui vont tout se permettre et sous le nez  du camraman certainement affam. Il y a de quoi avec ces deux gouines perverses qui vont faire gambette dans une petite chambre. Celle qui est blonde prend immdiatement les choses en main : elle dvtit sa copine brune qui porte des dessous craquants. Ensuite, c\'est au tour de la brune d\'ter les fringues de l\'autre garce. La salope brune farfouille ds lors la chatte bien rase faon ticket de mtro de l\'autre. Sa main doit tre en mme temps inonde par cette chatte affame. Mais peu importe, se dit-elle, ou au contraire tant mieux puisque c\'est exactement ce qu\'elle voulait. Il faut dire que le piercing que la blondasse s\'est fix sur les ttons attire les langues comme des aimants. La blondinette jouit et les deux garces montrent toutes leurs joies de se retrouver enfin.',0,0,150,1,5,'<iframe width=\"550\" height =\"413\" frameborder=\"0\" src=\"http://promo.vador.com/index.php/generateflv?w=webmasterId&e=9055&v=885&p=16&ct=2&t1=tracker1&t2=tracker2&c=19&f=550x413&bc=&fc=&lc=&lo=&h=&pf=2\" allowtransparency=\"allowTransparency\" id=\"p885\"></iframe>','1','1','1','1',0,0,0,0,'public','flv',0,'2012-01-11 02:29:12','0000-00-00 00:00:00',0,0,'0','0',1,0,'','0',0,'farfouillage-de-foufounes-entre-deux-superbes-gouines',1326288552,'','',0,0,'2012-01-11 17:29:12','',0,582,0),
 (611,2,'Mature dominante encule son nouveau mec','Cette femme mre a l\'habitude de sodomiser les mecs, et cela tombe bien car son nouveau conjoint a envie de dcouvrir les joies de la pntration anale. Comme une bonne ptasse, la garce lui taille une pipe baveuse et profonde, puis elle lui offre son gode  sucer. Gourmand, le mec le pompe, puis il se cambre  quatre pattes, et elle dilate son fion avec un plug anal. Il lui faut beaucoup de persvrance pour largir ce petit cul inhabitu, puis elle l\'encule sauvagement. Alors qu\'il hurle, la belle mature dominatrice le branle et le suce afin de manger son sperme. ',0,0,20,1,5,'	<object id=\"player\" classid=\"clsid:D27CDB6E-AE6D-11cf-96B8-444553540000\" name=\"player\" width=\"640\" height=\"480\">\n		<param name=\"movie\" value=\"{themeBaseUrl}/swf/player.swf\" />\n		<param name=\"allowfullscreen\" value=\"true\" />\n		<param name=\"allowscriptaccess\" value=\"always\" />\n		<param name=\"flashvars\" value=\"file=http://samples.porn.fr/extrait/low/cam022-10.FLV\" />\n		<embed\n			type=\"application/x-shockwave-flash\"\n			id=\"player2\"\n			name=\"player2\"\n			src=\"{themeBaseUrl}/swf/player.swf\"\n			width=\"640\"\n			height=\"480\"\n			allowscriptaccess=\"always\"\n			allowfullscreen=\"true\"\n			flashvars=\"file=http://samples.porn.fr/extrait/low/cam022-10.FLV\"\n		/>\n	</object>\n','1','1','1','1',2,0,0,0,'public','flv',0,'2012-01-18 09:47:15','0000-00-00 00:00:00',0,0,'0','0',1,0,'','0',0,'mature-dominante-encule-son-nouveau-mec',1326876435,'','',0,0,'2012-01-18 12:47:15','',0,874,0),
 (612,2,'sucer grosse meme temps','',0,0,20,1,6,'	<object id=\"player\" classid=\"clsid:D27CDB6E-AE6D-11cf-96B8-444553540000\" name=\"player\" width=\"640\" height=\"480\">\n		<param name=\"movie\" value=\"{themeBaseUrl}/swf/player.swf\" />\n		<param name=\"allowfullscreen\" value=\"true\" />\n		<param name=\"allowscriptaccess\" value=\"always\" />\n		<param name=\"flashvars\" value=\"file=http://samples.porn.fr/extrait/low/dvd2118-2.FLV\" />\n		<embed\n			type=\"application/x-shockwave-flash\"\n			id=\"player2\"\n			name=\"player2\"\n			src=\"{themeBaseUrl}/swf/player.swf\"\n			width=\"640\"\n			height=\"480\"\n			allowscriptaccess=\"always\"\n			allowfullscreen=\"true\"\n			flashvars=\"file=http://samples.porn.fr/extrait/low/dvd2118-2.FLV\"\n		/>\n	</object>\n','1','1','1','1',4,0,0,0,'public','flv',0,'2012-01-19 02:43:42','0000-00-00 00:00:00',0,0,'0','0',1,0,'','0',0,'sucer-grosse-meme-temps',1326980622,'','',0,0,'2012-01-19 17:43:42','',0,873,0),
 (613,2,'couineuse','',0,0,20,1,3,'	<object id=\"player\" classid=\"clsid:D27CDB6E-AE6D-11cf-96B8-444553540000\" name=\"player\" width=\"640\" height=\"480\">\n		<param name=\"movie\" value=\"{themeBaseUrl}/swf/player.swf\" />\n		<param name=\"allowfullscreen\" value=\"true\" />\n		<param name=\"allowscriptaccess\" value=\"always\" />\n		<param name=\"flashvars\" value=\"file=http://videos.direction-x.com/1342/1342_lq_1_h_4.flv\" />\n		<embed\n			type=\"application/x-shockwave-flash\"\n			id=\"player2\"\n			name=\"player2\"\n			src=\"{themeBaseUrl}/swf/player.swf\"\n			width=\"640\"\n			height=\"480\"\n			allowscriptaccess=\"always\"\n			allowfullscreen=\"true\"\n			flashvars=\"file=http://videos.direction-x.com/1342/1342_lq_1_h_4.flv\"\n		/>\n	</object>\n','1','1','1','1',4,0,0,0,'public','flv',0,'2012-01-19 05:04:44','0000-00-00 00:00:00',0,0,'0','0',1,0,'','0',0,'couineuse',1326989084,'','',0,0,'2012-01-19 20:04:44','',0,876,0),
 (614,2,'defonce','',0,0,180,1,3,' <iframe width=\"640\" height=\"480\" frameborder=\"no\" marginheight=\"0\" marginwidth=\"0\" scrolling=\"no\" src=\"http://tool.acces-vod.com/player/?idvideo=1198&wm=10203&prog=oneshot&size=640x480&cat_id=6&exit=1&track1=ReseauxAGS&track2=videoflv&backcolor=000000&lightcolor=FF0090&frontcolor=CCCCCC\"></iframe> ','1','1','1','1',2,0,0,0,'public','flv',0,'2012-01-20 02:55:54','0000-00-00 00:00:00',0,0,'0','0',1,0,'','0',0,'defonce',1327067754,'','',0,0,'2012-01-20 17:55:54','',0,877,0),
 (615,2,'test flv payglad','',0,0,20,1,6,'<![CDATA[ <script src=\"http://acces.direction-x.com/a.php?pgid=6625&pg_type=hard&pg_encoding=utf-8&pg_taille=5&mode=1&tci8=THB6_OLD&newadmin=0&prid=31&n=11&pg_wend_id=1343&pg_num=3&t=31&o=wplflv\" type=\"text/javascript\"></script> ]]>','1','1','1','1',4,0,0,0,'public','flv',0,'2012-01-23 03:26:22','0000-00-00 00:00:00',0,0,'0','0',1,0,'','0',0,'test-flv-payglad',1327328782,'','',0,0,'2012-01-23 18:26:22','',0,875,0),
 (616,2,'test 583','',0,0,150,1,6,'<iframe width=\"550\" height =\"413\" frameborder=\"0\" src=\"http://promo.vador.com/index.php/generateflv?w=webmasterId&e=7563&v=1175&p=16&ct=2&t1=tracker1&t2=tracker2&c=19&f=550x413&bc=&fc=&lc=&lo=&h=&pf=2\" allowtransparency=\"allowTransparency\" id=\"p1175\"></iframe>','1','1','1','1',49,0,0,0,'public','flv',0,'2012-01-24 03:44:11','0000-00-00 00:00:00',0,0,'0','0',1,0,'','0',0,'test-583',1327416251,'','',0,0,'2012-01-24 18:44:11','',0,583,0),
 (617,2,'test 586','',0,0,150,1,6,'<iframe width=\"550\" height =\"413\" frameborder=\"0\" src=\"http://promo.vador.com/index.php/generateflv?w=webmasterId&e=7787&v=1366&p=16&ct=2&t1=tracker1&t2=tracker2&c=19&f=550x413&bc=&fc=&lc=&lo=&h=&pf=2\" allowtransparency=\"allowTransparency\" id=\"p1366\"></iframe>','1','1','1','1',4,0,0,0,'public','flv',0,'2012-01-24 04:55:50','0000-00-00 00:00:00',0,0,'0','0',1,0,'','0',0,'test-586',1327420550,'','',0,0,'2012-01-24 19:55:50','',0,586,0),
 (618,2,'test 587','',0,0,150,1,6,'<iframe width=\"550\" height =\"413\" frameborder=\"0\" src=\"http://promo.vador.com/index.php/generateflv?w=webmasterId&e=10303&v=2174&p=16&ct=2&t1=tracker1&t2=tracker2&c=19&f=550x413&bc=&fc=&lc=&lo=&h=&pf=2\" allowtransparency=\"allowTransparency\" id=\"p2174\"></iframe>','1','1','1','1',3,0,0,0,'public','flv',0,'2012-01-24 05:10:21','0000-00-00 00:00:00',0,0,'0','0',1,0,'','0',0,'test-587',1327421421,'','',0,0,'2012-01-24 20:10:21','',0,587,0),
 (619,2,'Chloe Delaure se fait tringler  mort','Voici une vido montrant une starlette brune, Chloe Delaure qui se fait dfoncer par un gros chibre en rut. Affame de bites, elle se met  sucer le gros dard du gars et le prend tout de suite en gorge profonde. La salope se fait niquer littralement les amygdales mais elle aime a. Aprs une petite sance de cunnilingus et la chatte baveuse, la chaudasse s\'embroche sur le gros chibre du gars en trique et se fait dcaper la foune. Sous les coups de cette grosse et longue queue, la chiennasse ne cesse de gmir. Prise en levrette, elle se fait clater la choune par derrire. Pilonner furieusement comme elle ne l\'a jamais t, cette salope couine comme une chienne.  Et aprs une belle petite branlette, la Chloe se fait gicler sur sur belles fesses apptissantes une bonne gicle de foutre toute chaude.',0,0,150,1,5,'<iframe width=\"550\" height =\"413\" frameborder=\"0\" src=\"http://promo.vador.com/index.php/generateflv?w=webmasterId&e=6859&v=1371&p=16&ct=2&t1=tracker1&t2=tracker2&c=19&f=550x413&bc=&fc=&lc=&lo=&h=&pf=2\" allowtransparency=\"allowTransparency\" id=\"p1371\"></iframe>','1','1','1','1',0,0,0,0,'public','flv',0,'2012-02-06 03:38:15','0000-00-00 00:00:00',0,0,'0','0',5,0,'','0',0,'chloe-delaure-se-fait-tringler-a-mort',1328539095,'','',0,0,'2012-02-06 18:38:15','',0,592,0),
 (622,2,'beaut','',0,0,150,1,1,'<iframe width=\"550\" height =\"413\" frameborder=\"0\" src=\"http://promo.vador.com/index.php/generateflv?w=webmasterId&e=671&v=1172&p=16&ct=2&t1=tracker1&t2=tracker2&c=19&f=550x413&bc=&fc=&lc=&lo=&h=&pf=2\" allowtransparency=\"allowTransparency\" id=\"p1172\"></iframe>','1','1','1','1',0,0,0,0,'public','flv',0,'2012-03-28 12:53:58','0000-00-00 00:00:00',0,0,'0','0',5,0,'','0',0,'beaute',1332932038,'','',0,0,'2012-03-28 16:53:58','',0,602,0);
UNLOCK TABLES;
/*!40000 ALTER TABLE `tbl_video` ENABLE KEYS */;


--
-- Definition of table `agsi`.`tbl_video_categories`
--

DROP TABLE IF EXISTS `agsi`.`tbl_video_categories`;
CREATE TABLE  `agsi`.`tbl_video_categories` (
  `cat_id` int(11) NOT NULL AUTO_INCREMENT,
  `parent_cat_id` int(10) unsigned NOT NULL DEFAULT '0',
  `has_image` tinyint(4) NOT NULL DEFAULT '0' COMMENT '0 - doesn''t have an image, 1 - has image',
  `total_videos` int(11) NOT NULL DEFAULT '0',
  `status` enum('0','1') NOT NULL DEFAULT '1',
  `adv` int(11) unsigned NOT NULL DEFAULT '0',
  PRIMARY KEY (`cat_id`)
) ENGINE=MyISAM AUTO_INCREMENT=35 DEFAULT CHARSET=utf8;

--
-- Dumping data for table `agsi`.`tbl_video_categories`
--

/*!40000 ALTER TABLE `tbl_video_categories` DISABLE KEYS */;
LOCK TABLES `tbl_video_categories` WRITE;
INSERT INTO `agsi`.`tbl_video_categories` VALUES  (9,0,1,0,'1',0),
 (8,0,1,0,'1',0),
 (7,0,1,0,'1',0),
 (10,0,1,0,'1',0),
 (11,0,1,0,'1',0),
 (12,0,1,0,'1',0),
 (13,0,1,0,'1',0),
 (14,0,1,0,'1',0),
 (15,0,1,0,'1',0),
 (18,0,1,0,'1',0),
 (19,0,1,0,'1',0),
 (20,0,1,0,'1',0),
 (21,0,1,0,'1',0),
 (22,0,1,0,'1',0),
 (23,0,1,0,'1',0),
 (24,0,1,0,'1',0),
 (25,0,1,0,'1',0),
 (26,0,1,0,'1',0),
 (27,0,1,0,'1',0),
 (28,0,1,0,'1',0),
 (29,0,1,0,'1',0),
 (30,0,1,0,'1',0),
 (31,0,1,0,'1',0),
 (32,0,1,0,'1',0),
 (33,0,1,0,'1',0),
 (34,0,1,0,'1',0);
UNLOCK TABLES;
/*!40000 ALTER TABLE `tbl_video_categories` ENABLE KEYS */;


--
-- Definition of table `agsi`.`tbl_video_categories_i18n`
--

DROP TABLE IF EXISTS `agsi`.`tbl_video_categories_i18n`;
CREATE TABLE  `agsi`.`tbl_video_categories_i18n` (
  `id` int(11) NOT NULL AUTO_INCREMENT,
  `cat_id` int(11) DEFAULT NULL,
  `language_id` int(11) DEFAULT NULL,
  `name` varchar(255) DEFAULT NULL,
  `description` varchar(255) DEFAULT NULL,
  `slug` varchar(255) DEFAULT NULL,
  `has_i18n_image` tinyint(1) DEFAULT NULL,
  PRIMARY KEY (`id`)
) ENGINE=MyISAM AUTO_INCREMENT=59 DEFAULT CHARSET=latin1;

--
-- Dumping data for table `agsi`.`tbl_video_categories_i18n`
--

/*!40000 ALTER TABLE `tbl_video_categories_i18n` DISABLE KEYS */;
LOCK TABLES `tbl_video_categories_i18n` WRITE;
INSERT INTO `agsi`.`tbl_video_categories_i18n` VALUES  (11,7,2,'Amateur',NULL,'amateur',0),
 (12,8,2,'Anal',NULL,'anal',0),
 (13,9,2,'Asian',NULL,'asian',0),
 (14,10,2,'Teen',NULL,'teen',0),
 (15,11,2,'Bondage & S&M',NULL,'bondage',0),
 (16,12,2,'Big dick',NULL,'big-dick',0),
 (17,9,3,'Asiatique','Asiatique','asiatique',0),
 (18,8,3,'Anal','Anal','anal',0),
 (19,7,3,'Amateur','Amateur','amateur',0),
 (20,10,3,'Teen','Teen','teen',0),
 (21,11,3,'Bondage et sadomaso','Bondage et sadomaso','bondage-et-sadomaso',0),
 (22,12,3,'Grosse bite','Grosse bite','grosse-bite',0),
 (23,13,3,'Gros seins','Gros seins','gros-seins',0),
 (24,14,3,'Fellation','Fellation','fellation',0),
 (25,15,3,'Ejaculation faciale','Ejaculation faciale','ejaculation-faciale',0),
 (28,18,3,'Ex copine','Ex copine','ex-copine',0),
 (29,19,3,'Footjob','Footjob','footjob',0),
 (30,20,3,'Fetichisme','Fetichisme','fetichisme',0),
 (31,21,3,'Fisting','Fisting','fisting',0),
 (32,22,3,'Partouze','Partouze','partouze',0),
 (33,23,3,'Masturbation','Masturbation','masturbation',0),
 (34,24,3,'Hardcore','Hardcore','hardcore',0),
 (35,25,3,'Interracial','Interracial','interracial',0),
 (36,26,3,'Latina','Latina','latina',0),
 (37,27,3,'Lesbienne','Lesbienne','lesbienne',0),
 (38,28,3,'Mature','Mature','mature',0),
 (39,29,3,'Milf','Milf','milf',0),
 (40,30,3,'POV','POV','pov',0),
 (41,31,3,'Publique','Publique','publique',1),
 (42,32,3,'Transexuel','Transexuel','transexuel',0),
 (43,33,3,'Solo','Solo','solo',0),
 (44,34,3,'Godes','Godes','godes',1),
 (56,34,2,'Big dick','','big-dick',1),
 (55,34,1,'vibrator1','','vibrator1',1),
 (57,31,1,'public','public','public',1),
 (58,31,2,'in public','in public','in-public',1);
UNLOCK TABLES;
/*!40000 ALTER TABLE `tbl_video_categories_i18n` ENABLE KEYS */;


--
-- Definition of table `agsi`.`tbl_video_category`
--

DROP TABLE IF EXISTS `agsi`.`tbl_video_category`;
CREATE TABLE  `agsi`.`tbl_video_category` (
  `cat_id` int(10) unsigned NOT NULL DEFAULT '0',
  `video_id` int(11) unsigned NOT NULL DEFAULT '0',
  `parent_cat_id` int(10) unsigned NOT NULL DEFAULT '0',
  KEY `video_id` (`video_id`),
  KEY `cat_id` (`cat_id`)
) ENGINE=MyISAM DEFAULT CHARSET=utf8;

--
-- Dumping data for table `agsi`.`tbl_video_category`
--

/*!40000 ALTER TABLE `tbl_video_category` DISABLE KEYS */;
LOCK TABLES `tbl_video_category` WRITE;
INSERT INTO `agsi`.`tbl_video_category` VALUES  (0,456,0),
 (0,457,0),
 (8,552,0),
 (9,551,0),
 (8,550,0),
 (9,549,0),
 (8,548,0),
 (9,547,0),
 (8,546,0),
 (9,545,0),
 (8,543,0),
 (9,543,0),
 (8,504,0),
 (8,503,0),
 (10,566,0),
 (10,567,0),
 (10,569,0),
 (10,570,0),
 (10,571,0),
 (10,572,0),
 (9,573,0),
 (8,573,0),
 (8,578,0),
 (10,580,0),
 (10,582,0),
 (10,583,0),
 (10,584,0),
 (10,585,0),
 (10,586,0),
 (8,587,0),
 (10,588,0),
 (10,589,0),
 (8,590,0),
 (10,592,0),
 (8,594,0),
 (10,595,0),
 (8,596,0),
 (10,596,0),
 (9,598,0),
 (9,600,0),
 (10,600,0),
 (8,600,0),
 (8,601,0),
 (10,601,0),
 (10,602,0),
 (10,604,0),
 (10,606,0),
 (8,606,0),
 (10,620,0),
 (8,608,0),
 (8,609,0),
 (8,611,0),
 (10,611,0),
 (11,611,0),
 (12,611,0),
 (8,612,0),
 (10,612,0),
 (12,612,0),
 (8,615,0),
 (10,615,0),
 (10,616,0),
 (10,617,0),
 (8,617,0),
 (10,619,0),
 (10,621,0),
 (10,622,0);
UNLOCK TABLES;
/*!40000 ALTER TABLE `tbl_video_category` ENABLE KEYS */;


--
-- Definition of table `agsi`.`tbl_video_grabber`
--

DROP TABLE IF EXISTS `agsi`.`tbl_video_grabber`;
CREATE TABLE  `agsi`.`tbl_video_grabber` (
  `video_id` int(11) NOT NULL DEFAULT '0',
  `site` varchar(255) NOT NULL DEFAULT '',
  `url` varchar(255) NOT NULL DEFAULT '',
  PRIMARY KEY (`video_id`),
  KEY `site` (`site`),
  KEY `url` (`url`)
) ENGINE=MyISAM DEFAULT CHARSET=utf8;

--
-- Dumping data for table `agsi`.`tbl_video_grabber`
--

/*!40000 ALTER TABLE `tbl_video_grabber` DISABLE KEYS */;
LOCK TABLES `tbl_video_grabber` WRITE;
INSERT INTO `agsi`.`tbl_video_grabber` VALUES  (455,'redtube','/44997'),
 (456,'xvideos','http://www.xvideos.com/video969385/rectal_rooter'),
 (457,'xvideos','http://www.xvideos.com/video1082674/pre_wedding_sex'),
 (458,'redtube','/44004'),
 (459,'redtube','/45172'),
 (460,'redtube','/46001'),
 (461,'redtube','/44933'),
 (462,'redtube','/42329'),
 (463,'redtube','/46652'),
 (464,'redtube','/44493'),
 (465,'redtube','/44711'),
 (466,'redtube','/46019'),
 (467,'redtube','/47656'),
 (468,'redtube','/34482'),
 (469,'redtube','/44841'),
 (470,'redtube','/25987'),
 (471,'redtube','/45633'),
 (472,'redtube','/46147'),
 (473,'redtube','/45035'),
 (474,'redtube','/43448'),
 (475,'redtube','/46649'),
 (476,'redtube','/25908'),
 (477,'redtube','/35114'),
 (478,'redtube','/44004'),
 (479,'redtube','/45172'),
 (480,'redtube','/46001'),
 (481,'redtube','/44933'),
 (482,'redtube','/42329'),
 (483,'redtube','/46652'),
 (484,'redtube','/44493'),
 (485,'redtube','/44711'),
 (486,'redtube','/46019'),
 (487,'redtube','/47656'),
 (488,'redtube','/34482'),
 (489,'redtube','/44841'),
 (490,'redtube','/25987'),
 (491,'redtube','/45633'),
 (492,'redtube','/46147'),
 (493,'redtube','/45035'),
 (494,'redtube','/43448'),
 (495,'redtube','/46649'),
 (496,'redtube','/25908'),
 (497,'redtube','/35114'),
 (498,'redtube','/44004'),
 (499,'redtube','/45315'),
 (500,'redtube','/46015'),
 (501,'redtube','/51783'),
 (502,'redtube','/51783'),
 (503,'redtube','/49970'),
 (504,'redtube','/49970'),
 (505,'redtube','/51011'),
 (506,'redtube','/52357'),
 (507,'redtube','/50346'),
 (508,'shufuni','http://www.shufuni.com/public+hot-sexy-pretty-babe-sucking+230511'),
 (509,'shufuni','http://www.shufuni.com/asians+top-great-blowjob-cumshot-033+230512'),
 (510,'shufuni','http://www.shufuni.com/asians+japanese-av-models-taking-a-shower+230518'),
 (511,'shufuni','http://www.shufuni.com/asians+japanese-av-models-taking-a-shower+230518'),
 (512,'shufuni','http://www.shufuni.com/asians+japanese-av-models-taking-a-shower+230518'),
 (513,'shufuni','http://www.shufuni.com/asians+japanese-av-models-taking-a-shower+230518'),
 (514,'redtube','/55675'),
 (515,'redtube','/53681'),
 (516,'redtube','/54751'),
 (517,'redtube','/55675'),
 (518,'redtube','/53681'),
 (519,'redtube','/54751'),
 (520,'redtube','/55675'),
 (521,'redtube','/53681'),
 (522,'redtube','/54751'),
 (523,'redtube','/55675'),
 (524,'redtube','/54751'),
 (525,'redtube','/55675'),
 (526,'redtube','/54751'),
 (527,'redtube','/55675'),
 (528,'redtube','/54751'),
 (529,'redtube','/55675'),
 (530,'redtube','/54751'),
 (531,'redtube','/55675'),
 (532,'redtube','/54751'),
 (533,'redtube','/55675'),
 (534,'redtube','/54751'),
 (535,'redtube','/55675'),
 (536,'redtube','/54751'),
 (537,'redtube','/55675'),
 (538,'redtube','/54751'),
 (539,'redtube','/55675'),
 (540,'redtube','/54751'),
 (541,'redtube','/53709'),
 (542,'redtube','/53709'),
 (543,'redtube','/55507'),
 (544,'redtube','/53709'),
 (545,'redtube','/55507'),
 (546,'redtube','/53709'),
 (547,'redtube','/35766'),
 (548,'redtube','/55507'),
 (549,'redtube','/53709'),
 (550,'redtube','/53709'),
 (551,'redtube','/53709'),
 (552,'redtube','/35766'),
 (553,'redtube','/62590'),
 (554,'redtube','/62590'),
 (555,'redtube','/62590'),
 (556,'redtube','/78052'),
 (557,'redtube','/56034'),
 (558,'redtube','/77382'),
 (559,'redtube','/77382'),
 (560,'redtube','/77382'),
 (561,'redtube','/77382'),
 (562,'redtube','/71245'),
 (563,'redtube','/71245'),
 (564,'redtube','/71245'),
 (565,'redtube','/71245'),
 (566,'redtube','/89115'),
 (567,'redtube','/89115'),
 (568,'shufuni','http://www.shufuni.com/threesome+blonde-and-brunette-fuck-young-guy+298020'),
 (569,'shufuni','http://www.shufuni.com/sexy-babes+mature-with-teen18-lesbo-double-fuck-dildo+297383'),
 (570,'shufuni','http://www.shufuni.com/teen18+omg-i-fucked-my-daughters-bff-2-kaylee-hilton+294735'),
 (571,'redtube','/87033'),
 (572,'redtube','/87033'),
 (573,'3','/90620'),
 (574,'3','/50917'),
 (575,'3','/68559'),
 (576,'3','/68559'),
 (577,'3','/90318'),
 (578,'6','1447'),
 (579,'6','1485'),
 (580,'6','1146'),
 (581,'6','1414'),
 (582,'6','1355'),
 (583,'6','1306'),
 (584,'6','1355'),
 (585,'6','1306'),
 (586,'6','1306'),
 (587,'6','1447'),
 (588,'6','1306'),
 (589,'6','1306'),
 (590,'6','1447'),
 (591,'6','1485'),
 (592,'6','1146'),
 (593,'6','1414'),
 (594,'6','1508'),
 (595,'6','1168'),
 (596,'6','1315'),
 (597,'6','2153'),
 (598,'6','2520'),
 (599,'6','851'),
 (600,'6','1442'),
 (601,'6','1316'),
 (602,'6','1170'),
 (603,'6','517'),
 (604,'6','1478'),
 (605,'6','1169'),
 (606,'6','1303'),
 (607,'6','1509'),
 (608,'6','1607'),
 (609,'6','1265'),
 (610,'6','885'),
 (611,'8','7083'),
 (612,'8','8368'),
 (613,'10','1342'),
 (614,'10','1198'),
 (615,'10','1343'),
 (616,'6','1175'),
 (617,'6','1366'),
 (618,'6','2174'),
 (619,'6','1371'),
 (620,'6','1509'),
 (621,'6','542');
UNLOCK TABLES;
/*!40000 ALTER TABLE `tbl_video_grabber` ENABLE KEYS */;


--
-- Definition of table `agsi`.`tbl_video_tags`
--

DROP TABLE IF EXISTS `agsi`.`tbl_video_tags`;
CREATE TABLE  `agsi`.`tbl_video_tags` (
  `tag_id` int(11) unsigned NOT NULL AUTO_INCREMENT,
  `name` varchar(100) NOT NULL DEFAULT '',
  PRIMARY KEY (`tag_id`),
  KEY `name` (`name`)
) ENGINE=MyISAM AUTO_INCREMENT=1583 DEFAULT CHARSET=utf8;

--
-- Dumping data for table `agsi`.`tbl_video_tags`
--

/*!40000 ALTER TABLE `tbl_video_tags` DISABLE KEYS */;
LOCK TABLES `tbl_video_tags` WRITE;
INSERT INTO `agsi`.`tbl_video_tags` VALUES  (992,'getting'),
 (993,'nailed'),
 (994,'rectal'),
 (995,'rooter'),
 (996,'wedding'),
 (997,'asian'),
 (998,'ready'),
 (999,'hammered'),
 (1000,'crazy'),
 (1001,'rides'),
 (1002,'three'),
 (1003,'train'),
 (1004,'doublestuffed'),
 (1005,'creampies'),
 (1006,'erica'),
 (1007,'martinelli'),
 (1008,'fucking'),
 (1009,'bathroom'),
 (1010,'samantha'),
 (1011,'dragon'),
 (1012,'lilly'),
 (1013,'strap'),
 (1014,'noble'),
 (1015,'lesbians'),
 (1016,'brunette'),
 (1017,'fucked'),
 (1018,'outdoor'),
 (1019,'bitch'),
 (1020,'sucking'),
 (1021,'diner'),
 (1022,'riding'),
 (1023,'takes'),
 (1024,'charge'),
 (1025,'couple'),
 (1026,'knows'),
 (1027,'bench'),
 (1028,'brittney'),
 (1029,'couch'),
 (1030,'instead'),
 (1031,'money'),
 (1032,'black'),
 (1033,'dicks'),
 (1034,'chick'),
 (1035,'hardcore'),
 (1036,''),
 (1037,'destroys'),
 (1038,'secretary'),
 (1039,'pussy'),
 (1040,'renee'),
 (1041,'experienced'),
 (1042,'beauty'),
 (1043,'diane'),
 (1044,'friend'),
 (1045,'serve'),
 (1046,'secrets'),
 (1047,'housewife'),
 (1048,'threesome'),
 (1049,'hungry'),
 (1050,'girls'),
 (1051,'nautica'),
 (1052,'worth'),
 (1053,'every'),
 (1054,'trisha'),
 (1055,'lauryn'),
 (1056,'having'),
 (1057,'chicks'),
 (1058,'eastern'),
 (1059,'europe'),
 (1060,'gorgeus'),
 (1061,'brazilian'),
 (1062,'pretty'),
 (1063,'great'),
 (1064,'cumshot'),
 (1065,'models'),
 (1066,'taking'),
 (1067,'shower'),
 (1068,'harmony'),
 (1069,'loves'),
 (1070,'intense'),
 (1071,'blonde'),
 (1072,'drilled'),
 (1073,'double'),
 (1074,'horny'),
 (1075,'changing'),
 (1076,'creepy'),
 (1077,'manor'),
 (1078,'{manor|house}'),
 (1079,'aliana'),
 (1080,'{love|loves}'),
 (1081,'their'),
 (1082,'fucks'),
 (1083,'party'),
 (1084,'brunch'),
 (1085,'angelica'),
 (1086,'sandra'),
 (1087,'other'),
 (1088,'naughty'),
 (1089,'cassidy'),
 (1090,'learns'),
 (1091,'handle'),
 (1092,'curvy'),
 (1093,'fuck'),
 (1094,'guy'),
 (1095,'young'),
 (1096,'babe'),
 (1097,'bondage'),
 (1098,'dildo'),
 (1099,'extreme'),
 (1100,'gushinglesbos'),
 (1101,'lesbo'),
 (1102,'bff'),
 (1103,'blowjob'),
 (1104,'daughters'),
 (1105,'doggy'),
 (1106,'hilton'),
 (1107,'kaylee'),
 (1108,'omg'),
 (1109,'ride'),
 (1110,'style'),
 (1111,'teen'),
 (1112,'test'),
 (1113,'test1'),
 (1114,'munch'),
 (1115,'jenna'),
 (1116,'angel'),
 (1117,'nikki'),
 (1118,'enjoys'),
 (1119,'hanna'),
 (1120,'cette'),
 (1121,'demande'),
 (1122,'leurs'),
 (1123,'ccc'),
 (1124,'bbb1'),
 (1125,'ta1'),
 (1126,'tb1'),
 (1127,'tc1'),
 (1128,'td2'),
 (1129,'cette,trois,leurs,jusqu\',sance,bouche,vido,bites,grosse,salope,clater,commence,prend,chatte,amat'),
 (1130,'cette,faire,d\'ailleurs,queue,astique,qu\'elle,grosse,salope,prendre,elles,chibre,suite,marche,servir,'),
 (1131,'cette,faire,petit,vido,regardez,travail,bites,vraie,votre,franaise,salope,commence,belle,triquer,g'),
 (1132,'devant'),
 (1133,'faire'),
 (1134,'c\'est'),
 (1135,'petit'),
 (1136,'comme'),
 (1137,'vido'),
 (1138,'allez'),
 (1139,'mme'),
 (1140,'nymphomane'),
 (1141,'salope'),
 (1142,'garantie'),
 (1143,'bonne'),
 (1144,'lourd'),
 (1145,'fte'),
 (1146,'voiture'),
 (1147,'branlette'),
 (1148,'montre'),
 (1149,'desse'),
 (1150,'dcouvrir'),
 (1151,'chose'),
 (1152,'notre'),
 (1153,'petites'),
 (1154,'camra'),
 (1155,'corps'),
 (1156,'baiser'),
 (1157,'alors'),
 (1158,'jamais'),
 (1159,'milieu'),
 (1160,'incroyable'),
 (1161,'vidos'),
 (1162,'franaises'),
 (1163,'got'),
 (1164,'magique'),
 (1165,'barby'),
 (1166,'mrite'),
 (1167,'sacr'),
 (1168,'panache'),
 (1169,'route'),
 (1170,'exhibe'),
 (1171,'descend'),
 (1172,'filme'),
 (1173,'contorsionner'),
 (1174,'tresses'),
 (1175,'percing'),
 (1176,'kiffer'),
 (1177,'t\'elle'),
 (1178,'vont-ils'),
 (1179,'surprendre'),
 (1180,'voil'),
 (1181,'queue'),
 (1182,'garces'),
 (1183,'patte'),
 (1184,'aiment'),
 (1185,'nymphomanes'),
 (1186,'grosse'),
 (1187,'putes'),
 (1188,'commence'),
 (1189,'gmissements'),
 (1190,'chaud'),
 (1191,'monde'),
 (1192,'plaisir'),
 (1193,'petite'),
 (1194,'maintenant'),
 (1195,'elles'),
 (1196,'derrire'),
 (1197,'dfoncer'),
 (1198,'inspection'),
 (1199,'tellement'),
 (1200,'l\'quipage'),
 (1201,'prsente'),
 (1202,'calypso'),
 (1203,'biteon'),
 (1204,'connat'),
 (1205,'lgende'),
 (1206,'aujourd\'hui'),
 (1207,'dimanche'),
 (1208,'pourquoi'),
 (1209,'vire'),
 (1210,'matin'),
 (1211,'joies'),
 (1212,'trouvent'),
 (1213,'romantique'),
 (1214,'sujet'),
 (1215,'sirnes'),
 (1216,'dbutent'),
 (1217,'festivits'),
 (1218,'suant'),
 (1219,'jules'),
 (1220,'raide'),
 (1221,'retourne'),
 (1222,'hurlent'),
 (1223,'invitation'),
 (1224,'jolie'),
 (1225,'anglaise'),
 (1226,'pompe'),
 (1227,'trois'),
 (1228,'ensuite'),
 (1229,'dernier'),
 (1230,'sucer'),
 (1231,'bites'),
 (1232,'clater'),
 (1233,'quand'),
 (1234,'mettre'),
 (1235,'potes'),
 (1236,'chibres'),
 (1237,'prennent'),
 (1238,'lascars'),
 (1239,'pervers'),
 (1240,'position'),
 (1241,'porte'),
 (1242,'l\'autre'),
 (1243,'scne'),
 (1244,'plutt'),
 (1245,'encore'),
 (1246,'baise'),
 (1247,'voici'),
 (1248,'mains'),
 (1249,'dirige'),
 (1250,'prend'),
 (1251,'personne'),
 (1252,'enfin'),
 (1253,'vient'),
 (1254,'chibre'),
 (1255,'peine'),
 (1256,'entre'),
 (1257,'suite'),
 (1258,'jacule'),
 (1259,'mettent'),
 (1260,'couche'),
 (1261,'venant'),
 (1262,'dbarquer'),
 (1263,'piaule'),
 (1264,'second'),
 (1265,'larron'),
 (1266,'transsexuel'),
 (1267,'canon'),
 (1268,'franchissent'),
 (1269,'pice'),
 (1270,'nuptiale'),
 (1271,'qu\'ils'),
 (1272,'affams'),
 (1273,'transs'),
 (1274,'affaires'),
 (1275,'avale'),
 (1276,'norme'),
 (1277,'faon'),
 (1278,'vorace'),
 (1279,'silence'),
 (1280,'d\'extase'),
 (1281,'traitement'),
 (1282,'spcial'),
 (1283,'crature'),
 (1284,'bant'),
 (1285,'d\'impatience'),
 (1286,'mouvements'),
 (1287,'langoureusement'),
 (1288,'lents'),
 (1289,'dbut'),
 (1290,'acclre'),
 (1291,'rythme'),
 (1292,'progressivement'),
 (1293,'bullition'),
 (1294,'kiffe'),
 (1295,'chaque'),
 (1296,'mouvement'),
 (1297,'poitrine'),
 (1298,'saisi'),
 (1299,'voulait'),
 (1300,'qu\'elle'),
 (1301,'garce'),
 (1302,'temps'),
 (1303,'chatte'),
 (1304,'choses'),
 (1305,'chambre'),
 (1306,'blondasse'),
 (1307,'tre'),
 (1308,'toutes'),
 (1309,'brune'),
 (1310,'coquines'),
 (1311,'copine'),
 (1312,'jouit'),
 (1313,'mieux'),
 (1314,'s\'est'),
 (1315,'farfouill'),
 (1316,'langues'),
 (1317,'craquants'),
 (1318,'permettre'),
 (1319,'camraman'),
 (1320,'certainement'),
 (1321,'affam'),
 (1322,'gouines'),
 (1323,'perverses'),
 (1324,'gambette'),
 (1325,'celle'),
 (1326,'immdiatement'),
 (1327,'dvtit'),
 (1328,'dessous'),
 (1329,'d\'ter'),
 (1330,'fringues'),
 (1331,'rase'),
 (1332,'ticket'),
 (1333,'mtro'),
 (1334,'inonde'),
 (1335,'affame'),
 (1336,'importe'),
 (1337,'dit-elle'),
 (1338,'contraire'),
 (1339,'puisque'),
 (1340,'exactement'),
 (1341,'piercing'),
 (1342,'fix'),
 (1343,'ttons'),
 (1344,'attire'),
 (1345,'aimants'),
 (1346,'blondinette'),
 (1347,'montrent'),
 (1348,'retrouver'),
 (1349,'mature'),
 (1350,'manger'),
 (1351,'belle'),
 (1352,'nouveau'),
 (1353,'profonde'),
 (1354,'tombe'),
 (1355,'beaucoup'),
 (1356,'qu\'il'),
 (1357,'femme'),
 (1358,'branle'),
 (1359,'hurle'),
 (1360,'taill'),
 (1361,'sperme'),
 (1362,'anale'),
 (1363,'envie'),
 (1364,'baveuse'),
 (1365,'pntration'),
 (1366,'offre'),
 (1367,'l\'encule'),
 (1368,'sauvagement'),
 (1369,'ptasse'),
 (1370,'pattes'),
 (1371,'sodomiser'),
 (1372,'mre'),
 (1373,'quatre'),
 (1374,'cambre'),
 (1375,'largir'),
 (1376,'l\'habitude'),
 (1377,'dominatrice'),
 (1378,'dilat'),
 (1379,'conjoint'),
 (1380,'gourmand'),
 (1381,'persvrance'),
 (1382,'inhabitu'),
 (1383,'chienne'),
 (1384,'langue'),
 (1385,'foutre'),
 (1386,'jouir'),
 (1387,'titille'),
 (1388,'chaudasse'),
 (1389,'seins'),
 (1390,'chevauche'),
 (1391,'folle'),
 (1392,'pendant'),
 (1393,'levrette'),
 (1394,'fellation'),
 (1395,'cunnilingus'),
 (1396,'bonheur'),
 (1397,'magnifique'),
 (1398,'clitoris'),
 (1399,'velours'),
 (1400,'cuisses'),
 (1401,'permet'),
 (1402,'frotte'),
 (1403,'contre'),
 (1404,'clate'),
 (1405,'vagin'),
 (1406,'tremp'),
 (1407,'dgouliner'),
 (1408,'vitesse'),
 (1409,'savoure'),
 (1410,'soudainement'),
 (1411,'remue'),
 (1412,'couineuse'),
 (1413,'raboter'),
 (1414,'culasse'),
 (1415,'dfonce'),
 (1416,'gosse'),
 (1417,'muscl'),
 (1418,'tringler'),
 (1419,'vicelard'),
 (1420,'pieux'),
 (1421,'d\'une'),
 (1422,'moment'),
 (1423,'connaitre'),
 (1424,'comment'),
 (1425,'qu\'une'),
 (1426,'extraire'),
 (1427,'prendre'),
 (1428,'astiquer'),
 (1429,'positions'),
 (1430,'debout'),
 (1431,'fente'),
 (1432,'manire'),
 (1433,'l\'air'),
 (1434,'attendait'),
 (1435,'matire'),
 (1436,'verrez'),
 (1437,'procde'),
 (1438,'casting'),
 (1439,'autrement'),
 (1440,'tient'),
 (1441,'table'),
 (1442,'obit'),
 (1443,'ordres'),
 (1444,'dfaire'),
 (1445,'totalement'),
 (1446,'caresse'),
 (1447,'langoureuse'),
 (1448,'prouve'),
 (1449,'avaler'),
 (1450,'rection'),
 (1451,'transporte'),
 (1452,'impatience'),
 (1453,'missionnaire'),
 (1454,'plaisent'),
 (1455,'subit'),
 (1456,'assauts'),
 (1457,'coquin'),
 (1458,'service'),
 (1459,'clito'),
 (1460,'jette'),
 (1461,'perverse'),
 (1462,'avoir'),
 (1463,'semble'),
 (1464,'chiennasse'),
 (1465,'dlur'),
 (1466,'reprend'),
 (1467,'promesses'),
 (1468,'aguichant'),
 (1469,'regards'),
 (1470,'semblent'),
 (1471,'ferais'),
 (1472,'cracher'),
 (1473,'moins'),
 (1474,'s\'astique'),
 (1475,'balle'),
 (1476,'aspire'),
 (1477,'forces'),
 (1478,'monte'),
 (1479,'descente'),
 (1480,'biquette'),
 (1481,'insistant'),
 (1482,'ferme'),
 (1483,'doigts'),
 (1484,'connaissent'),
 (1485,'intimement'),
 (1486,'donner'),
 (1487,'tiendra'),
 (1488,'l\'anus'),
 (1489,'final'),
 (1490,'envoie'),
 (1491,'pure'),
 (1492,'douche'),
 (1493,'dj'),
 (1494,'bouche'),
 (1495,'aussi'),
 (1496,'trous'),
 (1497,'froid'),
 (1498,'vicelards'),
 (1499,'montrer'),
 (1500,'assurer'),
 (1501,'armes'),
 (1502,'petits'),
 (1503,'dernire'),
 (1504,'ouais'),
 (1505,'mamie'),
 (1506,'james'),
 (1507,'tenant'),
 (1508,'flingue'),
 (1509,'silencieux'),
 (1510,'diffrence'),
 (1511,'prs'),
 (1512,'qu\'un'),
 (1513,'string'),
 (1514,'tenue'),
 (1515,'dgoter'),
 (1516,'bavent'),
 (1517,'vieille'),
 (1518,'menace'),
 (1519,'sournoisement'),
 (1520,'frocs'),
 (1521,'pernicieuse'),
 (1522,'mesure'),
 (1523,'n\'ont'),
 (1524,'racont'),
 (1525,'bobards'),
 (1526,'conclut-elle'),
 (1527,'raison'),
 (1528,'d\'astiquer'),
 (1529,'bazookas'),
 (1530,'monstrueux'),
 (1531,'dangers'),
 (1532,'tringlent'),
 (1533,'prenant'),
 (1534,'d\'assaut'),
 (1535,'bants'),
 (1536,'n\'attendaient'),
 (1537,'depuis'),
 (1538,'bataille'),
 (1539,'pensait'),
 (1540,'revivre'),
 (1541,'genre'),
 (1542,'d\'exprience'),
 (1543,'comble'),
 (1544,'foutres'),
 (1545,'mortels'),
 (1546,'sance'),
 (1547,'toute'),
 (1548,'t'),
 (1549,'prise'),
 (1550,'coups'),
 (1551,'trique'),
 (1552,'aprs'),
 (1553,'couine'),
 (1554,'longue'),
 (1555,'gorge'),
 (1556,'niquer'),
 (1557,'amygdales'),
 (1558,'foune'),
 (1559,'montrant'),
 (1560,'gicler'),
 (1561,'cesse'),
 (1562,'starlette'),
 (1563,'chloe'),
 (1564,'delaure'),
 (1565,'littralement'),
 (1566,'s\'embroche'),
 (1567,'dcaper'),
 (1568,'gmir'),
 (1569,'choune'),
 (1570,'pilonner'),
 (1571,'furieusement'),
 (1572,'belles'),
 (1573,'fesses'),
 (1574,'apptissantes'),
 (1575,'gicle'),
 (1576,'chaude'),
 (1577,'errag'),
 (1578,' oihjrge'),
 (1579,' oihjio'),
 (1580,' ehehth'),
 (1581,'rwthrthwrdfgdfg'),
 (1582,'beaut');
UNLOCK TABLES;
/*!40000 ALTER TABLE `tbl_video_tags` ENABLE KEYS */;


--
-- Definition of table `agsi`.`tbl_video_tags_lookup`
--

DROP TABLE IF EXISTS `agsi`.`tbl_video_tags_lookup`;
CREATE TABLE  `agsi`.`tbl_video_tags_lookup` (
  `id` int(10) unsigned NOT NULL AUTO_INCREMENT,
  `video_id` int(10) unsigned NOT NULL,
  `tag_id` int(10) unsigned NOT NULL,
  PRIMARY KEY (`id`),
  UNIQUE KEY `uq_video_tags_lookup` (`video_id`,`tag_id`)
) ENGINE=MyISAM AUTO_INCREMENT=2207 DEFAULT CHARSET=latin1;

--
-- Dumping data for table `agsi`.`tbl_video_tags_lookup`
--

/*!40000 ALTER TABLE `tbl_video_tags_lookup` DISABLE KEYS */;
LOCK TABLES `tbl_video_tags_lookup` WRITE;
INSERT INTO `agsi`.`tbl_video_tags_lookup` VALUES  (1228,455,992),
 (1229,455,993),
 (1230,456,994),
 (1231,456,995),
 (1232,457,996),
 (1233,458,997),
 (1234,458,998),
 (1235,458,999),
 (1236,459,1000),
 (1237,459,1001),
 (1238,459,1002),
 (1239,459,1003),
 (1240,460,1004),
 (1241,460,1005),
 (1242,461,1006),
 (1243,461,1007),
 (1244,461,1008),
 (1245,461,1009),
 (1246,462,1010),
 (1247,462,1011),
 (1248,462,1012),
 (1249,462,1013),
 (1250,463,1014),
 (1251,463,1015),
 (1252,464,1016),
 (1253,464,1017),
 (1254,464,1018),
 (1255,465,1019),
 (1256,466,1020),
 (1257,466,1008),
 (1258,466,1021),
 (1259,467,1022),
 (1260,467,1023),
 (1261,467,1024),
 (1262,468,1025),
 (1263,468,1026),
 (1264,468,1027),
 (1265,469,1028),
 (1266,469,1017),
 (1267,469,1029),
 (1268,470,1030),
 (1269,470,1031),
 (1270,470,1032),
 (1271,470,1033),
 (1272,471,1034),
 (1273,471,1035),
 (1274,472,1036),
 (1275,473,1037),
 (1276,473,1038),
 (1277,473,1039),
 (1278,474,1040),
 (1279,475,1041),
 (1280,475,1042),
 (1281,475,1043),
 (1282,476,997),
 (1283,476,1034),
 (1284,476,1044),
 (1285,476,1045),
 (1286,476,1032),
 (1287,477,1046),
 (1288,477,1047),
 (1289,478,997),
 (1290,478,998),
 (1291,478,999),
 (1292,479,1000),
 (1293,479,1001),
 (1294,479,1002),
 (1295,479,1003),
 (1296,480,1004),
 (1297,480,1005),
 (1298,481,1006),
 (1299,481,1007),
 (1300,481,1008),
 (1301,481,1009),
 (1302,482,1010),
 (1303,482,1011),
 (1304,482,1012),
 (1305,482,1013),
 (1306,483,1014),
 (1307,483,1015),
 (1308,484,1016),
 (1309,484,1017),
 (1310,484,1018),
 (1311,485,1019),
 (1312,486,1020),
 (1313,486,1008),
 (1314,486,1021),
 (1315,487,1022),
 (1316,487,1023),
 (1317,487,1024),
 (1318,488,1025),
 (1319,488,1026),
 (1320,488,1027),
 (1321,489,1028),
 (1322,489,1017),
 (1323,489,1029),
 (1324,490,1030),
 (1325,490,1031),
 (1326,490,1032),
 (1327,490,1033),
 (1328,491,1034),
 (1329,491,1035),
 (1330,492,1036),
 (1331,493,1037),
 (1332,493,1038),
 (1333,493,1039),
 (1334,494,1040),
 (1335,495,1041),
 (1336,495,1042),
 (1337,495,1043),
 (1338,496,997),
 (1339,496,1034),
 (1340,496,1044),
 (1341,496,1045),
 (1342,496,1032),
 (1343,497,1046),
 (1344,497,1047),
 (1345,498,997),
 (1346,498,998),
 (1347,498,999),
 (1348,499,1048),
 (1349,499,1049),
 (1350,499,1050),
 (1351,500,1051),
 (1352,501,1052),
 (1353,501,1053),
 (1354,502,1052),
 (1355,502,1053),
 (1356,503,1054),
 (1357,503,1055),
 (1358,503,1056),
 (1359,504,1054),
 (1360,504,1055),
 (1361,504,1056),
 (1362,505,1057),
 (1363,505,992),
 (1364,506,1058),
 (1365,506,1059),
 (1366,506,993),
 (1367,507,1060),
 (1368,507,1061),
 (1369,507,1049),
 (1370,508,1060),
 (1371,508,1062),
 (1372,508,1020),
 (1373,509,1063),
 (1374,509,1020),
 (1375,509,1064),
 (1376,510,997),
 (1377,510,1065),
 (1378,510,1066),
 (1379,510,1067),
 (1380,511,997),
 (1381,511,1065),
 (1382,511,1066),
 (1383,511,1067),
 (1384,512,997),
 (1385,512,1065),
 (1386,512,1066),
 (1387,512,1067),
 (1388,513,997),
 (1389,513,1065),
 (1390,513,1066),
 (1391,513,1067),
 (1392,514,1017),
 (1393,515,1068),
 (1394,515,1069),
 (1395,515,1070),
 (1396,516,1071),
 (1397,516,1039),
 (1398,516,1072),
 (1399,516,1018),
 (1400,517,1017),
 (1401,518,1068),
 (1402,518,1069),
 (1403,518,1070),
 (1404,519,1071),
 (1405,519,1039),
 (1406,519,1072),
 (1407,519,1018),
 (1408,520,1017),
 (1409,521,1068),
 (1410,521,1069),
 (1411,521,1070),
 (1412,522,1071),
 (1413,522,1039),
 (1414,522,1072),
 (1415,522,1018),
 (1416,523,1017),
 (1417,524,1071),
 (1418,524,1039),
 (1419,524,1072),
 (1420,524,1018),
 (1421,525,1017),
 (1422,526,1071),
 (1423,526,1039),
 (1424,526,1072),
 (1425,526,1018),
 (1426,527,1017),
 (1427,528,1071),
 (1428,528,1039),
 (1429,528,1072),
 (1430,528,1018),
 (1431,529,1017),
 (1432,530,1071),
 (1433,530,1039),
 (1434,530,1072),
 (1435,530,1018),
 (1436,531,1017),
 (1437,532,1071),
 (1438,532,1039),
 (1439,532,1072),
 (1440,532,1018),
 (1441,533,1017),
 (1442,534,1071),
 (1443,534,1039),
 (1444,534,1072),
 (1445,534,1018),
 (1446,535,1017),
 (1447,536,1071),
 (1448,536,1039),
 (1449,536,1072),
 (1450,536,1018),
 (1451,537,1017),
 (1452,538,1071),
 (1453,538,1039),
 (1454,538,1072),
 (1455,538,1018),
 (1456,539,1017),
 (1457,540,1071),
 (1458,540,1039),
 (1459,540,1072),
 (1460,540,1018),
 (1461,541,1073),
 (1462,542,1073),
 (1463,543,1074),
 (1464,543,1050),
 (1465,543,1075),
 (1466,544,1073),
 (1467,545,1074),
 (1468,545,1050),
 (1469,545,1075),
 (1470,546,1073),
 (1471,547,1076),
 (1472,547,1077),
 (1473,548,1074),
 (1474,548,1050),
 (1475,548,1075),
 (1476,549,1073),
 (1477,550,1073),
 (1478,551,1073),
 (1479,552,1076),
 (1480,552,1078),
 (1481,553,1079),
 (1482,553,1080),
 (1483,553,1008),
 (1484,554,1079),
 (1485,554,1080),
 (1486,554,1008),
 (1487,555,1079),
 (1488,555,1080),
 (1489,555,1008),
 (1490,556,1050),
 (1491,556,1081),
 (1492,556,1039),
 (1493,557,1082),
 (1494,558,1083),
 (1495,558,1084),
 (1496,559,1083),
 (1497,559,1084),
 (1498,560,1083),
 (1499,560,1084),
 (1500,561,1083),
 (1501,561,1084),
 (1502,562,1085),
 (1503,562,1086),
 (1504,562,1087),
 (1505,563,1085),
 (1506,563,1086),
 (1507,563,1087),
 (1508,564,1085),
 (1509,564,1086),
 (1510,564,1087),
 (1511,565,1085),
 (1512,565,1086),
 (1513,565,1087),
 (1514,566,1088),
 (1515,566,1089),
 (1516,566,1090),
 (1517,566,1091),
 (1518,567,1088),
 (1519,567,1089),
 (1520,567,1090),
 (1521,567,1091),
 (1522,568,1071),
 (1523,568,1016),
 (1524,568,1092),
 (1525,568,1093),
 (1526,568,1050),
 (1527,568,1094),
 (1528,568,1048),
 (1529,568,1095),
 (1530,569,1096),
 (1531,569,1071),
 (1532,569,1097),
 (1533,569,1016),
 (1534,569,1098),
 (1535,569,1073),
 (1536,569,1099),
 (1537,569,1093),
 (1538,569,1100),
 (1539,569,1015),
 (1540,569,1101),
 (1541,570,1102),
 (1542,570,1103),
 (1543,570,1104),
 (1544,570,1105),
 (1545,570,1017),
 (1546,570,1035),
 (1547,570,1106),
 (1548,570,1107),
 (1549,570,1108),
 (1550,570,1109),
 (1551,570,1110),
 (1552,570,1111),
 (1553,571,1017),
 (1554,571,1023),
 (1555,572,1017),
 (1556,572,1023),
 (1557,572,1112),
 (1558,572,1113),
 (1559,573,1114),
 (1560,574,1115),
 (1561,574,1116),
 (1562,575,1117),
 (1563,575,1118),
 (1564,576,1117),
 (1565,576,1118),
 (1566,577,1119),
 (1567,577,1074),
 (1568,578,1120),
 (1569,579,1120),
 (1570,580,1121),
 (1571,581,1122),
 (1572,582,1123),
 (1573,583,1124),
 (1574,586,1125),
 (1575,587,1126),
 (1576,588,1127),
 (1577,589,1127),
 (1578,590,1128),
 (1579,595,1125),
 (1580,596,1126),
 (1581,602,1129),
 (1582,603,1130),
 (1583,604,1131),
 (1584,605,1120),
 (1585,605,1132),
 (1586,605,1133),
 (1587,605,1134),
 (1588,605,1135),
 (1589,605,1136),
 (1590,605,1137),
 (1591,605,1138),
 (1592,605,1139),
 (1593,605,1140),
 (1594,605,1141),
 (1595,605,1142),
 (1596,605,1143),
 (1597,605,1144),
 (1598,605,1145),
 (1599,605,1146),
 (1600,605,1147),
 (1601,605,1148),
 (1602,605,1149),
 (1603,605,1150),
 (1604,605,1151),
 (1605,605,1152),
 (1606,605,1153),
 (1607,605,1154),
 (1608,605,1155),
 (1609,605,1156),
 (1610,605,1157),
 (1611,605,1158),
 (1612,605,1159),
 (1613,605,1160),
 (1614,605,1161),
 (1615,605,1162),
 (1616,605,1163),
 (1617,605,1164),
 (1618,605,1165),
 (1619,605,1166),
 (1620,605,1167),
 (1621,605,1168),
 (1622,605,1169),
 (1623,605,1170),
 (1624,605,1171),
 (1625,605,1172),
 (1626,605,1173),
 (1627,605,1174),
 (1628,605,1175),
 (1629,605,1176),
 (1630,605,1177),
 (1631,605,1178),
 (1632,605,1179),
 (1633,606,1120),
 (1634,606,1132),
 (1635,606,1180),
 (1636,606,1133),
 (1637,606,1134),
 (1638,606,1181),
 (1639,606,1137),
 (1640,606,1182),
 (1641,606,1183),
 (1642,606,1184),
 (1643,606,1185),
 (1644,606,1186),
 (1645,606,1187),
 (1646,606,1188),
 (1647,606,1189),
 (1648,606,1190),
 (1649,606,1191),
 (1650,606,1192),
 (1651,606,1193),
 (1652,606,1194),
 (1653,606,1195),
 (1654,606,1196),
 (1655,606,1197),
 (1656,606,1147),
 (1657,606,1198),
 (1658,606,1199),
 (1659,606,1200),
 (1660,606,1201),
 (1661,606,1202),
 (1662,606,1203),
 (1663,606,1204),
 (1664,606,1205),
 (1665,606,1206),
 (1666,606,1207),
 (1667,606,1208),
 (1668,606,1209),
 (1669,606,1210),
 (1670,606,1211),
 (1671,606,1212),
 (1672,606,1213),
 (1673,606,1214),
 (1674,606,1215),
 (1675,606,1216),
 (1676,606,1217),
 (1677,606,1218),
 (1678,606,1152),
 (1679,606,1219),
 (1680,606,1220),
 (1681,606,1153),
 (1682,606,1221),
 (1683,606,1222),
 (1684,606,1223),
 (2203,620,1579),
 (2205,621,1581),
 (2202,620,1578),
 (2201,620,1577),
 (2204,620,1580),
 (1690,608,1132),
 (1691,608,1227),
 (1692,608,1134),
 (1693,608,1122),
 (1694,608,1228),
 (1695,608,1135),
 (1696,608,1229),
 (1697,608,1137),
 (1698,608,1230),
 (1699,608,1231),
 (1700,608,1139),
 (1701,608,1232),
 (1702,608,1233),
 (1703,608,1234),
 (1704,608,1235),
 (1705,608,1236),
 (1706,608,1237),
 (1707,608,1238),
 (1708,608,1239),
 (1709,608,1240),
 (1710,608,1241),
 (1711,608,1242),
 (1712,608,1201),
 (1713,608,1025),
 (1714,608,1243),
 (1715,608,1154),
 (1716,608,1244),
 (1717,608,1245),
 (1718,608,1246),
 (1719,608,1247),
 (1720,609,1132),
 (1721,609,1133),
 (1722,609,1228),
 (1723,609,1181),
 (1724,609,1136),
 (1725,609,1248),
 (1726,609,1249),
 (1727,609,1230),
 (1728,609,1141),
 (1729,609,1250),
 (1730,609,1224),
 (1731,609,1251),
 (1732,609,1252),
 (1733,609,1253),
 (1734,609,1254),
 (1735,609,1255),
 (1736,609,1256),
 (1737,609,1239),
 (1738,609,1257),
 (1739,609,1241),
 (1740,609,1242),
 (1741,609,1199),
 (1742,609,1025),
 (1743,609,1258),
 (1744,609,1259),
 (1745,609,1260),
 (1746,609,1261),
 (1747,609,1262),
 (1748,609,1263),
 (1749,609,1264),
 (1750,609,1265),
 (1751,609,1266),
 (1752,609,1267),
 (1753,609,1268),
 (1754,609,1269),
 (1755,609,1270),
 (1756,609,1271),
 (1757,609,1272),
 (1758,609,1273),
 (1759,609,1274),
 (1760,609,1275),
 (1761,609,1276),
 (1762,609,1277),
 (1763,609,1278),
 (1764,609,1279),
 (1765,609,1280),
 (1766,609,1281),
 (1767,609,1282),
 (1768,609,1283),
 (1769,609,1284),
 (1770,609,1285),
 (1771,609,1286),
 (1772,609,1287),
 (1773,609,1288),
 (1774,609,1289),
 (1775,609,1290),
 (1776,609,1291),
 (1777,609,1292),
 (1778,609,1293),
 (1779,609,1294),
 (1780,609,1295),
 (1781,609,1296),
 (1782,609,1297),
 (1783,609,1298),
 (1784,610,1120),
 (1785,610,1180),
 (1786,610,1133),
 (1787,610,1134),
 (1788,610,1122),
 (1789,610,1228),
 (1790,610,1136),
 (1791,610,1299),
 (1792,610,1300),
 (1793,610,1182),
 (1794,610,1301),
 (1795,610,1139),
 (1796,610,1302),
 (1797,610,1141),
 (1798,610,1250),
 (1799,610,1303),
 (1800,610,1193),
 (1801,610,1304),
 (1802,610,1305),
 (1803,610,1306),
 (1804,610,1307),
 (1805,610,1252),
 (1806,610,1308),
 (1807,610,1071),
 (1808,610,1309),
 (1809,610,1310),
 (1810,610,1241),
 (1811,610,1311),
 (1812,610,1242),
 (1813,610,1211),
 (1814,610,1312),
 (1815,610,1313),
 (1816,610,1314),
 (1817,610,1315),
 (1818,610,1316),
 (1819,610,1317),
 (1820,610,1277),
 (1821,610,1318),
 (1822,610,1319),
 (1823,610,1320),
 (1824,610,1321),
 (1825,610,1322),
 (1826,610,1323),
 (1827,610,1324),
 (1828,610,1325),
 (1829,610,1326),
 (1830,610,1327),
 (1831,610,1328),
 (1832,610,1329),
 (1833,610,1330),
 (1834,610,1331),
 (1835,610,1332),
 (1836,610,1333),
 (1837,610,1334),
 (1838,610,1335),
 (1839,610,1336),
 (1840,610,1337),
 (1841,610,1338),
 (1842,610,1339),
 (1843,610,1340),
 (1844,610,1341),
 (1845,610,1342),
 (1846,610,1343),
 (1847,610,1344),
 (1848,610,1345),
 (1849,610,1346),
 (1850,610,1347),
 (1851,610,1348),
 (1852,611,1120),
 (1853,611,1349),
 (1854,611,1135),
 (1855,611,1136),
 (1856,611,1230),
 (1857,611,1350),
 (1858,611,1301),
 (1859,611,1351),
 (1860,611,1352),
 (1861,611,1143),
 (1862,611,1226),
 (1863,611,1353),
 (1864,611,1354),
 (1865,611,1150),
 (1866,611,1355),
 (1867,611,1211),
 (1868,611,1356),
 (1869,611,1357),
 (1870,611,1358),
 (1871,611,1359),
 (1872,611,1360),
 (1873,611,1361),
 (1874,611,1362),
 (1875,611,1363),
 (1876,611,1157),
 (1877,611,1364),
 (1878,611,1365),
 (1879,611,1366),
 (1880,611,1367),
 (1881,611,1368),
 (1882,611,1369),
 (1883,611,1370),
 (1884,611,1371),
 (1885,611,1372),
 (1886,611,1373),
 (1887,611,1374),
 (1888,611,1375),
 (1889,611,1376),
 (1890,611,1377),
 (1891,611,1378),
 (1892,611,1379),
 (1893,611,1380),
 (1894,611,1381),
 (1895,611,1382),
 (1896,612,1120),
 (1897,612,1349),
 (1898,612,1136),
 (1899,612,1230),
 (1900,612,1186),
 (1901,612,1139),
 (1902,612,1302),
 (1903,612,1141),
 (1904,612,1233),
 (1905,612,1383),
 (1906,612,1384),
 (1907,612,1032),
 (1908,612,1385),
 (1909,612,1386),
 (1910,612,1387),
 (1911,612,1388),
 (1912,612,1240),
 (1913,612,1357),
 (1914,612,1389),
 (1915,612,1390),
 (1916,612,1359),
 (1917,612,1391),
 (1918,612,1392),
 (1919,612,1393),
 (1920,612,1247),
 (1921,612,1297),
 (1922,612,1394),
 (1923,612,1003),
 (1924,612,1395),
 (1925,612,1396),
 (1926,612,1397),
 (1927,612,1398),
 (1928,612,1399),
 (1929,612,1400),
 (1930,612,1401),
 (1931,612,1372),
 (1932,612,1374),
 (1933,612,1402),
 (1934,612,1403),
 (1935,612,1404),
 (1936,612,1405),
 (1937,612,1406),
 (1938,612,1407),
 (1939,612,1408),
 (1940,612,1409),
 (1941,612,1410),
 (1942,612,1411),
 (1943,613,1120),
 (1944,613,1193),
 (1945,613,1412),
 (1946,613,1413),
 (1947,613,1414),
 (1948,614,1141),
 (1949,614,1415),
 (1950,614,1416),
 (1951,614,1417),
 (1952,616,1120),
 (1953,616,1418),
 (1954,616,1228),
 (1955,616,1181),
 (1956,616,1135),
 (1957,616,1419),
 (1958,616,1137),
 (1959,616,1420),
 (1960,616,1301),
 (1961,616,1421),
 (1962,616,1141),
 (1963,616,1188),
 (1964,616,1422),
 (1965,616,1233),
 (1966,616,1303),
 (1967,616,1352),
 (1968,616,1423),
 (1969,616,1192),
 (1970,616,1193),
 (1971,616,1424),
 (1972,616,1425),
 (1973,616,1426),
 (1974,616,1427),
 (1975,616,1428),
 (1976,616,1254),
 (1977,616,1429),
 (1978,616,1430),
 (1979,616,1431),
 (1980,616,1432),
 (1981,616,1433),
 (1982,616,1434),
 (1983,616,1435),
 (1984,616,1016),
 (1985,616,1393),
 (1986,616,1330),
 (1987,616,1436),
 (1988,616,1437),
 (1989,616,1438),
 (1990,616,1439),
 (1991,616,1440),
 (1992,616,1441),
 (1993,616,1442),
 (1994,616,1443),
 (1995,616,1444),
 (1996,616,1445),
 (1997,616,1446),
 (1998,616,1447),
 (1999,616,1448),
 (2000,616,1099),
 (2001,616,1449),
 (2002,616,1450),
 (2003,616,1451),
 (2004,616,1452),
 (2005,616,1453),
 (2006,616,1454),
 (2007,616,1455),
 (2008,616,1456),
 (2009,616,1457),
 (2010,617,1120),
 (2011,617,1418),
 (2012,617,1134),
 (2013,617,1228),
 (2014,617,1181),
 (2015,617,1419),
 (2016,617,1121),
 (2017,617,1300),
 (2018,617,1137),
 (2019,617,1301),
 (2020,617,1141),
 (2021,617,1250),
 (2022,617,1303),
 (2023,617,1458),
 (2024,617,1143),
 (2025,617,1423),
 (2026,617,1192),
 (2027,617,1193),
 (2028,617,1459),
 (2029,617,1308),
 (2030,617,1460),
 (2031,617,1461),
 (2032,617,1433),
 (2033,617,1016),
 (2034,617,1462),
 (2035,617,1313),
 (2036,617,1463),
 (2037,617,1315),
 (2038,617,1291),
 (2039,617,1295),
 (2040,617,1297),
 (2041,617,1323),
 (2042,617,1464),
 (2043,617,1465),
 (2044,617,1466),
 (2045,617,1415),
 (2046,617,1362),
 (2047,617,1467),
 (2048,617,1468),
 (2049,617,1469),
 (2050,617,1470),
 (2051,617,1471),
 (2052,617,1472),
 (2053,617,1473),
 (2054,617,1474),
 (2055,617,1475),
 (2056,617,1476),
 (2057,617,1477),
 (2058,617,1478),
 (2059,617,1479),
 (2060,617,1480),
 (2061,617,1481),
 (2062,617,1482),
 (2063,617,1483),
 (2064,617,1484),
 (2065,617,1485),
 (2066,617,1486),
 (2067,617,1487),
 (2068,617,1488),
 (2069,617,1489),
 (2070,617,1490),
 (2071,617,1491),
 (2072,617,1492),
 (2073,618,1120),
 (2074,618,1132),
 (2075,618,1493),
 (2076,618,1180),
 (2077,618,1122),
 (2078,618,1228),
 (2079,618,1136),
 (2080,618,1300),
 (2081,618,1494),
 (2082,618,1495),
 (2083,618,1307),
 (2084,618,1496),
 (2085,618,1253),
 (2086,618,1497),
 (2087,618,1239),
 (2088,618,1498),
 (2089,618,1499),
 (2090,618,1241),
 (2091,618,1500),
 (2092,618,1501),
 (2093,618,1502),
 (2094,618,1271),
 (2095,618,1503),
 (2096,618,1504),
 (2097,618,1505),
 (2098,618,1506),
 (2099,618,1507),
 (2100,618,1508),
 (2101,618,1509),
 (2102,618,1510),
 (2103,618,1511),
 (2104,618,1512),
 (2105,618,1513),
 (2106,618,1514),
 (2107,618,1515),
 (2108,618,1516),
 (2109,618,1517),
 (2110,618,1518),
 (2111,618,1519),
 (2112,618,1520),
 (2113,618,1521),
 (2114,618,1522),
 (2115,618,1523),
 (2116,618,1524),
 (2117,618,1525),
 (2118,618,1526),
 (2119,618,1527),
 (2120,618,1528),
 (2121,618,1529),
 (2122,618,1530),
 (2123,618,1394),
 (2124,618,1531),
 (2125,618,1532),
 (2126,618,1533),
 (2127,618,1534),
 (2128,618,1535),
 (2129,618,1536),
 (2130,618,1537),
 (2131,618,1538),
 (2132,618,1539),
 (2133,618,1540),
 (2134,618,1541),
 (2135,618,1542),
 (2136,618,1543),
 (2137,618,1544),
 (2138,618,1545),
 (2139,619,1120),
 (2140,619,1181),
 (2141,619,1136),
 (2142,619,1546),
 (2143,619,1547),
 (2144,619,1137),
 (2145,619,1548),
 (2146,619,1230),
 (2147,619,1231),
 (2148,619,1186),
 (2149,619,1141),
 (2150,619,1232),
 (2151,619,1351),
 (2152,619,1549),
 (2153,619,1250),
 (2154,619,1303),
 (2155,619,1383),
 (2156,619,1550),
 (2157,619,1551),
 (2158,619,1143),
 (2159,619,1385),
 (2160,619,1193),
 (2161,619,1552),
 (2162,619,1553),
 (2163,619,1554),
 (2164,619,1555),
 (2165,619,1254),
 (2166,619,1196),
 (2167,619,1257),
 (2168,619,1353),
 (2169,619,1556),
 (2170,619,1557),
 (2171,619,1388),
 (2172,619,1558),
 (2173,619,1309),
 (2174,619,1197),
 (2175,619,1147),
 (2176,619,1393),
 (2177,619,1247),
 (2178,619,1559),
 (2179,619,1335),
 (2180,619,1464),
 (2181,619,1560),
 (2182,619,1561),
 (2183,619,1562),
 (2184,619,1563),
 (2185,619,1564),
 (2186,619,1565),
 (2187,619,1395),
 (2188,619,1364),
 (2189,619,1566),
 (2190,619,1567),
 (2191,619,1568),
 (2192,619,1569),
 (2193,619,1570),
 (2194,619,1571),
 (2195,619,1158),
 (2196,619,1572),
 (2197,619,1573),
 (2198,619,1574),
 (2199,619,1575),
 (2200,619,1576);
UNLOCK TABLES;
/*!40000 ALTER TABLE `tbl_video_tags_lookup` ENABLE KEYS */;


--
-- Definition of table `agsi`.`tbl_yumtextsettings`
--

DROP TABLE IF EXISTS `agsi`.`tbl_yumtextsettings`;
CREATE TABLE  `agsi`.`tbl_yumtextsettings` (
  `id` int(11) NOT NULL AUTO_INCREMENT,
  `language` enum('en_us','de','fr','pl','ru','es','ro') NOT NULL DEFAULT 'en_us',
  `text_email_registration` text,
  `subject_email_registration` text,
  `text_email_recovery` text,
  `text_email_activation` text,
  `text_friendship_new` text,
  `text_friendship_confirmed` text,
  `text_profilecomment_new` text,
  `text_message_new` text,
  `text_membership_ordered` text,
  `text_payment_arrived` text,
  PRIMARY KEY (`id`)
) ENGINE=InnoDB AUTO_INCREMENT=6 DEFAULT CHARSET=utf8;

--
-- Dumping data for table `agsi`.`tbl_yumtextsettings`
--

/*!40000 ALTER TABLE `tbl_yumtextsettings` DISABLE KEYS */;
LOCK TABLES `tbl_yumtextsettings` WRITE;
INSERT INTO `agsi`.`tbl_yumtextsettings` VALUES  (1,'en_us','You have registered for this Application. To confirm your E-Mail address, please visit {activation_url}','You have registered for an application','You have requested a new Password. To set your new Password,\n										please go to {activation_url}','Your account has been activated. Thank you for your registration.','New friendship Request from {username}: {message}. To accept or ignore this request, go to your friendship page: {link_friends} or go to your profile: {link_profile}','The User {username} has accepted your friendship request','You have a new profile comment from {username}: {message} visit your profile: {link_profile}','You have received a new message from {username}: {message}','Your order of membership {membership} on {order_date} has been taken. Your order Number is {id}. You have choosen the payment style {payment}.','Your payment has been received on {payment_date} and your Membership {id} is now active'),
 (2,'de','Sie haben sich fr unsere Applikation registriert. Bitte besttigen Sie ihre E-Mail adresse mit diesem Link: {activation_url}','Sie haben sich fr eine Applikation registriert.','Sie haben ein neues Passwort angefordert. Bitte klicken Sie diesen link: {activation_url}','Ihr Konto wurde freigeschaltet.','Der Benutzer {username} hat Ihnen eine Freundschaftsanfrage gesendet. \n\n							 Nachricht: {message}\n\n							 Klicken sie <a href=\"{link_friends}\">hier</a>, um diese Anfrage zu besttigen oder zu ignorieren. Alternativ knnen sie <a href=\"{link_profile}\">hier</a> auf ihre Profilseite zugreifen.','Der Benutzer {username} hat ihre Freundschaftsanfrage besttigt.','\n							 Benutzer {username} hat Ihnen eine Nachricht auf Ihrer Pinnwand hinterlassen: \n\n							 {message}\n\n							 <a href=\"{link}\">hier</a> geht es direkt zu Ihrer Pinnwand!','Sie haben eine neue Nachricht von {username} bekommen: {message}','Ihre Bestellung der Mitgliedschaft {membership} wurde am {order_date} entgegen genommen. Die gewhlte Zahlungsart ist {payment}. Die Auftragsnummer lautet {id}.','Ihre Zahlung wurde am {payment_date} entgegen genommen. Ihre Mitgliedschaft mit der Nummer {id} ist nun Aktiv.'),
 (3,'es','Te has registrado en esta aplicacin. Para confirmar tu direccin de correo electrnico, por favor, visita {activation_url}.','Te has registrado en esta aplicacin.','Has solicitado una nueva contrasea. Para establecer una nueva contrasea, por favor ve a {activation_url}','Tu cuenta ha sido activada. Gracias por registrarte.','Has recibido una nueva solicitud de amistad de {user_from}: {message} Ve a tus contactos: {link}','Tienes un nuevo comentario en tu perfil de {username}: {message} visita tu perfil: {link}','Please translatore thisse hiere toh tha espagnola langsch {username}','Has recibido un mensaje de {username}: {message}','Tu orden de membresa {membership} de fecha {order_date} fu tomada. Tu nmero de orden es {id}. Escogiste como modo de pago {payment}.','Tu pago fu recibido en fecha {payment_date}. Ahora tu Membresa {id} ya est activa'),
 (4,'fr','','','','','','','','','',''),
 (5,'ro','','','','','','','','','','');
UNLOCK TABLES;
/*!40000 ALTER TABLE `tbl_yumtextsettings` ENABLE KEYS */;




/*!40101 SET SQL_MODE=@OLD_SQL_MODE */;
/*!40014 SET FOREIGN_KEY_CHECKS=@OLD_FOREIGN_KEY_CHECKS */;
/*!40014 SET UNIQUE_CHECKS=@OLD_UNIQUE_CHECKS */;
/*!40101 SET CHARACTER_SET_CLIENT=@OLD_CHARACTER_SET_CLIENT */;
/*!40101 SET CHARACTER_SET_RESULTS=@OLD_CHARACTER_SET_RESULTS */;
/*!40101 SET COLLATION_CONNECTION=@OLD_COLLATION_CONNECTION */;
/*!40101 SET CHARACTER_SET_CLIENT=@OLD_CHARACTER_SET_CLIENT */;
